timestamp,cpu_percent,memory_mb,memory_percent,gpu_memory_mb,gpu_percent,temperature_c
1762969407.742831,20.0,3027.703125,85.4,1816.621875,0.0,0.0
1762969407.898647,0.0,3032.875,85.5,1819.725,0.0,0.0
1762969408.064605,0.0,3032.875,85.5,1819.725,0.0,0.0
1762969408.280094,0.0,3032.875,85.5,1819.725,0.0,0.0
1762969408.415072,0.0,3032.875,85.5,1819.725,0.0,0.0
1762969408.5551538,0.0,3032.875,85.5,1819.725,0.0,0.0
1762969408.684483,12.5,5406.28125,91.8,3243.7687499999997,0.0,0.0
1762969408.808363,0.0,5416.46875,91.9,3249.88125,0.0,0.0
1762969408.933665,0.0,5437.84375,92.2,3262.7062499999997,0.0,0.0
1762969409.0622022,0.0,5507.28125,93.1,3304.36875,0.0,0.0
1762969409.186581,0.0,5498.46875,93.1,3299.0812499999997,0.0,0.0
1762969409.342129,0.0,5734.703125,95.7,3440.821875,0.0,0.0
1762969410.348149,0.0,6174.890625,98.5,3704.934375,0.0,0.0
1762969410.556654,10.0,5279.34375,84.4,3167.60625,0.0,0.0
1762969410.688573,10.0,5295.921875,84.6,3177.553125,0.0,0.0
1762969410.8887172,36.4,5570.890625,93.2,3342.5343749999997,0.0,0.0
1762969411.0786712,30.0,5566.671875,93.0,3340.0031249999997,0.0,0.0
1762969411.210598,0.0,5586.03125,93.1,3351.61875,0.0,0.0
1762969411.5310779,0.0,5597.375,93.3,3358.4249999999997,0.0,0.0
1762969411.679633,35.7,5614.6875,93.4,3368.8125,0.0,0.0
1762969411.818918,33.3,5596.5625,93.4,3357.9375,0.0,0.0
1762969411.962792,27.3,5609.203125,93.5,3365.521875,0.0,0.0
1762969412.0901172,0.0,5603.734375,93.3,3362.240625,0.0,0.0
1762969412.2165928,0.0,5613.015625,93.4,3367.809375,0.0,0.0
1762969412.3447082,0.0,5604.578125,93.5,3362.746875,0.0,0.0
1762969412.489109,0.0,5604.578125,93.5,3362.746875,0.0,0.0
1762969412.645033,0.0,5604.578125,93.5,3362.746875,0.0,0.0
1762969412.774506,33.3,5807.6875,93.9,3484.6124999999997,0.0,0.0
1762969412.907438,0.0,5832.390625,94.2,3499.434375,0.0,0.0
1762969413.0366132,0.0,5875.578125,94.4,3525.3468749999997,0.0,0.0
1762969413.162709,0.0,5885.484375,94.5,3531.290625,0.0,0.0
1762969413.2876968,0.0,5885.484375,94.5,3531.290625,0.0,0.0
1762969413.412765,0.0,5885.484375,94.5,3531.290625,0.0,0.0
1762969413.5374851,0.0,5885.484375,94.5,3531.290625,0.0,0.0
1762969413.667105,0.0,5885.484375,94.5,3531.290625,0.0,0.0
1762969413.7967942,33.3,5985.96875,94.6,3591.5812499999997,0.0,0.0
1762969413.923724,14.3,6025.328125,94.8,3615.196875,0.0,0.0
1762969414.046693,0.0,6054.78125,95.1,3632.86875,0.0,0.0
1762969414.1679502,16.7,6067.140625,94.9,3640.2843749999997,0.0,0.0
1762969414.297163,14.3,6062.046875,94.8,3637.228125,0.0,0.0
1762969414.418036,0.0,5980.875,93.8,3588.525,0.0,0.0
1762969414.550892,0.0,5783.796875,91.6,3470.278125,0.0,0.0
1762969414.677036,0.0,5097.109375,84.9,3058.265625,0.0,0.0
1762969414.862779,30.0,4739.671875,88.4,2843.803125,0.0,0.0
1762969414.986162,18.2,4608.21875,90.0,2764.93125,0.0,0.0
1762969415.111536,0.0,4627.515625,90.2,2776.509375,0.0,0.0
1762969415.2456791,11.1,4649.0625,90.5,2789.4375,0.0,0.0
1762969415.37076,0.0,4649.0625,90.5,2789.4375,0.0,0.0
1762969415.494001,0.0,4649.0625,90.5,2789.4375,0.0,0.0
1762969415.621918,0.0,4649.0625,90.5,2789.4375,0.0,0.0
1762969416.052428,0.0,4649.0625,90.5,2789.4375,0.0,0.0
1762969416.1790311,11.1,5390.53125,93.1,3234.31875,0.0,0.0
1762969416.306837,0.0,5410.484375,92.4,3246.290625,0.0,0.0
1762969416.4354,0.0,5442.0,92.1,3265.2,0.0,0.0
1762969416.562846,0.0,5910.984375,92.4,3546.590625,0.0,0.0
1762969416.704331,0.0,6455.296875,92.6,3873.178125,0.0,0.0
1762969416.8857548,0.0,6779.984375,95.6,4067.990625,0.0,0.0
1762969417.013616,0.0,6754.703125,95.4,4052.8218749999996,0.0,0.0
1762969417.210921,0.0,6754.703125,95.4,4052.8218749999996,0.0,0.0
1762969417.349392,46.7,6672.984375,94.8,4003.7906249999996,0.0,0.0
1762969417.472327,0.0,6288.09375,91.1,3772.85625,0.0,0.0
1762969417.598188,0.0,6476.40625,93.1,3885.84375,0.0,0.0
1762969417.7237408,0.0,6458.703125,92.8,3875.2218749999997,0.0,0.0
1762969417.863471,0.0,6407.3125,92.2,3844.3875,0.0,0.0
1762969417.990483,0.0,6090.03125,88.7,3654.0187499999997,0.0,0.0
1762969418.2202282,0.0,6102.421875,89.0,3661.453125,0.0,0.0
1762969418.358167,11.1,6142.09375,89.4,3685.25625,0.0,0.0
1762969418.482032,33.3,6063.59375,88.3,3638.15625,0.0,0.0
1762969418.606654,20.0,6063.59375,88.3,3638.15625,0.0,0.0
1762969418.730313,10.0,6063.59375,88.3,3638.15625,0.0,0.0
1762969418.861245,0.0,6063.59375,88.3,3638.15625,0.0,0.0
1762969418.985429,0.0,6063.59375,88.3,3638.15625,0.0,0.0
1762969419.1089249,0.0,6063.59375,88.3,3638.15625,0.0,0.0
1762969419.233085,0.0,6063.59375,88.3,3638.15625,0.0,0.0
1762969419.3765602,18.2,5261.8125,78.5,3157.0875,0.0,0.0
1762969419.500601,0.0,5277.515625,78.7,3166.509375,0.0,0.0
1762969419.624525,0.0,5319.984375,79.2,3191.990625,0.0,0.0
1762969419.7749262,10.0,5337.34375,79.4,3202.40625,0.0,0.0
1762969419.9011462,0.0,5205.390625,81.4,3123.234375,0.0,0.0
1762969420.029357,0.0,5196.171875,81.5,3117.703125,0.0,0.0
1762969420.154748,0.0,5122.609375,83.0,3073.5656249999997,0.0,0.0
1762969420.283413,0.0,5116.984375,83.6,3070.1906249999997,0.0,0.0
1762969420.419667,0.0,5140.921875,84.0,3084.553125,0.0,0.0
1762969420.557906,0.0,4863.21875,88.0,2917.93125,0.0,0.0
1762969420.700246,0.0,4863.21875,88.0,2917.93125,0.0,0.0
1762969420.824736,0.0,4863.21875,88.0,2917.93125,0.0,0.0
1762969421.104578,0.0,4863.21875,88.0,2917.93125,0.0,0.0
1762969421.230538,0.0,4863.21875,88.0,2917.93125,0.0,0.0
1762969421.4391391,0.0,4863.21875,88.0,2917.93125,0.0,0.0
1762969421.595445,40.0,6114.3125,96.6,3668.5875,0.0,0.0
1762969421.7199638,0.0,6288.171875,95.2,3772.903125,0.0,0.0
1762969421.8494852,0.0,6362.71875,96.0,3817.63125,0.0,0.0
1762969422.054691,0.0,6361.59375,95.7,3816.9562499999997,0.0,0.0
1762969422.187115,0.0,6416.0625,96.0,3849.6375,0.0,0.0
1762969422.336425,0.0,6454.03125,96.1,3872.41875,0.0,0.0
1762969422.466166,0.0,6453.3125,96.1,3871.9874999999997,0.0,0.0
1762969422.623689,30.0,6471.265625,96.2,3882.7593749999996,0.0,0.0
1762969422.765943,14.3,6428.546875,95.3,3857.1281249999997,0.0,0.0
1762969423.0755079,30.0,6428.546875,95.3,3857.1281249999997,0.0,0.0
1762969423.2080781,27.3,6428.546875,95.3,3857.1281249999997,0.0,0.0
1762969423.33065,0.0,6428.546875,95.3,3857.1281249999997,0.0,0.0
1762969423.456269,0.0,6428.546875,95.3,3857.1281249999997,0.0,0.0
1762969423.592152,23.8,6428.546875,95.3,3857.1281249999997,0.0,0.0
1762969423.720513,18.2,6299.4375,95.0,3779.6625,0.0,0.0
1762969423.84256,0.0,6305.0,95.1,3783.0,0.0,0.0
1762969424.0124412,0.0,6212.546875,93.9,3727.528125,0.0,0.0
1762969424.172431,0.0,6212.546875,93.9,3727.528125,0.0,0.0
1762969424.344492,0.0,6212.546875,93.9,3727.528125,0.0,0.0
1762969424.501893,0.0,6212.546875,93.9,3727.528125,0.0,0.0
1762969424.638664,33.3,6212.546875,93.9,3727.528125,0.0,0.0
1762969424.826463,25.0,5492.421875,91.4,3295.453125,0.0,0.0
1762969425.028012,50.0,5604.796875,95.8,3362.8781249999997,0.0,0.0
1762969425.1710222,36.4,6093.578125,96.2,3656.146875,0.0,0.0
1762969425.3346272,33.3,6187.765625,95.5,3712.6593749999997,0.0,0.0
1762969425.463687,0.0,6187.765625,95.5,3712.6593749999997,0.0,0.0
1762969425.595744,0.0,6187.765625,95.5,3712.6593749999997,0.0,0.0
1762969425.719888,25.0,6187.765625,95.5,3712.6593749999997,0.0,0.0
1762969425.867641,0.0,6273.671875,95.5,3764.203125,0.0,0.0
1762969425.991329,0.0,6234.59375,95.1,3740.75625,0.0,0.0
1762969426.16518,0.0,6035.8125,92.8,3621.4874999999997,0.0,0.0
1762969426.296319,0.0,5446.15625,93.3,3267.69375,0.0,0.0
1762969426.4181151,0.0,5457.265625,93.0,3274.359375,0.0,0.0
1762969426.556917,0.0,5457.265625,93.0,3274.359375,0.0,0.0
1762969426.751158,0.0,5457.265625,93.0,3274.359375,0.0,0.0
1762969427.16734,0.0,6419.875,94.2,3851.9249999999997,0.0,0.0
1762969427.3187,0.0,6468.984375,94.9,3881.390625,0.0,0.0
1762969427.450412,25.0,6468.984375,94.9,3881.390625,0.0,0.0
1762969427.578188,0.0,6468.984375,94.9,3881.390625,0.0,0.0
1762969427.78997,0.0,6468.984375,94.9,3881.390625,0.0,0.0
1762969427.914801,22.2,5987.359375,90.0,3592.415625,0.0,0.0
1762969428.0422668,11.1,5907.15625,89.0,3544.29375,0.0,0.0
1762969428.1684968,35.7,5599.34375,85.2,3359.60625,0.0,0.0
1762969428.294864,20.0,5190.046875,80.2,3114.028125,0.0,0.0
1762969428.4191601,27.3,4779.3125,75.1,2867.5875,0.0,0.0
1762969428.5439239,0.0,4549.40625,72.3,2729.6437499999997,0.0,0.0
1762969428.6681988,0.0,4549.40625,72.3,2729.6437499999997,0.0,0.0
1762969428.7924218,0.0,4549.40625,72.3,2729.6437499999997,0.0,0.0
1762969428.917078,30.0,4566.046875,72.5,2739.6281249999997,0.0,0.0
1762969429.041446,25.0,4575.4375,72.6,2745.2625,0.0,0.0
1762969429.207412,0.0,4575.4375,72.6,2745.2625,0.0,0.0
1762969429.331462,0.0,4575.4375,72.6,2745.2625,0.0,0.0
1762969429.45501,0.0,4575.4375,72.6,2745.2625,0.0,0.0
1762969429.601465,0.0,4575.4375,72.6,2745.2625,0.0,0.0
1762969429.7260458,0.0,4575.4375,72.6,2745.2625,0.0,0.0
1762969429.8615701,0.0,4575.4375,72.6,2745.2625,0.0,0.0
1762969429.9874098,27.3,3969.65625,82.5,2381.79375,0.0,0.0
1762969430.111444,11.1,3876.375,83.5,2325.825,0.0,0.0
1762969430.235567,0.0,3918.8125,84.3,2351.2875,0.0,0.0
1762969430.360267,0.0,3927.796875,84.4,2356.678125,0.0,0.0
1762969430.483059,0.0,3935.28125,84.5,2361.16875,0.0,0.0
1762969430.607929,0.0,3954.4375,84.8,2372.6625,0.0,0.0
1762969430.76268,0.0,3961.5625,85.0,2376.9375,0.0,0.0
1762969430.941942,0.0,3991.96875,85.2,2395.18125,0.0,0.0
1762969431.067637,27.3,3927.765625,86.6,2356.6593749999997,0.0,0.0
1762969431.191446,10.0,3807.921875,88.1,2284.7531249999997,0.0,0.0
1762969431.314614,18.2,3804.03125,87.7,2282.41875,0.0,0.0
1762969431.43962,41.7,4150.84375,87.8,2490.50625,0.0,0.0
1762969431.564825,0.0,4640.625,88.0,2784.375,0.0,0.0
1762969431.6888971,0.0,4836.6875,91.0,2902.0125,0.0,0.0
1762969431.852598,0.0,4836.6875,91.0,2902.0125,0.0,0.0
1762969431.9983559,0.0,4836.6875,91.0,2902.0125,0.0,0.0
1762969432.1260648,20.0,6171.703125,96.4,3703.021875,0.0,0.0
1762969432.250147,20.0,6197.265625,96.0,3718.359375,0.0,0.0
1762969432.384403,0.0,6279.5,95.8,3767.7,0.0,0.0
1762969432.548579,0.0,6295.453125,95.2,3777.271875,0.0,0.0
1762969432.679532,0.0,5867.390625,90.3,3520.434375,0.0,0.0
1762969432.808254,0.0,5703.171875,92.7,3421.903125,0.0,0.0
1762969432.931666,0.0,5594.40625,93.4,3356.6437499999997,0.0,0.0
1762969433.0550451,0.0,5610.90625,93.6,3366.54375,0.0,0.0
1762969433.1941671,20.0,5614.421875,93.6,3368.653125,0.0,0.0
1762969433.319255,50.0,4977.484375,89.0,2986.490625,0.0,0.0
1762969433.442558,0.0,4937.03125,89.4,2962.21875,0.0,0.0
1762969433.578039,0.0,4669.84375,86.1,2801.90625,0.0,0.0
1762969433.728794,0.0,4458.78125,83.5,2675.2687499999997,0.0,0.0
1762969433.8525162,0.0,4474.046875,83.8,2684.428125,0.0,0.0
1762969433.9760299,0.0,4474.046875,83.8,2684.428125,0.0,0.0
1762969434.1430988,0.0,4474.046875,83.8,2684.428125,0.0,0.0
1762969434.26638,20.0,4524.1875,84.3,2714.5125,0.0,0.0
1762969434.389554,0.0,4539.171875,84.5,2723.5031249999997,0.0,0.0
1762969434.53013,0.0,4534.984375,84.7,2720.990625,0.0,0.0
1762969434.6661398,0.0,4562.328125,84.9,2737.396875,0.0,0.0
1762969434.795112,0.0,4573.015625,85.0,2743.809375,0.0,0.0
1762969434.9187148,0.0,4573.015625,85.0,2743.809375,0.0,0.0
1762969435.166473,0.0,4573.015625,85.0,2743.809375,0.0,0.0
1762969435.307505,22.2,4570.875,86.3,2742.525,0.0,0.0
1762969435.515039,0.0,4502.546875,87.7,2701.528125,0.0,0.0
1762969435.675403,0.0,4526.1875,88.5,2715.7125,0.0,0.0
1762969435.798888,0.0,4445.625,89.9,2667.375,0.0,0.0
1762969435.932987,0.0,4445.984375,89.9,2667.590625,0.0,0.0
1762969436.05763,0.0,4468.171875,90.2,2680.903125,0.0,0.0
1762969436.1840482,0.0,4475.203125,90.0,2685.121875,0.0,0.0
1762969436.310115,30.0,4498.03125,90.1,2698.81875,0.0,0.0
1762969436.433892,11.1,4521.015625,90.3,2712.609375,0.0,0.0
1762969436.5623198,0.0,4521.015625,90.3,2712.609375,0.0,0.0
1762969436.687001,0.0,4521.015625,90.3,2712.609375,0.0,0.0
1762969436.8671691,0.0,4521.015625,90.3,2712.609375,0.0,0.0
1762969437.00246,0.0,4521.015625,90.3,2712.609375,0.0,0.0
1762969437.156856,0.0,4521.015625,90.3,2712.609375,0.0,0.0
1762969437.300148,16.9,4521.015625,90.3,2712.609375,0.0,0.0
1762969437.4328551,33.3,4670.640625,90.7,2802.384375,0.0,0.0
1762969437.569521,0.0,4772.109375,92.0,2863.265625,0.0,0.0
1762969437.767683,0.0,4969.59375,91.9,2981.75625,0.0,0.0
1762969437.923303,0.0,5791.203125,93.1,3474.7218749999997,0.0,0.0
1762969439.747565,0.0,6187.125,98.2,3712.2749999999996,0.0,0.0
1762969439.987537,57.1,5788.59375,94.6,3473.15625,0.0,0.0
1762969440.14752,30.8,6363.171875,95.1,3817.903125,0.0,0.0
1762969440.306415,0.0,6357.890625,95.2,3814.734375,0.0,0.0
1762969440.466027,0.0,6455.265625,95.5,3873.1593749999997,0.0,0.0
1762969440.649785,0.0,6754.90625,95.9,4052.94375,0.0,0.0
1762969440.881658,0.0,6893.28125,96.3,4135.96875,0.0,0.0
1762969441.054901,25.0,6738.109375,94.7,4042.865625,0.0,0.0
1762969441.296779,30.0,5559.578125,89.2,3335.746875,0.0,0.0
1762969442.162344,0.0,5236.390625,92.5,3141.834375,0.0,0.0
1762969442.6470568,25.0,5237.140625,92.1,3142.2843749999997,0.0,0.0
1762969442.780027,9.1,5198.8125,92.2,3119.2875,0.0,0.0
1762969442.945719,0.0,5226.4375,92.6,3135.8624999999997,0.0,0.0
1762969443.068553,0.0,5238.28125,92.4,3142.96875,0.0,0.0
1762969443.235575,0.0,5238.125,92.5,3142.875,0.0,0.0
1762969443.3635242,0.0,5226.265625,92.2,3135.759375,0.0,0.0
1762969443.4867709,0.0,5233.984375,92.5,3140.390625,0.0,0.0
1762969443.6946719,0.0,5256.046875,92.5,3153.6281249999997,0.0,0.0
1762969443.952627,0.0,5257.84375,92.3,3154.7062499999997,0.0,0.0
1762969444.09252,0.0,5252.15625,92.6,3151.29375,0.0,0.0
1762969444.220628,0.0,5255.28125,92.6,3153.16875,0.0,0.0
1762969444.344693,0.0,5279.484375,92.6,3167.6906249999997,0.0,0.0
1762969444.5879622,18.2,5281.921875,92.5,3169.153125,0.0,0.0
1762969444.714199,33.3,5298.515625,92.6,3179.109375,0.0,0.0
1762969444.836846,8.3,5301.796875,92.5,3181.078125,0.0,0.0
1762969444.960587,21.4,5321.3125,92.7,3192.7875,0.0,0.0
1762969445.143201,0.0,5321.046875,92.5,3192.6281249999997,0.0,0.0
1762969445.3580868,0.0,5344.578125,92.8,3206.746875,0.0,0.0
1762969445.52568,18.2,5347.171875,92.5,3208.303125,0.0,0.0
1762969445.649848,18.2,5380.46875,92.9,3228.28125,0.0,0.0
1762969445.7730439,20.0,5407.46875,93.3,3244.48125,0.0,0.0
1762969445.9631271,0.0,5421.4375,92.9,3252.8624999999997,0.0,0.0
1762969446.085929,20.0,5739.03125,93.0,3443.41875,0.0,0.0
1762969446.2767758,0.0,5770.3125,93.5,3462.1875,0.0,0.0
1762969446.401487,0.0,5779.328125,93.9,3467.5968749999997,0.0,0.0
1762969446.524351,42.9,5785.21875,94.1,3471.13125,0.0,0.0
1762969446.652879,18.2,5795.671875,94.1,3477.403125,0.0,0.0
1762969446.776449,22.2,5815.984375,94.2,3489.590625,0.0,0.0
1762969446.9925299,0.0,5828.953125,94.2,3497.371875,0.0,0.0
1762969447.1183228,27.3,5656.9375,92.1,3394.1625,0.0,0.0
1762969447.261733,0.0,5441.25,89.6,3264.75,0.0,0.0
1762969447.384521,0.0,5340.109375,88.6,3204.0656249999997,0.0,0.0
1762969447.507332,0.0,5342.828125,88.8,3205.696875,0.0,0.0
1762969447.6292732,30.0,5263.515625,90.1,3158.109375,0.0,0.0
1762969447.7643719,20.0,5094.34375,91.9,3056.60625,0.0,0.0
1762969447.94508,20.0,5099.796875,91.8,3059.8781249999997,0.0,0.0
1762969448.068112,0.0,5134.265625,92.2,3080.559375,0.0,0.0
1762969448.19068,0.0,5125.234375,91.8,3075.140625,0.0,0.0
1762969448.310535,0.0,5125.234375,91.8,3075.140625,0.0,0.0
1762969448.4347048,0.0,5125.234375,91.8,3075.140625,0.0,0.0
1762969448.5576289,0.0,5125.234375,91.8,3075.140625,0.0,0.0
1762969448.681479,45.5,5194.890625,92.8,3116.934375,0.0,0.0
1762969448.814124,15.4,5203.109375,92.1,3121.865625,0.0,0.0
1762969448.9373188,0.0,5235.484375,92.5,3141.290625,0.0,0.0
1762969449.061541,0.0,5235.484375,92.5,3141.290625,0.0,0.0
1762969449.184045,0.0,5235.484375,92.5,3141.290625,0.0,0.0
1762969449.327265,0.0,5235.484375,92.5,3141.290625,0.0,0.0
1762969449.451618,0.0,5235.484375,92.5,3141.290625,0.0,0.0
1762969449.574223,0.0,5235.484375,92.5,3141.290625,0.0,0.0
1762969449.720896,50.0,5316.4375,92.6,3189.8624999999997,0.0,0.0
1762969449.846014,0.0,5338.171875,92.7,3202.903125,0.0,0.0
1762969449.9906938,0.0,5333.890625,92.5,3200.334375,0.0,0.0
1762969450.1825678,0.0,5356.578125,92.8,3213.946875,0.0,0.0
1762969450.3055658,0.0,5390.3125,92.9,3234.1875,0.0,0.0
1762969450.429688,0.0,5405.609375,93.0,3243.365625,0.0,0.0
1762969450.553995,0.0,5417.25,93.0,3250.35,0.0,0.0
1762969450.678986,0.0,5399.40625,92.9,3239.6437499999997,0.0,0.0
1762969450.821579,22.2,5387.484375,92.8,3232.490625,0.0,0.0
1762969450.9654741,12.5,5577.984375,92.9,3346.790625,0.0,0.0
1762969451.100661,0.0,5838.1875,93.3,3502.9125,0.0,0.0
1762969451.2303932,0.0,5838.1875,93.3,3502.9125,0.0,0.0
1762969451.355019,0.0,5838.1875,93.3,3502.9125,0.0,0.0
1762969451.505753,0.0,5838.1875,93.3,3502.9125,0.0,0.0
1762969451.629429,0.0,5838.1875,93.3,3502.9125,0.0,0.0
1762969451.7560399,0.0,5838.1875,93.3,3502.9125,0.0,0.0
1762969451.9009438,18.2,5941.453125,94.6,3564.871875,0.0,0.0
1762969452.024447,36.4,5683.171875,91.4,3409.903125,0.0,0.0
1762969452.1491451,0.0,5444.75,88.8,3266.85,0.0,0.0
1762969452.271029,16.7,5282.078125,91.4,3169.246875,0.0,0.0
1762969452.40416,0.0,5181.90625,92.1,3109.1437499999997,0.0,0.0
1762969452.547559,0.0,5177.546875,92.1,3106.528125,0.0,0.0
1762969452.673745,0.0,5192.125,92.2,3115.275,0.0,0.0
1762969452.824973,0.0,5207.328125,93.1,3124.396875,0.0,0.0
1762969452.9538271,9.1,5215.09375,92.1,3129.05625,0.0,0.0
1762969453.0810502,0.0,5228.609375,92.3,3137.165625,0.0,0.0
1762969453.205245,11.1,5251.796875,92.6,3151.078125,0.0,0.0
1762969453.326853,0.0,5269.640625,92.9,3161.7843749999997,0.0,0.0
1762969453.449433,9.1,5274.734375,92.3,3164.840625,0.0,0.0
1762969453.5814452,0.0,5305.609375,92.8,3183.365625,0.0,0.0
1762969453.723215,0.0,5305.609375,92.8,3183.365625,0.0,0.0
1762969453.846047,0.0,5305.609375,92.8,3183.365625,0.0,0.0
1762969453.9960132,11.1,5346.53125,92.8,3207.91875,0.0,0.0
1762969454.120516,0.0,5368.578125,93.1,3221.146875,0.0,0.0
1762969454.243666,28.6,5352.828125,92.5,3211.696875,0.0,0.0
1762969454.3716228,11.1,5357.390625,92.5,3214.434375,0.0,0.0
1762969454.494228,11.1,5357.390625,92.5,3214.434375,0.0,0.0
1762969454.621061,0.0,5357.390625,92.5,3214.434375,0.0,0.0
1762969454.744389,0.0,5357.390625,92.5,3214.434375,0.0,0.0
1762969454.867315,0.0,5357.390625,92.5,3214.434375,0.0,0.0
1762969454.989107,0.0,5431.65625,93.0,3258.99375,0.0,0.0
1762969455.1120389,0.0,5453.515625,93.0,3272.109375,0.0,0.0
1762969455.318824,0.0,5453.515625,93.0,3272.109375,0.0,0.0
1762969455.46462,0.0,5453.515625,93.0,3272.109375,0.0,0.0
1762969455.595295,0.0,5453.515625,93.0,3272.109375,0.0,0.0
1762969455.7201018,0.0,5453.515625,93.0,3272.109375,0.0,0.0
1762969455.84896,0.0,5453.515625,93.0,3272.109375,0.0,0.0
1762969455.9724932,0.0,5453.515625,93.0,3272.109375,0.0,0.0
1762969456.098651,50.0,6377.71875,90.0,3826.63125,0.0,0.0
1762969456.229046,55.6,6126.359375,94.0,3675.8156249999997,0.0,0.0
1762969456.405529,0.0,6024.78125,94.7,3614.86875,0.0,0.0
1762969456.529972,0.0,6048.90625,95.0,3629.34375,0.0,0.0
1762969456.710738,0.0,5520.578125,89.0,3312.3468749999997,0.0,0.0
1762969456.8352509,0.0,5518.40625,89.1,3311.04375,0.0,0.0
1762969456.958857,0.0,5534.421875,89.3,3320.653125,0.0,0.0
1762969457.081957,0.0,5534.421875,89.3,3320.653125,0.0,0.0
1762969457.203983,18.2,5480.375,88.6,3288.225,0.0,0.0
1762969457.327137,0.0,5490.1875,88.7,3294.1124999999997,0.0,0.0
1762969457.45031,0.0,5504.125,88.9,3302.475,0.0,0.0
1762969457.573403,0.0,5513.90625,89.0,3308.34375,0.0,0.0
1762969457.696656,0.0,5522.890625,89.1,3313.734375,0.0,0.0
1762969457.820735,0.0,5520.515625,89.1,3312.309375,0.0,0.0
1762969457.943737,0.0,5548.546875,89.5,3329.1281249999997,0.0,0.0
1762969458.06646,0.0,5556.09375,89.6,3333.65625,0.0,0.0
1762969458.1891851,0.0,5562.75,89.7,3337.65,0.0,0.0
1762969458.312344,9.1,5572.765625,89.8,3343.6593749999997,0.0,0.0
1762969458.4361558,36.4,5591.921875,90.0,3355.153125,0.0,0.0
1762969458.557438,25.0,5596.265625,90.1,3357.759375,0.0,0.0
1762969458.6804311,0.0,5621.0,90.4,3372.6,0.0,0.0
1762969458.803626,0.0,5633.03125,90.5,3379.81875,0.0,0.0
1762969458.927219,0.0,5651.8125,90.8,3391.0875,0.0,0.0
1762969459.055557,0.0,5651.8125,90.8,3391.0875,0.0,0.0
1762969459.364506,0.0,5651.8125,90.8,3391.0875,0.0,0.0
1762969459.497059,11.1,6620.984375,95.6,3972.590625,0.0,0.0
1762969459.6299121,20.0,6803.421875,95.7,4082.053125,0.0,0.0
1762969459.782538,10.0,7004.390625,95.8,4202.634375,0.0,0.0
1762969459.9088378,11.1,7036.84375,96.2,4222.10625,0.0,0.0
1762969460.06543,0.0,7060.203125,96.5,4236.121875,0.0,0.0
1762969460.2445598,0.0,7060.203125,96.5,4236.121875,0.0,0.0
1762969460.38256,0.0,7060.203125,96.5,4236.121875,0.0,0.0
1762969460.581169,50.0,5352.5,93.4,3211.5,0.0,0.0
1762969460.713393,9.1,5360.40625,92.5,3216.24375,0.0,0.0
1762969460.851905,0.0,5373.125,92.6,3223.875,0.0,0.0
1762969460.9781919,0.0,5383.328125,92.8,3229.996875,0.0,0.0
1762969461.105176,0.0,5403.96875,93.1,3242.38125,0.0,0.0
1762969461.2297301,0.0,5399.625,92.7,3239.775,0.0,0.0
1762969461.436239,0.0,5418.046875,92.9,3250.828125,0.0,0.0
1762969461.565588,10.0,5429.625,92.7,3257.775,0.0,0.0
1762969461.727308,0.0,5442.8125,92.8,3265.6875,0.0,0.0
1762969461.849901,20.0,5442.8125,92.8,3265.6875,0.0,0.0
1762969461.97504,0.0,5442.8125,92.8,3265.6875,0.0,0.0
1762969462.098162,0.0,5442.8125,92.8,3265.6875,0.0,0.0
1762969462.297279,0.0,5442.8125,92.8,3265.6875,0.0,0.0
1762969462.432553,0.0,5442.8125,92.8,3265.6875,0.0,0.0
1762969462.557703,19.6,5442.8125,92.8,3265.6875,0.0,0.0
1762969462.686028,0.0,5862.90625,93.2,3517.74375,0.0,0.0
1762969462.80851,0.0,6064.484375,93.3,3638.6906249999997,0.0,0.0
1762969462.9401228,0.0,6071.40625,93.4,3642.84375,0.0,0.0
1762969463.105257,0.0,6079.4375,93.5,3647.6625,0.0,0.0
1762969463.228781,0.0,6091.625,93.6,3654.975,0.0,0.0
1762969463.396836,0.0,6096.21875,93.7,3657.73125,0.0,0.0
1762969463.521981,0.0,6091.28125,93.7,3654.7687499999997,0.0,0.0
1762969463.6486678,27.3,5687.1875,89.9,3412.3125,0.0,0.0
1762969463.771494,0.0,5389.671875,86.7,3233.803125,0.0,0.0
1762969463.8946838,27.3,5004.515625,82.6,3002.709375,0.0,0.0
1762969464.0178509,23.1,5004.515625,82.6,3002.709375,0.0,0.0
1762969464.2681558,0.0,5004.515625,82.6,3002.709375,0.0,0.0
1762969464.3882492,0.0,5004.515625,82.6,3002.709375,0.0,0.0
1762969464.511151,0.0,5004.515625,82.6,3002.709375,0.0,0.0
1762969464.6319628,0.0,5004.515625,82.6,3002.709375,0.0,0.0
1762969464.755563,22.2,5004.515625,82.6,3002.709375,0.0,0.0
1762969464.878987,0.0,5095.546875,83.8,3057.328125,0.0,0.0
1762969465.00195,0.0,5104.046875,83.9,3062.428125,0.0,0.0
1762969465.1251478,0.0,5122.765625,84.1,3073.6593749999997,0.0,0.0
1762969465.248841,0.0,5143.546875,84.4,3086.1281249999997,0.0,0.0
1762969465.377343,0.0,5200.640625,85.3,3120.384375,0.0,0.0
1762969465.5254788,0.0,5312.09375,92.2,3187.25625,0.0,0.0
1762969465.6918468,0.0,5314.34375,96.2,3188.60625,0.0,0.0
1762969465.822506,33.3,5740.515625,94.3,3444.309375,0.0,0.0
1762969465.9486022,11.1,5951.578125,93.9,3570.946875,0.0,0.0
1762969466.124129,0.0,6015.046875,94.7,3609.028125,0.0,0.0
1762969466.248308,11.1,6077.71875,95.4,3646.63125,0.0,0.0
1762969466.371788,0.0,6121.40625,95.8,3672.84375,0.0,0.0
1762969466.49737,0.0,6145.03125,94.9,3687.0187499999997,0.0,0.0
1762969466.619972,0.0,6146.5,94.9,3687.8999999999996,0.0,0.0
1762969466.7463381,0.0,6105.703125,94.5,3663.421875,0.0,0.0
1762969466.869288,0.0,6094.796875,94.7,3656.8781249999997,0.0,0.0
1762969467.008855,0.0,6113.46875,94.9,3668.0812499999997,0.0,0.0
1762969467.134134,0.0,6132.34375,95.2,3679.40625,0.0,0.0
1762969467.2654421,0.0,6137.46875,95.4,3682.48125,0.0,0.0
1762969467.4486349,0.0,6191.734375,95.2,3715.0406249999996,0.0,0.0
1762969467.585968,0.0,6219.359375,95.4,3731.615625,0.0,0.0
1762969467.709336,0.0,6262.96875,95.6,3757.78125,0.0,0.0
1762969467.83214,0.0,6309.015625,95.7,3785.4093749999997,0.0,0.0
1762969467.967943,20.0,6331.28125,95.8,3798.7687499999997,0.0,0.0
1762969468.098562,9.1,6346.140625,95.8,3807.684375,0.0,0.0
1762969468.225417,50.0,6728.28125,95.6,4036.96875,0.0,0.0
1762969468.34834,0.0,7061.5,96.0,4236.9,0.0,0.0
1762969468.474426,0.0,7061.5,96.0,4236.9,0.0,0.0
1762969468.602209,0.0,7061.5,96.0,4236.9,0.0,0.0
1762969468.749117,0.0,7061.5,96.0,4236.9,0.0,0.0
1762969468.9269319,0.0,7061.5,96.0,4236.9,0.0,0.0
1762969469.0538728,30.0,7061.5,96.0,4236.9,0.0,0.0
1762969469.176874,0.0,5628.875,90.3,3377.325,0.0,0.0
1762969469.315542,0.0,5412.453125,93.2,3247.4718749999997,0.0,0.0
1762969469.4399402,0.0,5416.421875,92.8,3249.853125,0.0,0.0
1762969469.565073,0.0,5422.046875,92.8,3253.228125,0.0,0.0
1762969469.6889348,0.0,5444.40625,93.2,3266.6437499999997,0.0,0.0
1762969469.826293,0.0,5430.90625,92.7,3258.54375,0.0,0.0
1762969469.948664,0.0,5437.46875,92.8,3262.48125,0.0,0.0
1762969470.08022,11.1,5437.46875,92.8,3262.48125,0.0,0.0
1762969470.204322,16.7,5453.859375,93.0,3272.3156249999997,0.0,0.0
1762969470.327314,0.0,5460.765625,93.1,3276.459375,0.0,0.0
1762969470.449795,0.0,5466.828125,93.2,3280.0968749999997,0.0,0.0
1762969470.572026,0.0,5466.828125,93.2,3280.0968749999997,0.0,0.0
1762969470.698174,0.0,5466.828125,93.2,3280.0968749999997,0.0,0.0
1762969470.827862,0.0,5466.828125,93.2,3280.0968749999997,0.0,0.0
1762969470.9545019,0.0,5466.828125,93.2,3280.0968749999997,0.0,0.0
1762969471.0845282,20.0,5466.828125,93.2,3280.0968749999997,0.0,0.0
1762969471.2646852,33.3,5403.625,92.5,3242.1749999999997,0.0,0.0
1762969471.394112,0.0,5426.9375,92.9,3256.1625,0.0,0.0
1762969471.5256052,0.0,5434.046875,93.0,3260.428125,0.0,0.0
1762969471.7601202,0.0,5479.046875,92.9,3287.428125,0.0,0.0
1762969471.8832572,0.0,5500.46875,93.3,3300.28125,0.0,0.0
1762969472.0162718,0.0,5511.734375,93.4,3307.040625,0.0,0.0
1762969472.167701,10.0,5525.515625,93.3,3315.309375,0.0,0.0
1762969472.339657,16.7,5518.21875,93.5,3310.93125,0.0,0.0
1762969472.475897,0.0,5515.875,93.2,3309.525,0.0,0.0
1762969472.6063318,0.0,5525.3125,93.3,3315.1875,0.0,0.0
1762969472.759778,0.0,5504.265625,93.2,3302.559375,0.0,0.0
1762969472.8867369,0.0,5514.296875,93.3,3308.578125,0.0,0.0
1762969473.0174248,0.0,5519.09375,93.0,3311.4562499999997,0.0,0.0
1762969473.141151,10.0,5516.890625,93.1,3310.134375,0.0,0.0
1762969473.263582,10.0,5516.890625,93.1,3310.134375,0.0,0.0
1762969473.387014,20.0,5527.1875,93.3,3316.3125,0.0,0.0
1762969473.509601,20.0,5963.515625,93.7,3578.109375,0.0,0.0
1762969473.659225,20.0,6453.515625,94.0,3872.109375,0.0,0.0
1762969473.794863,0.0,6513.390625,95.1,3908.0343749999997,0.0,0.0
1762969473.9307048,0.0,6516.25,95.7,3909.75,0.0,0.0
1762969474.07867,0.0,6532.046875,96.1,3919.2281249999996,0.0,0.0
1762969474.206623,28.6,6532.046875,96.1,3919.2281249999996,0.0,0.0
1762969474.3542058,50.0,6532.046875,96.1,3919.2281249999996,0.0,0.0
1762969474.486604,0.0,6589.296875,96.5,3953.578125,0.0,0.0
1762969474.636606,0.0,6610.125,96.6,3966.075,0.0,0.0
1762969474.835598,0.0,6613.8125,96.6,3968.2875,0.0,0.0
1762969475.400173,0.0,6618.5625,96.7,3971.1375,0.0,0.0
1762969475.5853271,25.0,6597.609375,96.3,3958.5656249999997,0.0,0.0
1762969475.716794,70.0,6570.34375,96.0,3942.2062499999997,0.0,0.0
1762969475.857792,37.5,6568.125,96.2,3940.875,0.0,0.0
1762969475.987373,0.0,6568.125,96.2,3940.875,0.0,0.0
1762969476.120008,0.0,6568.125,96.2,3940.875,0.0,0.0
1762969476.2571678,0.0,6568.125,96.2,3940.875,0.0,0.0
1762969476.382046,0.0,6568.125,96.2,3940.875,0.0,0.0
1762969476.577785,0.0,6568.125,96.2,3940.875,0.0,0.0
1762969476.734089,64.3,5947.453125,94.8,3568.4718749999997,0.0,0.0
1762969476.859442,60.0,5956.96875,94.9,3574.18125,0.0,0.0
1762969477.00866,11.1,5978.75,94.7,3587.25,0.0,0.0
1762969477.140369,0.0,5991.1875,94.8,3594.7125,0.0,0.0
1762969477.2671292,28.6,5991.1875,94.8,3594.7125,0.0,0.0
1762969477.392281,0.0,5991.1875,94.8,3594.7125,0.0,0.0
1762969477.544462,0.0,5991.1875,94.8,3594.7125,0.0,0.0
1762969477.688469,0.0,5991.1875,94.8,3594.7125,0.0,0.0
1762969477.848694,22.2,4445.40625,87.9,2667.24375,0.0,0.0
1762969477.9727921,25.0,4240.96875,89.1,2544.5812499999997,0.0,0.0
1762969478.0961542,0.0,4287.140625,89.7,2572.2843749999997,0.0,0.0
1762969478.2557352,0.0,4282.0625,89.3,2569.2374999999997,0.0,0.0
1762969478.3801012,0.0,4284.921875,89.3,2570.953125,0.0,0.0
1762969478.503357,0.0,4300.109375,89.4,2580.0656249999997,0.0,0.0
1762969478.628544,0.0,4309.828125,89.4,2585.896875,0.0,0.0
1762969478.768901,0.0,4309.828125,89.4,2585.896875,0.0,0.0
1762969478.899638,33.3,4327.109375,89.6,2596.265625,0.0,0.0
1762969479.0278149,11.1,4357.125,89.7,2614.275,0.0,0.0
1762969479.154436,0.0,4357.125,89.7,2614.275,0.0,0.0
1762969479.278698,0.0,4357.125,89.7,2614.275,0.0,0.0
1762969479.406325,0.0,4357.125,89.7,2614.275,0.0,0.0
1762969479.5337229,0.0,4357.125,89.7,2614.275,0.0,0.0
1762969479.663465,0.0,4357.125,89.7,2614.275,0.0,0.0
1762969479.844922,0.0,4357.125,89.7,2614.275,0.0,0.0
1762969480.004838,11.1,4501.8125,90.1,2701.0875,0.0,0.0
1762969480.142833,0.0,4524.15625,90.4,2714.49375,0.0,0.0
1762969480.2848709,0.0,4506.3125,90.0,2703.7875,0.0,0.0
1762969480.4194071,0.0,4535.515625,90.3,2721.309375,0.0,0.0
1762969480.544999,0.0,4541.359375,90.2,2724.8156249999997,0.0,0.0
1762969480.674054,0.0,4556.21875,90.2,2733.73125,0.0,0.0
1762969480.8233862,0.0,4574.28125,90.4,2744.56875,0.0,0.0
1762969480.954875,0.0,4580.265625,90.2,2748.1593749999997,0.0,0.0
1762969481.1062222,37.5,4587.484375,90.4,2752.490625,0.0,0.0
1762969481.257246,0.0,4609.890625,90.6,2765.934375,0.0,0.0
1762969481.380299,0.0,4624.796875,90.6,2774.8781249999997,0.0,0.0
1762969481.505642,0.0,4624.796875,90.6,2774.8781249999997,0.0,0.0
1762969481.629931,0.0,4624.796875,90.6,2774.8781249999997,0.0,0.0
1762969481.762785,0.0,4624.796875,90.6,2774.8781249999997,0.0,0.0
1762969481.88956,0.0,4624.796875,90.6,2774.8781249999997,0.0,0.0
1762969482.014039,0.0,4624.796875,90.6,2774.8781249999997,0.0,0.0
1762969482.135193,28.6,4714.640625,90.8,2828.7843749999997,0.0,0.0
1762969482.2587578,0.0,4721.65625,90.8,2832.99375,0.0,0.0
1762969482.385504,0.0,4721.65625,90.8,2832.99375,0.0,0.0
1762969482.5102808,0.0,4721.65625,90.8,2832.99375,0.0,0.0
1762969482.6385438,0.0,4721.65625,90.8,2832.99375,0.0,0.0
1762969482.8571851,0.0,4721.65625,90.8,2832.99375,0.0,0.0
1762969482.9841652,0.0,4721.65625,90.8,2832.99375,0.0,0.0
1762969483.1137369,0.0,4721.65625,90.8,2832.99375,0.0,0.0
1762969483.275717,63.6,6102.8125,95.1,3661.6875,0.0,0.0
1762969483.483517,0.0,6464.765625,95.5,3878.859375,0.0,0.0
1762969483.6187708,0.0,6469.9375,95.7,3881.9624999999996,0.0,0.0
1762969483.7607172,0.0,6469.9375,95.7,3881.9624999999996,0.0,0.0
1762969483.8867998,0.0,6469.9375,95.7,3881.9624999999996,0.0,0.0
1762969484.017384,0.0,6469.9375,95.7,3881.9624999999996,0.0,0.0
1762969484.143479,0.0,6469.9375,95.7,3881.9624999999996,0.0,0.0
1762969484.280542,27.3,6477.5,95.9,3886.5,0.0,0.0
1762969484.4149241,44.4,6478.171875,95.9,3886.903125,0.0,0.0
1762969484.542594,0.0,6477.625,95.8,3886.575,0.0,0.0
1762969484.693983,30.0,6477.625,95.8,3886.575,0.0,0.0
1762969484.832891,0.0,6477.625,95.8,3886.575,0.0,0.0
1762969485.004211,0.0,6477.625,95.8,3886.575,0.0,0.0
1762969485.2796512,0.0,6477.625,95.8,3886.575,0.0,0.0
1762969485.4121778,27.3,6486.109375,96.2,3891.6656249999996,0.0,0.0
1762969485.5458162,12.5,6493.09375,96.3,3895.85625,0.0,0.0
1762969485.684478,0.0,6479.421875,96.2,3887.653125,0.0,0.0
1762969485.8425128,0.0,6476.859375,96.1,3886.115625,0.0,0.0
1762969486.006047,0.0,6470.84375,96.2,3882.50625,0.0,0.0
1762969486.14507,0.0,6470.84375,96.2,3882.50625,0.0,0.0
1762969486.275957,0.0,6470.84375,96.2,3882.50625,0.0,0.0
1762969486.4390981,37.7,6470.84375,96.2,3882.50625,0.0,0.0
1762969486.607601,9.1,6494.3125,96.1,3896.5874999999996,0.0,0.0
1762969486.7757812,30.0,6491.5625,96.1,3894.9375,0.0,0.0
1762969486.904396,30.0,6469.921875,95.9,3881.953125,0.0,0.0
1762969487.1289139,40.0,6481.5625,96.0,3888.9375,0.0,0.0
1762969487.257916,0.0,6471.921875,96.1,3883.153125,0.0,0.0
1762969487.4009988,0.0,6471.921875,96.1,3883.153125,0.0,0.0
1762969487.534542,33.3,6471.921875,96.1,3883.153125,0.0,0.0
1762969487.672238,28.6,6481.75,96.2,3889.0499999999997,0.0,0.0
1762969487.859773,50.0,6483.5,96.2,3890.1,0.0,0.0
1762969487.9935548,40.0,6483.5,96.2,3890.1,0.0,0.0
1762969488.139356,0.0,6483.5,96.2,3890.1,0.0,0.0
1762969488.305577,0.0,6483.5,96.2,3890.1,0.0,0.0
1762969488.442074,0.0,6483.5,96.2,3890.1,0.0,0.0
1762969488.662399,50.0,6483.5,96.2,3890.1,0.0,0.0
1762969488.808435,40.0,6440.484375,96.0,3864.2906249999996,0.0,0.0
1762969488.946787,46.2,6432.921875,95.9,3859.7531249999997,0.0,0.0
1762969489.082305,12.5,6432.703125,95.9,3859.621875,0.0,0.0
1762969489.225595,0.0,6432.703125,95.9,3859.621875,0.0,0.0
1762969489.373487,0.0,6432.703125,95.9,3859.621875,0.0,0.0
1762969489.6290271,0.0,6432.703125,95.9,3859.621875,0.0,0.0
1762969489.7631118,18.2,6432.703125,95.9,3859.621875,0.0,0.0
1762969489.91247,0.0,6421.078125,96.0,3852.646875,0.0,0.0
1762969490.0473568,0.0,6426.328125,96.0,3855.796875,0.0,0.0
1762969490.1756768,0.0,6415.15625,95.7,3849.09375,0.0,0.0
1762969490.402973,0.0,6415.15625,95.7,3849.09375,0.0,0.0
1762969490.545192,0.0,6415.15625,95.7,3849.09375,0.0,0.0
1762969490.6988611,0.0,6415.15625,95.7,3849.09375,0.0,0.0
1762969490.8330638,54.5,6415.15625,95.7,3849.09375,0.0,0.0
1762969490.970687,0.0,6390.125,95.8,3834.075,0.0,0.0
1762969491.213472,0.0,6389.765625,95.8,3833.859375,0.0,0.0
1762969491.339668,0.0,6382.9375,95.7,3829.7625,0.0,0.0
1762969491.4697468,0.0,6382.703125,95.8,3829.621875,0.0,0.0
1762969491.615658,0.0,6381.21875,95.9,3828.73125,0.0,0.0
1762969491.744014,0.0,6376.5625,95.9,3825.9375,0.0,0.0
1762969491.8773,36.4,6380.671875,95.9,3828.403125,0.0,0.0
1762969492.011969,50.0,6383.90625,95.9,3830.34375,0.0,0.0
1762969492.156595,25.0,6383.015625,95.9,3829.809375,0.0,0.0
1762969492.2921169,0.0,6385.53125,95.8,3831.31875,0.0,0.0
1762969492.431995,0.0,6381.15625,95.9,3828.69375,0.0,0.0
1762969492.588083,0.0,6392.625,96.0,3835.575,0.0,0.0
1762969492.795624,0.0,6392.625,96.0,3835.575,0.0,0.0
1762969492.9234939,25.0,6392.625,96.0,3835.575,0.0,0.0
1762969493.063113,37.5,6380.109375,95.6,3828.0656249999997,0.0,0.0
1762969493.210124,0.0,6383.921875,95.6,3830.3531249999996,0.0,0.0
1762969493.342711,0.0,6382.0,95.6,3829.2,0.0,0.0
1762969493.49923,0.0,6379.90625,95.6,3827.94375,0.0,0.0
1762969493.682349,0.0,6377.484375,95.7,3826.490625,0.0,0.0
1762969493.823649,0.0,6377.484375,95.7,3826.490625,0.0,0.0
1762969493.955976,63.6,6377.484375,95.7,3826.490625,0.0,0.0
1762969494.087513,20.0,6389.796875,95.9,3833.8781249999997,0.0,0.0
1762969494.224006,27.3,6389.34375,95.9,3833.60625,0.0,0.0
1762969494.3671591,25.0,6387.40625,95.9,3832.44375,0.0,0.0
1762969494.495389,44.4,6383.921875,95.9,3830.3531249999996,0.0,0.0
1762969494.6258318,0.0,6382.75,95.8,3829.6499999999996,0.0,0.0
1762969494.761703,0.0,6382.75,95.8,3829.6499999999996,0.0,0.0
1762969494.9049048,0.0,6382.75,95.8,3829.6499999999996,0.0,0.0
1762969495.033412,50.0,6382.75,95.8,3829.6499999999996,0.0,0.0
1762969495.161042,33.3,6369.09375,95.6,3821.4562499999997,0.0,0.0
1762969495.298215,22.2,6369.65625,95.6,3821.79375,0.0,0.0
1762969495.448878,0.0,6379.625,95.7,3827.7749999999996,0.0,0.0
1762969495.585412,0.0,6367.84375,95.6,3820.7062499999997,0.0,0.0
1762969495.715275,0.0,6365.390625,95.6,3819.234375,0.0,0.0
1762969495.870273,0.0,6370.375,95.6,3822.225,0.0,0.0
1762969496.0241878,0.0,6359.140625,95.8,3815.484375,0.0,0.0
1762969496.154337,55.6,6364.0,95.9,3818.3999999999996,0.0,0.0
1762969496.2857862,50.0,6357.875,95.8,3814.725,0.0,0.0
1762969496.434099,50.0,6351.03125,95.8,3810.6187499999996,0.0,0.0
1762969496.573714,50.0,6358.609375,95.9,3815.1656249999996,0.0,0.0
1762969496.728134,0.0,6355.125,95.8,3813.075,0.0,0.0
1762969496.868051,0.0,6357.703125,95.8,3814.621875,0.0,0.0
1762969497.0221922,0.0,6358.8125,95.8,3815.2875,0.0,0.0
1762969497.15149,40.9,6358.8125,95.8,3815.2875,0.0,0.0
1762969497.281941,40.0,6358.8125,95.8,3815.2875,0.0,0.0
1762969497.415308,0.0,6359.421875,95.8,3815.653125,0.0,0.0
1762969497.562034,0.0,6363.5,95.8,3818.1,0.0,0.0
1762969497.690645,0.0,6363.546875,95.8,3818.1281249999997,0.0,0.0
1762969497.822811,0.0,6365.078125,95.8,3819.046875,0.0,0.0
1762969497.956398,0.0,6365.078125,95.8,3819.046875,0.0,0.0
1762969498.09517,0.0,6365.078125,95.8,3819.046875,0.0,0.0
1762969498.228064,42.9,6365.078125,95.8,3819.046875,0.0,0.0
1762969498.35727,27.3,6365.078125,95.8,3819.046875,0.0,0.0
1762969498.489931,33.3,6341.5625,95.5,3804.9375,0.0,0.0
1762969498.6292942,36.4,6342.328125,95.5,3805.396875,0.0,0.0
1762969498.7711308,0.0,6333.734375,95.4,3800.240625,0.0,0.0
1762969498.897196,0.0,6337.078125,95.5,3802.246875,0.0,0.0
1762969499.034128,0.0,6337.59375,95.5,3802.5562499999996,0.0,0.0
1762969499.173422,0.0,6335.3125,95.5,3801.1875,0.0,0.0
1762969499.314073,50.0,6364.71875,95.8,3818.8312499999997,0.0,0.0
1762969499.443359,22.2,6368.515625,95.8,3821.109375,0.0,0.0
1762969499.574038,11.1,6366.4375,95.7,3819.8624999999997,0.0,0.0
1762969499.7111108,0.0,6364.734375,95.7,3818.840625,0.0,0.0
1762969499.850731,0.0,6367.78125,95.8,3820.66875,0.0,0.0
1762969499.9772742,0.0,6365.6875,95.8,3819.4125,0.0,0.0
1762969500.106574,0.0,6362.0625,95.8,3817.2374999999997,0.0,0.0
1762969500.2420092,0.0,6361.46875,95.8,3816.88125,0.0,0.0
1762969500.383012,0.0,6367.5,95.8,3820.5,0.0,0.0
1762969500.5099342,25.0,6362.375,95.8,3817.4249999999997,0.0,0.0
1762969500.638488,0.0,6359.671875,95.7,3815.803125,0.0,0.0
1762969500.77372,0.0,6360.125,95.7,3816.075,0.0,0.0
1762969500.919279,0.0,6364.546875,95.8,3818.7281249999996,0.0,0.0
1762969501.0465631,0.0,6362.90625,95.7,3817.7437499999996,0.0,0.0
1762969501.176126,0.0,6358.953125,95.7,3815.371875,0.0,0.0
1762969501.3147788,0.0,6362.859375,95.7,3817.715625,0.0,0.0
1762969501.4540942,14.3,6360.515625,95.8,3816.309375,0.0,0.0
1762969501.581799,22.2,6360.859375,95.8,3816.515625,0.0,0.0
1762969501.711526,0.0,6360.625,95.8,3816.375,0.0,0.0
1762969501.845736,0.0,6352.234375,95.7,3811.340625,0.0,0.0
1762969501.991644,0.0,6361.015625,95.8,3816.609375,0.0,0.0
1762969502.119045,0.0,6360.3125,95.8,3816.1875,0.0,0.0
1762969502.247535,0.0,6351.75,95.7,3811.0499999999997,0.0,0.0
1762969502.3856041,0.0,6357.203125,95.7,3814.3218749999996,0.0,0.0
1762969502.5253499,37.5,6380.0,95.9,3828.0,0.0,0.0
1762969502.6540642,0.0,6379.0625,95.8,3827.4375,0.0,0.0
1762969502.787311,0.0,6377.484375,95.8,3826.490625,0.0,0.0
1762969502.926545,0.0,6384.53125,95.9,3830.71875,0.0,0.0
1762969503.064662,0.0,6385.75,95.9,3831.45,0.0,0.0
1762969503.1897101,0.0,6376.859375,95.8,3826.115625,0.0,0.0
1762969503.3193479,0.0,6376.859375,95.8,3826.115625,0.0,0.0
1762969503.457705,0.0,6376.859375,95.8,3826.115625,0.0,0.0
1762969503.609786,33.3,6376.859375,95.8,3826.115625,0.0,0.0
1762969503.736716,60.0,6376.859375,95.8,3826.115625,0.0,0.0
1762969503.86722,10.0,6361.890625,95.6,3817.1343749999996,0.0,0.0
1762969504.006551,22.2,6365.265625,95.6,3819.1593749999997,0.0,0.0
1762969504.146446,0.0,6359.484375,95.6,3815.6906249999997,0.0,0.0
1762969504.2775,0.0,6347.0,95.4,3808.2,0.0,0.0
1762969504.407325,0.0,6346.640625,95.4,3807.984375,0.0,0.0
1762969504.544777,0.0,6355.078125,95.5,3813.046875,0.0,0.0
1762969504.6858728,0.0,6384.265625,95.9,3830.559375,0.0,0.0
1762969504.813317,12.5,6384.265625,95.9,3830.559375,0.0,0.0
1762969504.942305,10.0,6364.4375,95.7,3818.6625,0.0,0.0
1762969505.08032,0.0,6365.609375,95.7,3819.365625,0.0,0.0
1762969505.226188,0.0,6365.609375,95.7,3819.365625,0.0,0.0
1762969505.35226,0.0,6365.609375,95.7,3819.365625,0.0,0.0
1762969505.4817789,0.0,6365.609375,95.7,3819.365625,0.0,0.0
1762969505.621572,0.0,6365.609375,95.7,3819.365625,0.0,0.0
1762969505.76371,0.0,6365.609375,95.7,3819.365625,0.0,0.0
1762969505.8884962,25.0,6365.609375,95.7,3819.365625,0.0,0.0
1762969506.018414,0.0,6365.671875,95.7,3819.403125,0.0,0.0
1762969506.155293,0.0,6374.0,95.8,3824.3999999999996,0.0,0.0
1762969506.3042939,0.0,6380.546875,95.8,3828.328125,0.0,0.0
1762969506.4316611,0.0,6370.3125,95.8,3822.1875,0.0,0.0
1762969506.5626209,0.0,6378.328125,95.8,3826.996875,0.0,0.0
1762969506.701728,0.0,6379.03125,95.8,3827.41875,0.0,0.0
1762969506.844193,16.7,6379.8125,95.9,3827.8875,0.0,0.0
1762969506.970083,38.5,6370.125,95.7,3822.075,0.0,0.0
1762969507.1004212,14.3,6374.8125,95.8,3824.8875,0.0,0.0
1762969507.237291,12.5,6375.234375,95.8,3825.140625,0.0,0.0
1762969507.381074,8.3,6375.453125,95.8,3825.271875,0.0,0.0
1762969507.5078459,0.0,6369.71875,95.7,3821.8312499999997,0.0,0.0
1762969507.6367831,0.0,6373.421875,95.8,3824.053125,0.0,0.0
1762969507.776167,0.0,6376.328125,95.8,3825.796875,0.0,0.0
1762969507.946899,11.1,6382.96875,95.9,3829.78125,0.0,0.0
1762969508.074032,36.4,6382.96875,95.9,3829.78125,0.0,0.0
1762969508.2469518,25.0,6375.46875,95.9,3825.28125,0.0,0.0
1762969508.388437,0.0,6380.921875,95.9,3828.553125,0.0,0.0
1762969508.51947,0.0,6386.3125,95.9,3831.7875,0.0,0.0
1762969508.647157,0.0,6384.609375,95.8,3830.765625,0.0,0.0
1762969508.783087,0.0,6382.859375,95.8,3829.715625,0.0,0.0
1762969508.925355,0.0,6382.859375,95.8,3829.715625,0.0,0.0
1762969509.059551,14.3,6382.859375,95.8,3829.715625,0.0,0.0
1762969509.186715,0.0,6382.859375,95.8,3829.715625,0.0,0.0
1762969509.321187,0.0,6354.703125,95.4,3812.8218749999996,0.0,0.0
1762969509.4582531,0.0,6358.25,95.5,3814.95,0.0,0.0
1762969509.592154,0.0,6354.859375,95.4,3812.9156249999996,0.0,0.0
1762969509.7177742,0.0,6349.625,95.4,3809.7749999999996,0.0,0.0
1762969509.852882,0.0,6355.84375,95.4,3813.50625,0.0,0.0
1762969509.990219,11.1,6383.109375,95.9,3829.865625,0.0,0.0
1762969510.1253939,22.2,6376.859375,95.9,3826.115625,0.0,0.0
1762969510.2509382,27.3,6369.21875,95.8,3821.53125,0.0,0.0
1762969510.381828,8.3,6372.90625,95.8,3823.7437499999996,0.0,0.0
1762969510.521811,0.0,6372.5625,95.8,3823.5375,0.0,0.0
1762969510.663788,0.0,6378.125,95.8,3826.875,0.0,0.0
1762969510.7894132,0.0,6382.25,95.8,3829.35,0.0,0.0
1762969510.9215019,0.0,6382.25,95.8,3829.35,0.0,0.0
1762969511.0591528,9.1,6382.25,95.8,3829.35,0.0,0.0
1762969511.196085,0.0,6382.25,95.8,3829.35,0.0,0.0
1762969511.319635,0.0,6382.25,95.8,3829.35,0.0,0.0
1762969511.4469912,0.0,6375.46875,95.9,3825.28125,0.0,0.0
1762969511.588916,0.0,6395.40625,95.8,3837.2437499999996,0.0,0.0
1762969511.732637,0.0,6407.5,95.9,3844.5,0.0,0.0
1762969511.859714,0.0,6407.71875,95.9,3844.63125,0.0,0.0
1762969511.98723,0.0,6399.65625,95.8,3839.79375,0.0,0.0
1762969512.142145,60.0,6404.765625,95.9,3842.859375,0.0,0.0
1762969512.285575,12.5,6404.21875,95.9,3842.53125,0.0,0.0
1762969512.4129229,30.0,6405.625,95.9,3843.375,0.0,0.0
1762969512.542465,0.0,6399.734375,95.9,3839.840625,0.0,0.0
1762969512.676238,0.0,6402.25,95.9,3841.35,0.0,0.0
1762969512.826477,0.0,6402.25,95.9,3841.35,0.0,0.0
1762969512.9525492,0.0,6402.25,95.9,3841.35,0.0,0.0
1762969513.0825431,0.0,6402.25,95.9,3841.35,0.0,0.0
1762969513.2189162,12.5,6402.25,95.9,3841.35,0.0,0.0
1762969513.362572,0.0,6402.25,95.9,3841.35,0.0,0.0
1762969513.494029,0.0,6402.25,95.9,3841.35,0.0,0.0
1762969513.6283252,0.0,6390.15625,95.8,3834.09375,0.0,0.0
1762969513.7653,0.0,6385.765625,95.9,3831.459375,0.0,0.0
1762969513.9104252,0.0,6386.6875,95.9,3832.0125,0.0,0.0
1762969514.038883,0.0,6380.421875,95.8,3828.2531249999997,0.0,0.0
1762969514.1678889,0.0,6378.578125,95.7,3827.146875,0.0,0.0
1762969514.3038762,25.0,6374.828125,95.7,3824.896875,0.0,0.0
1762969514.443213,0.0,6369.671875,95.7,3821.803125,0.0,0.0
1762969514.57166,0.0,6355.171875,95.5,3813.1031249999996,0.0,0.0
1762969514.7004921,0.0,6350.703125,95.4,3810.421875,0.0,0.0
1762969514.837319,0.0,6346.828125,95.4,3808.0968749999997,0.0,0.0
1762969514.9786859,0.0,6346.828125,95.4,3808.0968749999997,0.0,0.0
1762969515.107109,0.0,6346.828125,95.4,3808.0968749999997,0.0,0.0
1762969515.24129,0.0,6346.828125,95.4,3808.0968749999997,0.0,0.0
1762969515.3673768,33.3,6346.828125,95.4,3808.0968749999997,0.0,0.0
1762969515.4990468,0.0,6346.828125,95.4,3808.0968749999997,0.0,0.0
1762969515.699166,0.0,6346.828125,95.4,3808.0968749999997,0.0,0.0
1762969515.829927,0.0,6354.109375,95.7,3812.465625,0.0,0.0
1762969515.964701,0.0,6353.03125,95.8,3811.81875,0.0,0.0
1762969516.096338,0.0,6355.265625,95.8,3813.1593749999997,0.0,0.0
1762969516.22369,0.0,6354.046875,95.8,3812.428125,0.0,0.0
1762969516.355001,0.0,6349.796875,95.7,3809.8781249999997,0.0,0.0
1762969516.493976,0.0,6349.796875,95.7,3809.8781249999997,0.0,0.0
1762969516.6345432,18.2,6349.796875,95.7,3809.8781249999997,0.0,0.0
1762969516.762656,63.6,6349.796875,95.7,3809.8781249999997,0.0,0.0
1762969516.8951192,10.0,6353.921875,95.7,3812.3531249999996,0.0,0.0
1762969517.031764,11.1,6350.390625,95.7,3810.234375,0.0,0.0
1762969517.1716921,0.0,6370.734375,96.0,3822.4406249999997,0.0,0.0
1762969517.297892,0.0,6371.671875,95.6,3823.0031249999997,0.0,0.0
1762969517.4268749,0.0,6379.671875,95.6,3827.803125,0.0,0.0
1762969517.564544,20.0,6382.484375,95.6,3829.490625,0.0,0.0
1762969517.7132301,16.7,6386.890625,95.7,3832.1343749999996,0.0,0.0
1762969517.841453,0.0,6386.890625,95.7,3832.1343749999996,0.0,0.0
1762969517.971005,0.0,6376.875,95.6,3826.125,0.0,0.0
1762969518.111766,0.0,6383.8125,95.6,3830.2875,0.0,0.0
1762969518.259768,0.0,6384.03125,95.8,3830.41875,0.0,0.0
1762969518.391166,0.0,6369.21875,95.6,3821.53125,0.0,0.0
1762969518.520841,0.0,6370.0,95.6,3822.0,0.0,0.0
1762969518.658435,0.0,6370.515625,95.6,3822.309375,0.0,0.0
1762969518.798233,18.2,6370.515625,95.6,3822.309375,0.0,0.0
1762969518.9259799,22.2,6370.515625,95.6,3822.309375,0.0,0.0
1762969519.057027,23.1,6368.578125,95.6,3821.146875,0.0,0.0
1762969519.1944408,0.0,6362.5,95.5,3817.5,0.0,0.0
1762969519.333169,0.0,6368.3125,95.6,3820.9874999999997,0.0,0.0
1762969519.460552,0.0,6363.265625,95.5,3817.959375,0.0,0.0
1762969519.5902941,0.0,6363.265625,95.5,3817.959375,0.0,0.0
1762969519.72732,16.7,6363.265625,95.5,3817.959375,0.0,0.0
1762969519.865182,12.5,6363.265625,95.5,3817.959375,0.0,0.0
1762969519.9902248,36.4,6363.265625,95.5,3817.959375,0.0,0.0
1762969520.1200588,0.0,6335.40625,95.2,3801.2437499999996,0.0,0.0
1762969520.257024,0.0,6339.3125,95.3,3803.5874999999996,0.0,0.0
1762969520.5422888,0.0,6332.78125,95.5,3799.66875,0.0,0.0
1762969520.688106,0.0,6348.15625,95.8,3808.8937499999997,0.0,0.0
1762969520.837131,0.0,6349.90625,95.8,3809.94375,0.0,0.0
1762969520.9988348,33.3,6358.671875,95.8,3815.203125,0.0,0.0
1762969521.162708,71.4,6353.40625,95.8,3812.04375,0.0,0.0
1762969521.310152,0.0,6406.6875,96.0,3844.0125,0.0,0.0
1762969521.4580102,0.0,6405.25,96.0,3843.1499999999996,0.0,0.0
1762969521.587688,0.0,6405.171875,95.9,3843.1031249999996,0.0,0.0
1762969521.720432,0.0,6404.890625,95.8,3842.934375,0.0,0.0
1762969521.8556778,27.3,6404.890625,95.8,3842.934375,0.0,0.0
1762969521.992602,0.0,6404.890625,95.8,3842.934375,0.0,0.0
1762969522.125115,0.0,6404.890625,95.8,3842.934375,0.0,0.0
1762969522.254005,0.0,6398.875,95.8,3839.325,0.0,0.0
1762969522.389792,0.0,6388.28125,95.7,3832.96875,0.0,0.0
1762969522.527651,0.0,6388.28125,95.7,3832.96875,0.0,0.0
1762969522.664196,0.0,6388.28125,95.7,3832.96875,0.0,0.0
1762969522.790142,0.0,6388.28125,95.7,3832.96875,0.0,0.0
1762969522.922563,0.0,6388.28125,95.7,3832.96875,0.0,0.0
1762969523.057749,11.1,6388.28125,95.7,3832.96875,0.0,0.0
1762969523.193394,16.7,6388.28125,95.7,3832.96875,0.0,0.0
1762969523.3183942,27.3,6376.78125,95.7,3826.06875,0.0,0.0
1762969523.449019,0.0,6376.96875,95.6,3826.1812499999996,0.0,0.0
1762969523.596629,0.0,6379.546875,95.7,3827.7281249999996,0.0,0.0
1762969523.724842,0.0,6379.546875,95.7,3827.7281249999996,0.0,0.0
1762969523.850934,0.0,6379.546875,95.7,3827.7281249999996,0.0,0.0
1762969523.988241,0.0,6379.546875,95.7,3827.7281249999996,0.0,0.0
1762969524.1333172,0.0,6379.546875,95.7,3827.7281249999996,0.0,0.0
1762969524.268801,30.0,6379.546875,95.7,3827.7281249999996,0.0,0.0
1762969524.39461,0.0,6378.15625,95.6,3826.8937499999997,0.0,0.0
1762969524.526135,0.0,6380.90625,95.6,3828.54375,0.0,0.0
1762969524.663523,0.0,6382.984375,95.6,3829.7906249999996,0.0,0.0
1762969524.800555,0.0,6380.140625,95.6,3828.084375,0.0,0.0
1762969524.924994,0.0,6370.609375,95.5,3822.365625,0.0,0.0
1762969525.054433,0.0,6370.609375,95.5,3822.365625,0.0,0.0
1762969525.191336,0.0,6370.609375,95.5,3822.365625,0.0,0.0
1762969525.331658,30.8,6370.609375,95.5,3822.365625,0.0,0.0
1762969525.454303,14.3,6334.75,95.1,3800.85,0.0,0.0
1762969525.584408,8.3,6337.90625,95.1,3802.7437499999996,0.0,0.0
1762969525.72135,0.0,6364.234375,95.4,3818.5406249999996,0.0,0.0
1762969525.865767,0.0,6364.234375,95.4,3818.5406249999996,0.0,0.0
1762969525.991793,0.0,6364.234375,95.4,3818.5406249999996,0.0,0.0
1762969526.1211689,10.0,6364.234375,95.4,3818.5406249999996,0.0,0.0
1762969526.2587562,0.0,6364.234375,95.4,3818.5406249999996,0.0,0.0
1762969526.40881,10.0,6364.234375,95.4,3818.5406249999996,0.0,0.0
1762969526.537457,36.4,6362.9375,95.6,3817.7625,0.0,0.0
1762969526.6682181,0.0,6355.296875,95.6,3813.178125,0.0,0.0
1762969526.8069088,0.0,6379.03125,95.7,3827.41875,0.0,0.0
1762969526.9458518,0.0,6379.03125,95.7,3827.41875,0.0,0.0
1762969527.074962,0.0,6379.03125,95.7,3827.41875,0.0,0.0
1762969527.209089,20.0,6379.03125,95.7,3827.41875,0.0,0.0
1762969527.345139,16.7,6379.03125,95.7,3827.41875,0.0,0.0
1762969527.4879339,12.5,6379.03125,95.7,3827.41875,0.0,0.0
1762969527.615038,8.3,6372.796875,95.7,3823.678125,0.0,0.0
1762969527.744283,0.0,6377.53125,95.7,3826.5187499999997,0.0,0.0
1762969527.8815072,0.0,6377.53125,95.7,3826.5187499999997,0.0,0.0
1762969528.021869,0.0,6377.53125,95.7,3826.5187499999997,0.0,0.0
1762969528.1502788,0.0,6377.53125,95.7,3826.5187499999997,0.0,0.0
1762969528.279167,20.0,6377.53125,95.7,3826.5187499999997,0.0,0.0
1762969528.416673,9.1,6377.53125,95.7,3826.5187499999997,0.0,0.0
1762969528.557913,12.5,6377.53125,95.7,3826.5187499999997,0.0,0.0
1762969528.6854668,22.2,6378.421875,95.7,3827.053125,0.0,0.0
1762969528.8150961,0.0,6378.78125,95.7,3827.2687499999997,0.0,0.0
1762969528.946832,0.0,6366.703125,95.5,3820.021875,0.0,0.0
1762969529.087492,0.0,6366.703125,95.5,3820.021875,0.0,0.0
1762969529.2170188,0.0,6366.703125,95.5,3820.021875,0.0,0.0
1762969529.345917,11.1,6366.703125,95.5,3820.021875,0.0,0.0
1762969529.483318,16.7,6366.703125,95.5,3820.021875,0.0,0.0
1762969529.624993,0.0,6366.703125,95.5,3820.021875,0.0,0.0
1762969529.754878,0.0,6355.578125,95.6,3813.3468749999997,0.0,0.0
1762969529.884313,0.0,6344.84375,95.5,3806.90625,0.0,0.0
1762969530.021774,0.0,6344.84375,95.5,3806.90625,0.0,0.0
1762969530.1617038,0.0,6344.84375,95.5,3806.90625,0.0,0.0
1762969530.287576,0.0,6344.84375,95.5,3806.90625,0.0,0.0
1762969530.416725,9.1,6344.84375,95.5,3806.90625,0.0,0.0
1762969530.55377,0.0,6344.84375,95.5,3806.90625,0.0,0.0
1762969530.693939,0.0,6344.84375,95.5,3806.90625,0.0,0.0
1762969530.8228328,0.0,6330.109375,95.3,3798.0656249999997,0.0,0.0
1762969530.950774,0.0,6317.703125,95.2,3790.621875,0.0,0.0
1762969531.086613,0.0,6356.421875,95.6,3813.8531249999996,0.0,0.0
1762969531.2259579,0.0,6357.28125,95.6,3814.3687499999996,0.0,0.0
1762969531.355275,0.0,6356.515625,95.6,3813.9093749999997,0.0,0.0
1762969531.484267,10.0,6351.28125,95.6,3810.7687499999997,0.0,0.0
1762969531.620079,0.0,6352.859375,95.6,3811.715625,0.0,0.0
1762969531.762026,44.4,6354.9375,95.7,3812.9624999999996,0.0,0.0
1762969531.888221,11.1,6347.9375,95.8,3808.7625,0.0,0.0
1762969532.01916,0.0,6345.828125,95.8,3807.496875,0.0,0.0
1762969532.160032,0.0,6345.828125,95.8,3807.496875,0.0,0.0
1762969532.305577,0.0,6345.828125,95.8,3807.496875,0.0,0.0
1762969532.436477,0.0,6345.828125,95.8,3807.496875,0.0,0.0
1762969532.56866,45.5,6345.828125,95.8,3807.496875,0.0,0.0
1762969532.713631,50.0,6345.828125,95.8,3807.496875,0.0,0.0
1762969532.861595,44.4,6345.828125,95.8,3807.496875,0.0,0.0
1762969532.994124,71.4,6376.171875,95.9,3825.703125,0.0,0.0
1762969533.1743438,0.0,6377.46875,95.9,3826.48125,0.0,0.0
1762969533.321001,0.0,6375.34375,95.9,3825.2062499999997,0.0,0.0
1762969533.454644,0.0,6374.234375,95.8,3824.5406249999996,0.0,0.0
1762969533.579094,42.9,6372.578125,95.8,3823.546875,0.0,0.0
1762969533.707861,12.5,6371.640625,95.7,3822.984375,0.0,0.0
1762969533.8494358,18.2,6375.9375,95.8,3825.5625,0.0,0.0
1762969533.9888341,22.2,6371.4375,95.8,3822.8624999999997,0.0,0.0
1762969534.1142342,0.0,6366.90625,95.8,3820.1437499999997,0.0,0.0
1762969534.245721,0.0,6372.0625,95.8,3823.2374999999997,0.0,0.0
1762969534.385497,0.0,6370.53125,95.8,3822.31875,0.0,0.0
1762969534.528915,0.0,6375.734375,95.8,3825.4406249999997,0.0,0.0
1762969534.654363,28.6,6379.140625,95.8,3827.484375,0.0,0.0
1762969534.7849169,0.0,6381.609375,95.8,3828.965625,0.0,0.0
1762969534.921636,11.1,6379.6875,95.8,3827.8125,0.0,0.0
1762969535.0619142,0.0,6379.6875,95.8,3827.8125,0.0,0.0
1762969535.189127,0.0,6374.78125,95.8,3824.8687499999996,0.0,0.0
1762969535.3207521,0.0,6371.296875,95.8,3822.778125,0.0,0.0
1762969535.458577,0.0,6352.3125,95.5,3811.3875,0.0,0.0
1762969535.603219,0.0,6355.28125,95.6,3813.16875,0.0,0.0
1762969535.729293,10.0,6336.359375,95.4,3801.8156249999997,0.0,0.0
1762969535.8590379,0.0,6334.71875,95.3,3800.8312499999997,0.0,0.0
1762969535.997111,0.0,6337.28125,95.4,3802.3687499999996,0.0,0.0
1762969536.1479418,0.0,6346.109375,95.5,3807.6656249999996,0.0,0.0
1762969536.273838,0.0,6349.0,95.4,3809.3999999999996,0.0,0.0
1762969536.406136,0.0,6377.796875,95.8,3826.678125,0.0,0.0
1762969536.541951,0.0,6373.125,95.7,3823.875,0.0,0.0
1762969536.6841779,0.0,6375.484375,95.8,3825.2906249999996,0.0,0.0
1762969536.8097641,25.0,6363.953125,95.7,3818.371875,0.0,0.0
1762969536.9389591,11.1,6370.703125,95.7,3822.421875,0.0,0.0
1762969537.0761442,0.0,6368.53125,95.7,3821.1187499999996,0.0,0.0
1762969537.221051,44.4,6364.453125,95.6,3818.671875,0.0,0.0
1762969537.348398,25.0,6352.015625,95.5,3811.209375,0.0,0.0
1762969537.478488,0.0,6353.90625,95.6,3812.34375,0.0,0.0
1762969537.612551,0.0,6353.359375,95.6,3812.015625,0.0,0.0
1762969537.755214,0.0,6360.90625,95.7,3816.54375,0.0,0.0
1762969537.881415,22.2,6348.65625,95.6,3809.19375,0.0,0.0
1762969538.010358,12.5,6348.65625,95.6,3809.19375,0.0,0.0
1762969538.1476202,0.0,6348.65625,95.6,3809.19375,0.0,0.0
1762969538.2962718,0.0,6348.65625,95.6,3809.19375,0.0,0.0
1762969538.422267,0.0,6331.96875,95.4,3799.1812499999996,0.0,0.0
1762969538.553592,0.0,6373.65625,95.7,3824.19375,0.0,0.0
1762969538.692884,0.0,6372.171875,95.7,3823.303125,0.0,0.0
1762969538.838222,0.0,6373.984375,95.7,3824.390625,0.0,0.0
1762969538.9640708,16.7,6367.375,95.7,3820.4249999999997,0.0,0.0
1762969539.093699,11.1,6367.375,95.7,3820.4249999999997,0.0,0.0
1762969539.232566,0.0,6367.375,95.7,3820.4249999999997,0.0,0.0
1762969539.377433,0.0,6367.375,95.7,3820.4249999999997,0.0,0.0
1762969539.507989,0.0,6377.3125,95.8,3826.3875,0.0,0.0
1762969539.635774,0.0,6383.453125,95.8,3830.0718749999996,0.0,0.0
1762969539.7687302,0.0,6381.03125,95.8,3828.6187499999996,0.0,0.0
1762969539.916688,0.0,6386.125,95.8,3831.6749999999997,0.0,0.0
1762969540.046124,27.3,6379.828125,95.7,3827.896875,0.0,0.0
1762969540.1765509,11.1,6368.1875,95.6,3820.9125,0.0,0.0
1762969540.3129401,11.1,6373.921875,95.7,3824.3531249999996,0.0,0.0
1762969540.4591439,0.0,6377.4375,95.7,3826.4624999999996,0.0,0.0
1762969540.585126,0.0,6359.15625,95.5,3815.4937499999996,0.0,0.0
1762969540.714325,0.0,6357.953125,95.5,3814.771875,0.0,0.0
1762969540.850695,0.0,6351.375,95.5,3810.825,0.0,0.0
1762969540.9894981,0.0,6344.46875,95.4,3806.6812499999996,0.0,0.0
1762969541.11627,38.5,6348.34375,95.4,3809.00625,0.0,0.0
1762969541.266942,37.5,6343.84375,95.4,3806.3062499999996,0.0,0.0
1762969541.392861,40.0,6341.71875,95.6,3805.03125,0.0,0.0
1762969541.521307,33.3,6498.3125,95.5,3898.9874999999997,0.0,0.0
1762969541.648801,36.4,6642.375,96.2,3985.4249999999997,0.0,0.0
1762969541.775233,0.0,6075.078125,90.7,3645.046875,0.0,0.0
1762969541.901314,0.0,6100.1875,91.0,3660.1124999999997,0.0,0.0
1762969542.024665,0.0,6100.921875,91.0,3660.553125,0.0,0.0
1762969542.149452,11.1,6110.59375,91.1,3666.35625,0.0,0.0
1762969542.274657,9.1,6130.3125,91.3,3678.1875,0.0,0.0
1762969542.397144,0.0,6133.875,91.5,3680.325,0.0,0.0
1762969542.5241091,0.0,6133.875,91.5,3680.325,0.0,0.0
1762969542.65058,0.0,5993.53125,89.7,3596.11875,0.0,0.0
1762969542.774631,0.0,5618.328125,85.2,3370.996875,0.0,0.0
1762969542.899456,0.0,5632.640625,85.3,3379.584375,0.0,0.0
1762969543.0245261,0.0,5651.375,85.6,3390.825,0.0,0.0
1762969543.147191,15.5,5664.15625,85.8,3398.49375,0.0,0.0
1762969543.27146,0.0,5673.609375,85.9,3404.165625,0.0,0.0
1762969543.39595,0.0,5688.921875,86.2,3413.353125,0.0,0.0
1762969543.520461,0.0,5690.15625,86.5,3414.09375,0.0,0.0
1762969543.645858,0.0,5709.625,86.5,3425.775,0.0,0.0
1762969543.770151,0.0,5703.09375,86.4,3421.85625,0.0,0.0
1762969543.894484,0.0,5728.0,86.8,3436.7999999999997,0.0,0.0
1762969544.0186229,0.0,5736.796875,86.8,3442.078125,0.0,0.0
1762969544.14302,0.0,5732.546875,87.1,3439.528125,0.0,0.0
1762969544.268493,18.2,5740.796875,87.4,3444.478125,0.0,0.0
1762969544.4353302,22.2,5602.484375,89.3,3361.490625,0.0,0.0
1762969544.5651672,0.0,5409.96875,92.4,3245.98125,0.0,0.0
1762969544.7286038,0.0,5343.109375,92.6,3205.865625,0.0,0.0
1762969544.855602,0.0,5362.625,92.6,3217.575,0.0,0.0
1762969544.994851,0.0,5393.28125,92.9,3235.96875,0.0,0.0
1762969545.1189811,0.0,5413.828125,92.9,3248.296875,0.0,0.0
1762969545.25968,0.0,5436.921875,93.2,3262.153125,0.0,0.0
1762969545.384332,25.0,5440.625,92.9,3264.375,0.0,0.0
1762969545.518448,55.6,5471.984375,93.7,3283.1906249999997,0.0,0.0
1762969545.6441128,11.1,5495.296875,93.0,3297.178125,0.0,0.0
1762969545.791778,0.0,5607.703125,94.9,3364.621875,0.0,0.0
1762969545.9170198,0.0,5681.765625,93.1,3409.059375,0.0,0.0
1762969546.041354,0.0,5695.171875,93.3,3417.103125,0.0,0.0
1762969546.1657758,0.0,5706.9375,93.5,3424.1625,0.0,0.0
1762969546.2895029,0.0,5736.5,93.9,3441.9,0.0,0.0
1762969546.413737,0.0,5759.59375,94.1,3455.75625,0.0,0.0
1762969546.543091,45.5,5759.59375,94.1,3455.75625,0.0,0.0
1762969546.6794071,0.0,5759.59375,94.1,3455.75625,0.0,0.0
1762969546.8063412,0.0,5759.59375,94.1,3455.75625,0.0,0.0
1762969546.933221,0.0,4900.0625,84.5,2940.0375,0.0,0.0
1762969547.0575318,0.0,4174.9375,78.2,2504.9625,0.0,0.0
1762969547.181184,0.0,4162.328125,78.3,2497.396875,0.0,0.0
1762969547.305887,0.0,4183.078125,78.6,2509.8468749999997,0.0,0.0
1762969547.4530392,8.3,4197.34375,78.8,2518.40625,0.0,0.0
1762969547.577091,18.2,4197.34375,78.8,2518.40625,0.0,0.0
1762969547.700804,0.0,4197.34375,78.8,2518.40625,0.0,0.0
1762969547.8239958,0.0,4197.34375,78.8,2518.40625,0.0,0.0
1762969547.947938,0.0,4196.359375,80.5,2517.8156249999997,0.0,0.0
1762969548.071548,0.0,4215.8125,80.8,2529.4874999999997,0.0,0.0
1762969548.1954439,0.0,4224.140625,80.9,2534.484375,0.0,0.0
1762969548.32058,0.0,4224.140625,80.9,2534.484375,0.0,0.0
1762969548.4446778,0.0,4224.140625,80.9,2534.484375,0.0,0.0
1762969548.568869,25.0,4224.140625,80.9,2534.484375,0.0,0.0
1762969548.694022,22.2,4224.140625,80.9,2534.484375,0.0,0.0
1762969548.819875,44.4,4224.140625,80.9,2534.484375,0.0,0.0
1762969548.9449532,30.0,4224.140625,80.9,2534.484375,0.0,0.0
1762969549.070534,0.0,4499.953125,90.1,2699.9718749999997,0.0,0.0
1762969549.195393,0.0,4605.46875,90.5,2763.28125,0.0,0.0
1762969549.3222568,0.0,4607.90625,90.4,2764.74375,0.0,0.0
1762969549.446476,0.0,4636.46875,90.7,2781.88125,0.0,0.0
1762969549.581484,50.0,4767.765625,92.9,2860.6593749999997,0.0,0.0
1762969549.7277281,81.8,5021.125,95.5,3012.6749999999997,0.0,0.0
1762969549.8551,12.5,5095.65625,91.7,3057.3937499999997,0.0,0.0
1762969549.981802,0.0,5111.890625,90.3,3067.134375,0.0,0.0
1762969550.1067488,0.0,5128.921875,90.0,3077.353125,0.0,0.0
1762969550.3088799,0.0,5155.453125,90.3,3093.271875,0.0,0.0
1762969550.4676979,0.0,5188.25,90.7,3112.95,0.0,0.0
1762969550.5959198,8.3,5213.125,91.0,3127.875,0.0,0.0
1762969550.719266,22.2,5253.453125,91.5,3152.071875,0.0,0.0
1762969550.842562,9.1,5276.4375,91.8,3165.8624999999997,0.0,0.0
1762969550.965039,11.1,5317.21875,92.3,3190.3312499999997,0.0,0.0
1762969551.090347,0.0,5721.765625,92.0,3433.059375,0.0,0.0
1762969551.215541,0.0,6193.609375,91.9,3716.1656249999996,0.0,0.0
1762969551.339394,0.0,6308.453125,92.0,3785.0718749999996,0.0,0.0
1762969551.463488,0.0,6342.90625,92.4,3805.7437499999996,0.0,0.0
1762969551.587431,18.7,6369.234375,92.8,3821.5406249999996,0.0,0.0
1762969551.7106931,0.0,6398.265625,93.1,3838.959375,0.0,0.0
1762969551.8342779,0.0,6421.53125,93.4,3852.91875,0.0,0.0
1762969551.959639,0.0,6022.5,88.7,3613.5,0.0,0.0
1762969552.083413,0.0,6007.4375,89.0,3604.4625,0.0,0.0
1762969552.291879,0.0,6007.4375,89.0,3604.4625,0.0,0.0
1762969552.4148638,0.0,4914.484375,91.5,2948.6906249999997,0.0,0.0
1762969552.537952,0.0,4899.5,91.4,2939.7,0.0,0.0
1762969552.664042,25.0,5004.65625,91.6,3002.79375,0.0,0.0
1762969552.78911,50.0,5119.0,92.4,3071.4,0.0,0.0
1762969552.915137,0.0,5221.609375,92.4,3132.965625,0.0,0.0
1762969553.037942,0.0,5315.359375,92.6,3189.215625,0.0,0.0
1762969553.160595,0.0,5455.765625,93.3,3273.459375,0.0,0.0
1762969553.2882712,0.0,5455.765625,93.3,3273.459375,0.0,0.0
1762969553.417553,0.0,5455.765625,93.3,3273.459375,0.0,0.0
1762969553.5422888,0.0,6289.515625,95.0,3773.709375,0.0,0.0
1762969553.731303,10.0,6357.59375,95.3,3814.5562499999996,0.0,0.0
1762969553.857607,33.3,6362.5625,95.4,3817.5375,0.0,0.0
1762969554.006304,10.0,6362.5625,95.4,3817.5375,0.0,0.0
1762969554.1287801,0.0,6362.5625,95.4,3817.5375,0.0,0.0
1762969554.283633,0.0,6362.5625,95.4,3817.5375,0.0,0.0
1762969554.40754,0.0,6362.5625,95.4,3817.5375,0.0,0.0
1762969554.5306518,0.0,6362.5625,95.4,3817.5375,0.0,0.0
1762969554.6542752,22.8,5905.65625,90.2,3543.3937499999997,0.0,0.0
1762969554.796627,25.0,5835.546875,89.4,3501.328125,0.0,0.0
1762969554.919765,10.0,5628.9375,86.9,3377.3624999999997,0.0,0.0
1762969555.041893,0.0,5628.9375,86.9,3377.3624999999997,0.0,0.0
1762969555.209553,0.0,5628.9375,86.9,3377.3624999999997,0.0,0.0
1762969555.3658931,0.0,5628.9375,86.9,3377.3624999999997,0.0,0.0
1762969555.48953,0.0,5628.9375,86.9,3377.3624999999997,0.0,0.0
1762969555.635513,0.0,5628.9375,86.9,3377.3624999999997,0.0,0.0
1762969555.7582211,10.0,4442.359375,72.6,2665.415625,0.0,0.0
1762969555.881202,0.0,4452.390625,72.8,2671.434375,0.0,0.0
1762969556.005486,27.3,4452.390625,72.8,2671.434375,0.0,0.0
1762969556.145535,0.0,4452.390625,72.8,2671.434375,0.0,0.0
1762969556.2678988,0.0,4452.390625,72.8,2671.434375,0.0,0.0
1762969556.392087,0.0,4452.390625,72.8,2671.434375,0.0,0.0
1762969556.5153122,0.0,4452.390625,72.8,2671.434375,0.0,0.0
1762969556.660515,0.0,4452.390625,72.8,2671.434375,0.0,0.0
1762969556.783113,22.2,3862.84375,82.0,2317.7062499999997,0.0,0.0
1762969556.944315,10.0,3883.9375,82.4,2330.3624999999997,0.0,0.0
1762969557.067627,40.0,3900.390625,82.8,2340.234375,0.0,0.0
1762969557.1912131,0.0,3905.40625,82.9,2343.24375,0.0,0.0
1762969557.352206,0.0,3918.4375,83.0,2351.0625,0.0,0.0
1762969557.475633,0.0,3897.578125,84.4,2338.546875,0.0,0.0
1762969557.635434,0.0,3897.578125,84.4,2338.546875,0.0,0.0
1762969557.7823439,0.0,3897.578125,84.4,2338.546875,0.0,0.0
1762969557.917703,85.7,4139.265625,91.2,2483.559375,0.0,0.0
1762969558.046939,27.3,4598.53125,89.9,2759.11875,0.0,0.0
1762969558.170493,25.0,4873.71875,90.6,2924.23125,0.0,0.0
1762969558.2937222,27.3,4907.03125,91.0,2944.21875,0.0,0.0
1762969558.417253,12.5,4935.8125,91.4,2961.4874999999997,0.0,0.0
1762969558.5430899,0.0,4958.4375,91.6,2975.0625,0.0,0.0
1762969558.681629,0.0,4979.375,91.6,2987.625,0.0,0.0
1762969558.8098502,0.0,4993.03125,91.6,2995.81875,0.0,0.0
1762969558.94109,37.5,5006.09375,91.6,3003.65625,0.0,0.0
1762969559.0646741,18.2,5037.109375,91.8,3022.265625,0.0,0.0
1762969559.18831,0.0,5037.109375,91.8,3022.265625,0.0,0.0
1762969559.3326468,0.0,5037.109375,91.8,3022.265625,0.0,0.0
1762969559.458391,0.0,5037.109375,91.8,3022.265625,0.0,0.0
1762969559.5861518,0.0,5037.109375,91.8,3022.265625,0.0,0.0
1762969559.714185,0.0,5037.109375,91.8,3022.265625,0.0,0.0
1762969559.8638458,0.0,5037.109375,91.8,3022.265625,0.0,0.0
1762969559.991037,33.3,4357.03125,89.5,2614.21875,0.0,0.0
1762969560.114319,20.0,4387.359375,89.8,2632.415625,0.0,0.0
1762969560.237386,45.5,4391.984375,89.6,2635.1906249999997,0.0,0.0
1762969560.361054,0.0,4421.34375,90.0,2652.80625,0.0,0.0
1762969560.4874701,0.0,4421.34375,90.0,2652.80625,0.0,0.0
1762969560.613767,0.0,4421.34375,90.0,2652.80625,0.0,0.0
1762969560.737159,0.0,4421.34375,90.0,2652.80625,0.0,0.0
1762969560.920379,0.0,4421.34375,90.0,2652.80625,0.0,0.0
1762969561.043648,25.0,4496.734375,89.7,2698.040625,0.0,0.0
1762969561.166791,0.0,4506.46875,89.8,2703.88125,0.0,0.0
1762969561.290329,0.0,4538.390625,90.2,2723.0343749999997,0.0,0.0
1762969561.415361,0.0,4725.765625,90.6,2835.459375,0.0,0.0
1762969561.5416121,0.0,5026.171875,91.4,3015.703125,0.0,0.0
1762969561.66568,0.0,5008.921875,91.8,3005.353125,0.0,0.0
1762969561.7890291,0.0,5005.40625,91.6,3003.24375,0.0,0.0
1762969561.9179552,0.0,5005.40625,91.6,3003.24375,0.0,0.0
1762969562.0424929,23.7,5005.40625,91.6,3003.24375,0.0,0.0
1762969562.165765,0.0,5033.453125,91.9,3020.071875,0.0,0.0
1762969562.2888908,0.0,5038.59375,91.5,3023.15625,0.0,0.0
1762969562.474112,0.0,5067.359375,91.9,3040.415625,0.0,0.0
1762969562.5962172,0.0,4594.359375,87.4,2756.615625,0.0,0.0
1762969562.723104,0.0,4492.90625,86.9,2695.74375,0.0,0.0
1762969562.887435,0.0,4352.28125,89.5,2611.36875,0.0,0.0
1762969563.012688,0.0,4350.71875,89.6,2610.43125,0.0,0.0
1762969563.139581,0.0,4350.71875,89.6,2610.43125,0.0,0.0
1762969563.2628329,10.0,4376.53125,89.7,2625.91875,0.0,0.0
1762969563.387182,0.0,4389.390625,89.9,2633.634375,0.0,0.0
1762969563.512195,0.0,4402.875,90.0,2641.725,0.0,0.0
1762969563.637097,0.0,4406.875,89.8,2644.125,0.0,0.0
1762969563.760129,0.0,4433.5625,89.8,2660.1375,0.0,0.0
1762969563.9088168,0.0,4469.453125,89.8,2681.671875,0.0,0.0
1762969564.032515,0.0,4511.5625,90.4,2706.9375,0.0,0.0
1762969564.227224,12.5,4518.65625,90.1,2711.19375,0.0,0.0
1762969564.3503191,12.5,4554.84375,90.2,2732.90625,0.0,0.0
1762969564.483924,50.0,4710.84375,91.0,2826.50625,0.0,0.0
1762969564.6089652,33.3,4710.84375,91.0,2826.50625,0.0,0.0
1762969564.736512,0.0,4710.84375,91.0,2826.50625,0.0,0.0
1762969564.861225,0.0,4710.84375,91.0,2826.50625,0.0,0.0
1762969564.990964,0.0,4710.84375,91.0,2826.50625,0.0,0.0
1762969565.118283,0.0,4710.84375,91.0,2826.50625,0.0,0.0
1762969565.2472231,50.0,4710.84375,91.0,2826.50625,0.0,0.0
1762969565.378197,33.3,6470.359375,96.2,3882.215625,0.0,0.0
1762969565.514389,0.0,6471.28125,96.2,3882.7687499999997,0.0,0.0
1762969565.658549,0.0,6464.609375,96.2,3878.765625,0.0,0.0
1762969565.7965791,0.0,6464.640625,96.2,3878.7843749999997,0.0,0.0
1762969565.9483619,0.0,6464.25,96.1,3878.5499999999997,0.0,0.0
1762969566.112766,0.0,6464.25,96.1,3878.5499999999997,0.0,0.0
1762969566.258086,21.4,6464.25,96.1,3878.5499999999997,0.0,0.0
1762969566.404479,20.0,6219.578125,93.0,3731.746875,0.0,0.0
1762969566.548414,0.0,5828.421875,90.2,3497.053125,0.0,0.0
1762969566.7559621,0.0,5828.421875,90.2,3497.053125,0.0,0.0
1762969568.954272,0.0,5828.421875,90.2,3497.053125,0.0,0.0
1762969569.0880058,0.0,2937.46875,73.3,1762.48125,0.0,0.0
