0.371826171875	0.71435546875	0.0	0.0	0.8115234375	0.61083984375	0.6064453125	0.07574462890625	0.162109375	0.4970703125	0.52783203125	0.73095703125	0.7080078125	0.325439453125	1.533203125	1.17578125	0.044036865234375	0.751953125	0.0	0.81005859375	0.85302734375	0.53271484375	0.0	0.0921630859375	0.0	0.09027099609375	0.7314453125	0.44482421875	0.0	0.38134765625	0.8544921875	0.66357421875	0.9130859375	0.380859375	0.46728515625	0.89208984375	0.80615234375	0.0	0.326416015625	0.0	0.0	0.2626953125	0.1602783203125	0.1373291015625	0.62841796875	0.80224609375	0.195556640625	0.453369140625	0.63330078125	0.66162109375	0.0	0.0	0.72021484375	0.74169921875	0.59716796875	0.8544921875	0.294921875	0.4736328125	0.253662109375	0.1905517578125	1.1845703125	0.496826171875	0.26708984375	1.0595703125	0.50927734375	0.94873046875	0.293212890625	1.41015625	1.078125	0.6484375	0.765625	0.350830078125	0.5380859375	0.0	0.70166015625	0.148193359375	0.192626953125	0.7509765625	1.1884765625	0.3515625	0.671875	0.89990234375	0.01018524169921875	0.1451416015625	0.3408203125	0.2117919921875	0.54931640625	0.224365234375	0.0	0.0279693603515625	0.0	1.015625	1.1669921875	0.346435546875	0.0	0.5556640625	0.1640625	0.9248046875	0.123291015625	0.474365234375	1.056640625	0.02471923828125	0.84765625	0.2254638671875	0.222900390625	0.53271484375	0.583984375	0.0	0.0	0.0	0.72021484375	0.98388671875	0.3330078125	0.0	0.966796875	0.443115234375	0.7763671875	0.6142578125	0.0	0.3154296875	0.478515625	1.2939453125	0.5537109375	0.0	0.289794921875	0.488037109375	0.26123046875	1.1376953125
0.0	0.8203125	0.0	1.0703125	1.0634765625	0.6943359375	0.2449951171875	0.1864013671875	0.087158203125	1.033203125	1.173828125	0.5869140625	0.0	0.0	1.3017578125	1.525390625	0.70068359375	0.82958984375	0.0	1.2900390625	0.529296875	0.0	0.181640625	0.0	0.203369140625	0.250244140625	0.0	0.5341796875	0.0	0.0	0.55859375	0.94384765625	0.73828125	0.258056640625	0.67578125	1.2431640625	1.076171875	0.088134765625	0.880859375	0.248779296875	0.83984375	0.5458984375	0.82568359375	0.0	0.51904296875	0.0	0.290771484375	0.2362060546875	0.34423828125	0.904296875	0.9140625	0.01215362548828125	0.360107421875	0.476318359375	0.038909912109375	1.1201171875	0.11968994140625	0.352294921875	0.392822265625	0.73828125	1.380859375	0.45166015625	0.51220703125	1.5185546875	0.44482421875	0.0	0.27734375	1.41015625	0.76318359375	0.533203125	1.0009765625	0.2047119140625	0.356689453125	0.0	0.748046875	0.18603515625	0.32861328125	1.724609375	1.5166015625	0.6875	0.138427734375	0.0	0.0	0.07965087890625	0.927734375	1.5888671875	0.76953125	1.5458984375	0.0	0.0	1.37890625	1.474609375	0.65625	0.88720703125	0.0	0.0	0.50341796875	0.97265625	0.6005859375	0.0	0.0	0.151123046875	0.0	0.0	0.46630859375	0.0	0.19482421875	0.0	0.76171875	1.404296875	0.93408203125	0.65771484375	0.327392578125	0.08935546875	0.0	0.14892578125	0.7412109375	0.0169677734375	0.0	1.595703125	0.51171875	0.1717529296875	0.27734375	1.79296875	0.9287109375	0.53564453125	0.487060546875	0.0
0.07635498046875	0.283447265625	0.0	0.0731201171875	0.93994140625	0.57861328125	0.468505859375	0.0	0.0	0.28759765625	0.5498046875	0.77197265625	0.7080078125	0.419921875	0.9873046875	0.93994140625	0.018463134765625	0.6064453125	0.0	0.572265625	0.5732421875	0.498779296875	0.0	0.10125732421875	0.0760498046875	0.171630859375	0.471435546875	0.355712890625	0.1630859375	0.332275390625	0.67333984375	0.53076171875	1.0458984375	0.398681640625	0.302490234375	0.75439453125	0.591796875	0.09515380859375	0.1829833984375	0.0	0.1505126953125	0.52685546875	0.169189453125	0.0643310546875	0.5576171875	0.57373046875	0.234619140625	0.380859375	0.61376953125	0.82763671875	0.17724609375	0.057830810546875	0.56103515625	0.525390625	0.5966796875	0.70263671875	0.2095947265625	0.32666015625	0.1580810546875	0.346923828125	1.3876953125	0.07464599609375	0.060943603515625	0.91162109375	0.38916015625	0.6611328125	0.39794921875	1.3623046875	0.70458984375	0.71142578125	0.86181640625	0.458740234375	0.259033203125	0.2049560546875	0.544921875	0.255859375	0.52099609375	0.4755859375	1.0859375	0.441650390625	0.5029296875	0.5068359375	0.0743408203125	0.239013671875	0.6220703125	0.337890625	0.5078125	0.239501953125	0.0	0.0	0.00357818603515625	0.86865234375	1.1748046875	0.55078125	0.021209716796875	0.50390625	0.454833984375	0.72705078125	0.2078857421875	0.52099609375	0.96533203125	0.140380859375	0.74462890625	0.316650390625	0.480712890625	0.2470703125	0.51123046875	0.0513916015625	0.0	0.0977783203125	0.73583984375	0.7333984375	0.28515625	0.1917724609375	1.1708984375	0.08843994140625	0.7734375	0.51904296875	0.1612548828125	0.712890625	0.70068359375	1.0205078125	0.63916015625	0.11004638671875	0.37060546875	0.38916015625	0.355224609375	1.09375
0.0016813278198242188	0.7509765625	0.0	0.0	0.73388671875	0.8515625	0.8828125	0.0	0.0	0.66650390625	0.5078125	0.8564453125	0.360107421875	0.7724609375	1.205078125	1.5224609375	0.004703521728515625	0.461181640625	0.0	1.1259765625	1.302734375	0.53515625	0.0	0.255615234375	0.0	0.0	1.0361328125	0.68408203125	0.0	0.25	1.1865234375	0.87255859375	0.408935546875	0.80126953125	0.88623046875	0.72265625	1.1728515625	0.0	0.626953125	0.0	0.0	0.0	0.173583984375	0.0	0.71728515625	0.372802734375	0.32763671875	0.4052734375	0.9306640625	0.82568359375	0.0	0.0	1.23828125	0.61083984375	0.5078125	1.2841796875	0.58740234375	0.69140625	0.0	0.3701171875	1.3369140625	0.21728515625	0.45068359375	0.70556640625	0.64794921875	0.458251953125	0.53955078125	1.92578125	1.1845703125	0.09197998046875	1.009765625	0.39599609375	0.389404296875	0.0	0.82958984375	0.0	0.0	0.258056640625	0.35546875	0.74267578125	0.58740234375	1.1826171875	0.1484375	0.60986328125	0.8427734375	0.50341796875	0.9765625	0.0938720703125	0.0	0.0	0.0	0.90283203125	1.3798828125	0.0	0.0	0.515625	0.043487548828125	0.8095703125	0.27099609375	0.7119140625	0.5439453125	0.0	0.92431640625	0.0	0.1888427734375	0.97216796875	0.78466796875	0.0	0.0	0.0	0.64306640625	1.298828125	0.049041748046875	0.0	0.82421875	0.0	1.1484375	0.038360595703125	0.0	0.58642578125	0.0182952880859375	1.296875	0.5234375	0.0	0.6005859375	0.95458984375	0.14111328125	0.92626953125
2.23828125	0.0	5.046875	0.0	0.8056640625	0.0	0.0	3.1328125	4.4296875	0.0	0.0	0.0	1.1357421875	0.0	0.0	0.82373046875	2.767578125	1.3173828125	2.40234375	0.0	0.0	0.0	2.57421875	0.0	3.849609375	2.591796875	0.0	0.0	3.8046875	0.0	0.0	0.0	5.3984375	0.0	0.0	0.0	0.0	4.07421875	0.0	2.0390625	0.0	0.0	0.0	2.697265625	0.0	0.0	2.615234375	3.54296875	0.0	0.0	3.7670135498046875e-05	2.830078125	0.0	2.3046875	0.0	0.0	0.0	0.0	1.2890625	0.0	0.0	0.0	0.463134765625	0.0	0.0	1.28515625	0.0	0.0	0.0	2.9140625	0.0	3.1640625	1.7158203125	2.025390625	0.0	1.138671875	3.060546875	1.4716796875	0.0	0.0	0.0	0.0	0.487548828125	0.0	0.0	0.0	0.0	0.256103515625	3.38671875	1.0615234375	1.240234375	0.0	0.0	0.0	1.5458984375	0.0	0.0	0.0	0.0	0.0	1.865234375	2.109375	0.0	3.8359375	0.3837890625	0.0	0.0	1.8271484375	0.34716796875	3.0390625	0.0	0.0	3.080078125	2.63671875	0.312744140625	0.0	0.0	0.0	3.705078125	0.0	0.0	0.85693359375	1.8291015625	2.037109375	0.0	0.27197265625	0.0	0.0
0.0	0.85400390625	0.0	0.0	0.88330078125	0.849609375	0.94970703125	0.0	0.0	0.6640625	0.7373046875	0.93896484375	0.299072265625	0.60400390625	1.33984375	1.328125	0.1866455078125	0.609375	0.0	1.140625	1.24609375	0.619140625	0.004619598388671875	0.266357421875	0.0	0.0	0.970703125	0.7080078125	0.0	0.297607421875	1.1240234375	0.88916015625	0.454345703125	0.7724609375	0.787109375	0.8896484375	1.1748046875	0.0	0.64208984375	0.0	0.11334228515625	0.0	0.12481689453125	0.0	0.70849609375	0.291259765625	0.188232421875	0.406982421875	1.0166015625	0.95361328125	0.0174102783203125	0.0	1.3671875	0.458740234375	0.64453125	1.2841796875	0.66357421875	0.66943359375	0.0	0.55126953125	1.3330078125	0.32421875	0.51806640625	0.8583984375	0.76708984375	0.62353515625	0.5966796875	1.8359375	1.20703125	0.268310546875	1.0234375	0.27783203125	0.483154296875	0.0	0.92529296875	0.0	0.0	0.328125	0.51025390625	0.71435546875	0.5341796875	1.041015625	0.0	0.67138671875	0.69580078125	0.264892578125	0.953125	0.24267578125	0.0	0.0	0.0	0.767578125	1.259765625	0.00982666015625	0.0	0.5498046875	0.212158203125	0.904296875	0.09027099609375	0.6435546875	0.65380859375	0.0	1.140625	0.0	0.10107421875	0.8916015625	0.3623046875	0.0	0.0	0.0	0.70458984375	1.1162109375	0.0	0.0	1.041015625	0.0	1.1240234375	0.0	0.0	0.7216796875	0.128173828125	1.3212890625	0.3125	0.0	0.58544921875	0.884765625	0.0	1.15625
0.0	0.748046875	0.0	0.0	0.861328125	0.8623046875	0.71533203125	0.0	0.0	0.53076171875	0.74462890625	0.90283203125	0.059326171875	0.78857421875	1.3115234375	1.37890625	0.0302734375	0.44580078125	0.0	1.142578125	1.4072265625	0.703125	0.07244873046875	0.396240234375	0.0	0.0	0.9951171875	0.69677734375	0.0	0.60498046875	1.1279296875	0.91259765625	0.396240234375	0.9306640625	0.8720703125	0.93896484375	1.2294921875	0.0	0.44677734375	0.0	0.11871337890625	0.0	0.1292724609375	0.0	0.78076171875	0.4052734375	0.07452392578125	0.2374267578125	0.95458984375	0.8837890625	0.09619140625	0.0	1.32421875	0.482177734375	0.475830078125	1.3427734375	0.7060546875	0.67919921875	0.0	0.64599609375	1.4931640625	0.43603515625	0.439453125	0.86865234375	0.720703125	0.88525390625	0.4189453125	1.8232421875	1.1103515625	0.09149169921875	0.88525390625	0.159423828125	0.403564453125	0.0	0.89599609375	0.0	0.0	0.0	0.445068359375	0.779296875	0.7216796875	0.9599609375	0.04913330078125	0.689453125	0.85302734375	0.231689453125	0.74609375	0.296875	0.0	0.0	0.051513671875	0.6845703125	1.2646484375	0.0	0.0	0.56396484375	0.208251953125	1.0234375	0.0	0.81005859375	0.51123046875	0.020599365234375	1.201171875	0.0	0.0	0.828125	0.5458984375	0.0	0.0	0.0	0.337890625	1.068359375	0.0	0.0	1.080078125	0.0	1.13671875	0.091796875	0.0	0.6806640625	0.2841796875	1.3115234375	0.2474365234375	0.0	0.51708984375	1.0732421875	0.042877197265625	1.017578125
2.46484375	0.0	2.59765625	1.7841796875	0.0	0.0	0.464599609375	1.970703125	1.4677734375	0.0	0.0	0.0	2.66796875	1.546875	0.0	0.460205078125	0.0	0.3056640625	0.0	0.0	0.0	0.0	0.391845703125	0.10052490234375	1.5322265625	0.73828125	0.0	0.0	1.5986328125	0.494873046875	0.0	0.0	3.45703125	0.0	0.0	0.0	0.0	1.2021484375	0.0	0.4697265625	0.0	0.55712890625	0.86083984375	1.451171875	0.0	1.4619140625	1.5498046875	1.8037109375	0.0	0.0	0.0	1.4765625	0.0	0.8701171875	0.06689453125	0.0	0.0	0.0	1.79296875	0.0	0.19384765625	0.0	0.0	0.0	0.0	2.24609375	0.0	1.0703125	0.0	1.3681640625	0.0	3.302734375	1.5908203125	1.23828125	0.0	1.6416015625	0.9306640625	0.11492919921875	2.21875	0.0	0.0	0.290771484375	0.276611328125	0.0	0.0	0.428466796875	0.0	0.0	1.7578125	0.6181640625	0.9287109375	2.373046875	0.58935546875	0.0	0.6650390625	0.986328125	0.04766845703125	0.0	0.0	0.222412109375	2.376953125	2.634765625	0.0	2.22265625	1.0576171875	0.2060546875	0.0	0.80419921875	0.0	1.447265625	0.0	0.8642578125	1.8701171875	1.8271484375	0.8798828125	2.25	0.0	1.0126953125	1.642578125	0.0	0.4580078125	0.9638671875	0.84814453125	0.0	0.0	0.0	0.0	1.1318359375
0.0	0.9150390625	0.0	0.390380859375	0.0	0.54345703125	1.3134765625	0.10400390625	0.0853271484375	0.76611328125	0.0	1.576171875	0.0	0.452392578125	0.281982421875	0.403564453125	0.0	0.1900634765625	0.0	0.8125	1.4638671875	1.20703125	0.11956787109375	0.0207061767578125	0.0	0.271484375	1.552734375	0.72412109375	0.0	0.19091796875	1.7294921875	0.99560546875	0.0	0.73291015625	0.022705078125	0.9912109375	1.296875	0.0	1.298828125	0.0	0.0	0.9541015625	1.177734375	0.072998046875	0.384521484375	0.469482421875	0.0	0.0	0.98095703125	1.201171875	0.35205078125	0.0	0.87109375	0.0	0.6787109375	1.529296875	0.142578125	0.89453125	0.8017578125	0.418701171875	1.4462890625	0.7236328125	0.912109375	0.0	1.2822265625	0.0	2.12890625	1.8388671875	1.2392578125	0.0	1.466796875	0.0	0.0	0.76123046875	1.0625	0.0	0.0	0.0	0.0	0.86962890625	0.73291015625	0.75341796875	0.0	1.1591796875	0.5908203125	0.0	1.041015625	0.0	0.0	0.03546142578125	0.0	0.2242431640625	0.0	0.250244140625	0.1800537109375	0.41357421875	0.58544921875	0.5966796875	0.89794921875	0.09893798828125	0.0	0.0	0.7373046875	0.0	0.94287109375	0.78564453125	1.546875	0.45166015625	0.482421875	0.0	1.373046875	0.0	0.0	0.0	0.416259765625	0.693359375	1.4296875	0.0142974853515625	0.0	0.0	0.309814453125	0.3896484375	0.0	0.0	0.0	0.119873046875	0.7509765625	0.19580078125
2.234375	0.0	5.08203125	0.0	0.767578125	0.0	0.0	3.072265625	4.4375	0.0	0.0	0.0	1.154296875	0.0	0.0	0.86328125	2.76171875	1.3203125	2.380859375	0.0	0.0	0.0	2.576171875	0.0	3.83984375	2.58203125	0.0	0.0	3.798828125	0.0	0.0	0.0	5.35546875	0.0	0.0	0.0	0.0	4.08984375	0.0	2.029296875	0.0	0.0	0.0	2.712890625	0.0	0.0	2.623046875	3.537109375	0.0	0.0	3.7670135498046875e-05	2.826171875	0.0	2.287109375	0.0	0.0	0.0	0.0	1.3408203125	0.0	0.0	0.0	0.45458984375	0.0	0.0	1.2705078125	0.0	0.0	0.0	2.916015625	0.0	3.1953125	1.6904296875	1.9765625	0.0	1.1435546875	3.052734375	1.4814453125	0.0	0.0	0.0	0.0	0.47216796875	0.0	0.0	0.0	0.0	0.245849609375	3.375	1.0498046875	1.23046875	0.0	0.0	0.0	1.537109375	0.0	0.0	0.0	0.0	0.0	1.8671875	2.115234375	0.0	3.8359375	0.40087890625	0.0	0.0	1.802734375	0.30517578125	3.03515625	0.0	0.0	3.10546875	2.6796875	0.3212890625	0.0	0.0	0.0	3.69921875	0.0	0.0	0.8896484375	1.8369140625	2.01953125	0.0	0.2626953125	0.0	0.0
0.0	0.8037109375	0.0	0.0	0.2005615234375	1.01171875	0.431640625	0.0	0.0	0.68017578125	0.81298828125	0.99267578125	0.2919921875	0.048797607421875	1.1982421875	1.1591796875	0.1767578125	0.0	0.0	1.0234375	1.068359375	0.50048828125	0.0	0.2403564453125	0.0	0.0	0.459716796875	0.78076171875	0.0	0.0	1.2080078125	1.01953125	0.326904296875	0.72802734375	1.1826171875	0.8779296875	1.3271484375	0.0	0.830078125	0.0	0.53173828125	0.0374755859375	0.399658203125	0.0	0.97705078125	0.185302734375	0.0	0.0751953125	1.0771484375	1.134765625	0.666015625	0.0	1.0146484375	0.0	0.4892578125	1.431640625	0.76708984375	0.57666015625	0.0	1.130859375	0.54296875	0.6220703125	0.57080078125	0.99169921875	0.85302734375	0.35107421875	0.53369140625	1.9345703125	1.26171875	0.3134765625	1.1064453125	0.0	0.46875	0.0	0.884765625	0.0	0.0	0.421630859375	0.72802734375	0.9111328125	0.1688232421875	0.67822265625	0.0	0.99365234375	0.285400390625	1.078125	0.93115234375	0.802734375	0.0	0.0	0.35107421875	0.440185546875	0.60888671875	0.448486328125	0.0	0.0	0.666015625	1.2216796875	0.1466064453125	0.409912109375	0.0	0.057769775390625	0.97412109375	0.0	0.1697998046875	0.240966796875	0.8564453125	0.0	0.591796875	0.0	0.8642578125	0.75439453125	0.0	0.0	0.304443359375	0.0	1.0205078125	0.94482421875	0.0	0.90283203125	0.27392578125	0.145263671875	0.0	0.03643798828125	0.73974609375	0.486328125	0.039581298828125	0.7998046875
2.23828125	0.0	5.046875	0.0	0.8056640625	0.0	0.0	3.1328125	4.4296875	0.0	0.0	0.0	1.1357421875	0.0	0.0	0.82373046875	2.767578125	1.3173828125	2.40234375	0.0	0.0	0.0	2.57421875	0.0	3.849609375	2.591796875	0.0	0.0	3.8046875	0.0	0.0	0.0	5.3984375	0.0	0.0	0.0	0.0	4.07421875	0.0	2.0390625	0.0	0.0	0.0	2.697265625	0.0	0.0	2.615234375	3.54296875	0.0	0.0	3.7670135498046875e-05	2.830078125	0.0	2.3046875	0.0	0.0	0.0	0.0	1.2890625	0.0	0.0	0.0	0.463134765625	0.0	0.0	1.28515625	0.0	0.0	0.0	2.9140625	0.0	3.1640625	1.7158203125	2.025390625	0.0	1.138671875	3.060546875	1.4716796875	0.0	0.0	0.0	0.0	0.487548828125	0.0	0.0	0.0	0.0	0.256103515625	3.38671875	1.0615234375	1.240234375	0.0	0.0	0.0	1.5458984375	0.0	0.0	0.0	0.0	0.0	1.865234375	2.109375	0.0	3.8359375	0.3837890625	0.0	0.0	1.8271484375	0.34716796875	3.0390625	0.0	0.0	3.080078125	2.63671875	0.312744140625	0.0	0.0	0.0	3.705078125	0.0	0.0	0.85693359375	1.8291015625	2.037109375	0.0	0.27197265625	0.0	0.0
0.0	0.77001953125	0.0	0.0	0.7392578125	0.79345703125	0.6806640625	0.0	0.0	0.62548828125	0.505859375	0.93798828125	0.047576904296875	0.466552734375	1.5546875	1.2880859375	0.201416015625	0.54931640625	0.0	1.1298828125	1.1953125	0.6025390625	0.0	0.116455078125	0.0	0.0	0.92431640625	0.662109375	0.0	0.1876220703125	1.1630859375	0.916015625	0.53662109375	0.701171875	0.74462890625	0.98095703125	1.22265625	0.0	0.677734375	0.0	0.0029239654541015625	0.004093170166015625	0.14697265625	0.0	0.78076171875	0.39208984375	0.06658935546875	0.310791015625	0.91796875	0.84814453125	0.26171875	0.0	1.1806640625	0.3544921875	0.45068359375	1.283203125	0.47314453125	0.646484375	0.0	0.62890625	1.09765625	0.474853515625	0.45458984375	0.82568359375	0.65966796875	0.541015625	0.6923828125	1.90234375	1.25	0.1939697265625	1.0537109375	0.07244873046875	0.293701171875	0.0	0.9228515625	0.0	0.0	0.294677734375	0.73291015625	0.6865234375	0.59912109375	0.97314453125	0.1285400390625	0.68603515625	0.4833984375	0.724609375	0.8974609375	0.1495361328125	0.0	0.0	0.0	0.83544921875	1.0859375	0.0	0.0	0.270751953125	0.3310546875	0.9833984375	0.171875	0.67333984375	0.64892578125	0.0	1.1455078125	0.0	0.30859375	0.802734375	0.7412109375	0.0	0.0	0.0	0.8232421875	1.2412109375	0.0799560546875	0.0	0.95556640625	0.0	1.06640625	0.401123046875	0.0	0.8857421875	0.42724609375	1.1259765625	0.309326171875	0.0	0.59619140625	0.7646484375	0.252197265625	0.96533203125
0.73193359375	0.53955078125	0.0	0.0	0.39111328125	0.85595703125	0.830078125	0.0	0.004772186279296875	0.345458984375	0.2666015625	0.71875	0.70068359375	0.8212890625	1.25390625	1.3662109375	0.1502685546875	0.6923828125	0.0	0.67919921875	0.642578125	0.341796875	0.0	0.1802978515625	0.0	0.0	0.8828125	0.459228515625	0.0	0.368408203125	0.99072265625	0.5419921875	0.8330078125	0.2783203125	0.7607421875	0.42529296875	0.67333984375	0.0	0.167724609375	0.0	0.0	0.0	0.7099609375	0.251708984375	0.58984375	1.05078125	0.4130859375	0.52392578125	0.7138671875	0.403564453125	0.0	0.0	0.9892578125	0.8486328125	0.6044921875	0.81201171875	0.2491455078125	0.413330078125	0.410400390625	0.0	1.0908203125	0.26318359375	0.10150146484375	0.63330078125	0.490234375	1.2841796875	0.30615234375	2.009765625	0.947265625	0.256103515625	1.1875	1.017578125	0.1917724609375	0.33447265625	0.455810546875	0.281982421875	0.088134765625	0.4453125	1.125	0.297119140625	1.0107421875	1.2255859375	0.060577392578125	0.2303466796875	0.4306640625	0.353271484375	0.564453125	0.0	0.0	0.0	0.0	0.875	1.5390625	0.054901123046875	0.07958984375	0.7666015625	0.10015869140625	0.62060546875	0.0	0.60888671875	1.1591796875	0.284912109375	0.66650390625	0.421875	0.1409912109375	0.89306640625	0.432373046875	0.0	0.0	0.011016845703125	0.459228515625	0.95068359375	0.468017578125	0.0	0.7109375	0.994140625	1.01953125	0.630859375	0.0623779296875	0.0	0.363525390625	1.4130859375	0.55517578125	0.0	0.334228515625	0.6806640625	0.2066650390625	0.93505859375
2.23828125	0.0	5.046875	0.0	0.8056640625	0.0	0.0	3.1328125	4.4296875	0.0	0.0	0.0	1.1357421875	0.0	0.0	0.8232421875	2.767578125	1.3173828125	2.40234375	0.0	0.0	0.0	2.57421875	0.0	3.849609375	2.591796875	0.0	0.0	3.8046875	0.0	0.0	0.0	5.3984375	0.0	0.0	0.0	0.0	4.07421875	0.0	2.0390625	0.0	0.0	0.0	2.697265625	0.0	0.0	2.615234375	3.54296875	0.0	0.0	3.7670135498046875e-05	2.830078125	0.0	2.3046875	0.0	0.0	0.0	0.0	1.2890625	0.0	0.0	0.0	0.463134765625	0.0	0.0	1.28515625	0.0	0.0	0.0	2.9140625	0.0	3.1640625	1.7158203125	2.025390625	0.0	1.138671875	3.060546875	1.470703125	0.0	0.0	0.0	0.0	0.487548828125	0.0	0.0	0.0	0.0	0.256103515625	3.38671875	1.0615234375	1.240234375	0.0	0.0	0.0	1.5458984375	0.0	0.0	0.0	0.0	0.0	1.865234375	2.109375	0.0	3.8359375	0.3837890625	0.0	0.0	1.8271484375	0.34716796875	3.0390625	0.0	0.0	3.080078125	2.63671875	0.312744140625	0.0	0.0	0.0	3.705078125	0.0	0.0	0.8564453125	1.8291015625	2.037109375	0.0	0.272216796875	0.0	0.0
0.0	0.73095703125	0.0	0.0	0.9462890625	0.8154296875	0.6416015625	0.0	0.0	0.64208984375	0.58642578125	0.92578125	0.411865234375	0.19091796875	1.2138671875	1.314453125	0.25341796875	0.5107421875	0.0	1.0693359375	1.12890625	0.61376953125	0.0	0.014617919921875	0.0	0.0	0.70263671875	0.71875	0.0	0.2171630859375	1.0791015625	0.89111328125	0.5908203125	0.67578125	0.7548828125	0.765625	1.18359375	0.0	0.677734375	0.0	0.1566162109375	0.142578125	0.14697265625	0.0	0.7900390625	0.362060546875	0.0	0.33544921875	0.91796875	0.98046875	0.443603515625	0.0	1.0771484375	0.2744140625	0.416748046875	1.25	0.383056640625	0.6044921875	0.0	0.80078125	1.1376953125	0.4501953125	0.373779296875	1.0029296875	0.68310546875	0.449462890625	0.55859375	1.8759765625	1.234375	0.38916015625	1.0888671875	0.0	0.287353515625	0.0	1.0146484375	0.0	0.06549072265625	0.420166015625	0.66015625	0.736328125	0.4755859375	0.88330078125	0.1629638671875	0.6083984375	0.436279296875	0.740234375	0.88427734375	0.37158203125	0.0	0.0	0.0	0.6318359375	1.0048828125	0.030853271484375	0.0	0.185302734375	0.474365234375	1.0908203125	0.260986328125	0.5166015625	0.37353515625	0.0	1.240234375	0.0	0.2025146484375	0.552734375	0.69287109375	0.0	0.07666015625	0.0	0.80078125	0.99560546875	0.004039764404296875	0.0	0.7626953125	0.0	1.0947265625	0.5498046875	0.0	0.86865234375	0.411865234375	0.91162109375	0.309326171875	0.0	0.56103515625	0.77685546875	0.190673828125	0.94482421875
0.0	0.7392578125	0.0	0.0	0.8876953125	0.8515625	0.79443359375	0.0	0.0	0.6591796875	0.5146484375	1.0048828125	0.11102294921875	0.495849609375	1.1494140625	1.4697265625	0.2220458984375	0.4716796875	0.0	1.109375	1.177734375	0.642578125	0.0	0.12103271484375	0.0	0.0	0.90869140625	0.67529296875	0.0	0.1761474609375	1.1591796875	0.89453125	0.489013671875	0.72802734375	0.6357421875	0.87255859375	1.2080078125	0.0	0.7119140625	0.0	0.052703857421875	0.10101318359375	0.1602783203125	0.0	0.7724609375	0.4033203125	0.130126953125	0.275634765625	0.9384765625	0.876953125	0.33251953125	0.0	1.2626953125	0.325439453125	0.416748046875	1.28125	0.42431640625	0.63818359375	0.0	0.64501953125	1.21484375	0.443115234375	0.453369140625	0.763671875	0.72216796875	0.4970703125	0.7109375	1.923828125	1.1796875	0.185546875	1.140625	0.01678466796875	0.295654296875	0.0	0.9287109375	0.0	0.0024356842041015625	0.215087890625	0.5947265625	0.72705078125	0.477783203125	1.0390625	0.13623046875	0.724609375	0.56298828125	0.73779296875	0.92138671875	0.10260009765625	0.0	0.0	0.0	0.71484375	1.0498046875	0.0	0.0	0.32470703125	0.350830078125	0.91943359375	0.1728515625	0.625	0.57958984375	0.0	1.1171875	0.0	0.400390625	0.8037109375	0.7587890625	0.0	0.0	0.0	0.77880859375	1.1689453125	0.03497314453125	0.0	0.95849609375	0.0	1.166015625	0.307373046875	0.0	0.849609375	0.320068359375	1.0537109375	0.4013671875	0.0	0.515625	0.81982421875	0.2266845703125	0.951171875
0.0	0.86279296875	0.0	0.0	0.2447509765625	0.81005859375	0.806640625	0.0	0.0	0.58544921875	0.1978759765625	1.091796875	0.002925872802734375	0.64404296875	1.1494140625	1.060546875	0.0	0.66357421875	0.0	1.06640625	1.177734375	0.7900390625	0.08392333984375	0.1917724609375	0.0	0.0	1.052734375	0.65478515625	0.0	0.0841064453125	1.34375	0.90673828125	0.0	0.79541015625	0.447509765625	0.912109375	1.3427734375	0.0	0.90673828125	0.0	0.0899658203125	0.0236358642578125	0.63037109375	0.0172271728515625	0.6455078125	0.50634765625	0.2138671875	0.2069091796875	0.91455078125	0.8544921875	0.14013671875	0.0	1.4765625	0.0	0.439697265625	1.3037109375	0.439453125	0.8046875	0.079833984375	0.56494140625	0.97998046875	0.268798828125	0.477783203125	0.81103515625	0.890625	0.261962890625	1.0986328125	1.8388671875	1.15234375	0.0	1.0400390625	0.0	0.59619140625	0.0	0.919921875	0.0	0.0	0.08221435546875	0.61376953125	0.71240234375	0.66455078125	1.0908203125	0.0	0.7666015625	0.70947265625	1.130859375	1.0830078125	0.0309906005859375	0.0	0.0	0.0	0.904296875	0.93505859375	0.0	0.0	0.231689453125	0.39404296875	0.92041015625	0.2127685546875	0.55615234375	0.38134765625	0.0	1.0478515625	0.0	0.3505859375	0.6259765625	0.61572265625	0.0	0.0	0.0	0.82275390625	1.15234375	0.0631103515625	0.0	0.7041015625	0.0	1.119140625	0.0	0.0	0.6484375	0.2484130859375	1.123046875	0.192626953125	0.0	0.1697998046875	0.7333984375	0.08489990234375	0.71044921875
2.23828125	0.0	5.046875	0.0	0.8056640625	0.0	0.0	3.1328125	4.4296875	0.0	0.0	0.0	1.1357421875	0.0	0.0	0.82373046875	2.767578125	1.3173828125	2.40234375	0.0	0.0	0.0	2.57421875	0.0	3.849609375	2.591796875	0.0	0.0	3.8046875	0.0	0.0	0.0	5.3984375	0.0	0.0	0.0	0.0	4.07421875	0.0	2.0390625	0.0	0.0	0.0	2.697265625	0.0	0.0	2.615234375	3.54296875	0.0	0.0	3.7670135498046875e-05	2.830078125	0.0	2.3046875	0.0	0.0	0.0	0.0	1.2890625	0.0	0.0	0.0	0.463134765625	0.0	0.0	1.28515625	0.0	0.0	0.0	2.9140625	0.0	3.1640625	1.7158203125	2.025390625	0.0	1.138671875	3.060546875	1.4716796875	0.0	0.0	0.0	0.0	0.487548828125	0.0	0.0	0.0	0.0	0.256103515625	3.38671875	1.0615234375	1.240234375	0.0	0.0	0.0	1.5458984375	0.0	0.0	0.0	0.0	0.0	1.865234375	2.109375	0.0	3.8359375	0.3837890625	0.0	0.0	1.8271484375	0.34716796875	3.0390625	0.0	0.0	3.080078125	2.63671875	0.312744140625	0.0	0.0	0.0	3.705078125	0.0	0.0	0.85693359375	1.8291015625	2.037109375	0.0	0.27197265625	0.0	0.0
0.0	0.78662109375	0.0	0.0	0.37353515625	0.7412109375	0.73291015625	0.0	0.0	0.6171875	0.270751953125	1.02734375	0.0	0.66162109375	1.1533203125	1.1494140625	0.0489501953125	0.58837890625	0.0	1.0126953125	1.107421875	0.78955078125	0.0	0.10888671875	0.0	0.0	0.99462890625	0.6650390625	0.0	0.146484375	1.267578125	0.89111328125	0.017486572265625	0.7265625	0.619140625	0.78515625	1.2626953125	0.0	0.8349609375	0.0	0.02154541015625	0.13525390625	0.70556640625	0.0	0.724609375	0.52001953125	0.13134765625	0.33154296875	0.92578125	0.7763671875	0.250244140625	0.0	1.3564453125	0.079345703125	0.417236328125	1.2939453125	0.250732421875	0.7255859375	0.0	0.60595703125	1.2412109375	0.39794921875	0.388427734375	0.90576171875	0.78857421875	0.4111328125	1.009765625	1.8076171875	1.1650390625	0.0	1.0703125	0.0	0.4443359375	0.0	0.9541015625	0.0	0.021636962890625	0.1177978515625	0.492431640625	0.72900390625	0.640625	1.013671875	0.004077911376953125	0.77099609375	0.650390625	0.95458984375	0.96533203125	0.01030731201171875	0.0	0.0	0.0	0.89013671875	1.0283203125	0.0	0.0	0.2366943359375	0.4931640625	1.001953125	0.3076171875	0.5986328125	0.410888671875	0.0	1.095703125	0.0	0.478271484375	0.76953125	0.81103515625	0.0	0.0	0.0	0.88671875	1.0419921875	0.03497314453125	0.0	0.78515625	0.0	1.125	0.15771484375	0.0	0.56201171875	0.345458984375	1.0712890625	0.35791015625	0.0	0.31201171875	0.71875	0.343994140625	0.71630859375
0.0	0.63916015625	0.0	0.0	0.78466796875	0.89990234375	0.56982421875	0.0	0.0	0.461669921875	0.5693359375	0.97509765625	0.08050537109375	0.81005859375	1.1748046875	1.4140625	0.140380859375	0.2225341796875	0.0	1.076171875	1.1875	0.6259765625	0.0	0.11798095703125	0.0	0.0	0.8779296875	0.70849609375	0.0	0.28955078125	1.1279296875	0.9169921875	0.363525390625	0.77783203125	0.8203125	0.87548828125	1.2470703125	0.0	0.51416015625	0.0	0.0005536079406738281	0.0260772705078125	0.2978515625	0.0	0.82177734375	0.48486328125	0.0	0.1259765625	0.9130859375	0.921875	0.2213134765625	0.0	1.1650390625	0.450439453125	0.376953125	1.271484375	0.354248046875	0.6201171875	0.0	0.77490234375	1.294921875	0.43359375	0.2744140625	0.76220703125	0.66748046875	0.73193359375	0.6328125	1.90234375	1.0458984375	0.0968017578125	1.0595703125	0.1455078125	0.0	0.061187744140625	0.89306640625	0.0	0.09832763671875	0.0	0.630859375	0.7626953125	0.73681640625	0.900390625	0.279052734375	0.71533203125	0.76806640625	0.84375	0.73779296875	0.144775390625	0.0	0.0	0.049102783203125	0.81884765625	1.2431640625	0.0278472900390625	0.0	0.44970703125	0.431884765625	1.0625	0.054290771484375	0.81005859375	0.642578125	0.0	1.197265625	0.0	0.357666015625	0.56982421875	0.68896484375	0.0	0.0	0.0	0.6455078125	1.1572265625	0.03216552734375	0.03985595703125	1.0478515625	0.0	1.17578125	0.623046875	0.0	0.884765625	0.70361328125	0.94384765625	0.379638671875	0.0	0.63525390625	0.81298828125	0.234375	0.87353515625
2.23828125	0.0	5.046875	0.0	0.8056640625	0.0	0.0	3.1328125	4.4296875	0.0	0.0	0.0	1.1357421875	0.0	0.0	0.8232421875	2.767578125	1.3173828125	2.40234375	0.0	0.0	0.0	2.57421875	0.0	3.849609375	2.591796875	0.0	0.0	3.8046875	0.0	0.0	0.0	5.3984375	0.0	0.0	0.0	0.0	4.07421875	0.0	2.0390625	0.0	0.0	0.0	2.697265625	0.0	0.0	2.615234375	3.54296875	0.0	0.0	3.7670135498046875e-05	2.830078125	0.0	2.3046875	0.0	0.0	0.0	0.0	1.2890625	0.0	0.0	0.0	0.463134765625	0.0	0.0	1.28515625	0.0	0.0	0.0	2.9140625	0.0	3.1640625	1.7158203125	2.025390625	0.0	1.138671875	3.060546875	1.470703125	0.0	0.0	0.0	0.0	0.487548828125	0.0	0.0	0.0	0.0	0.256103515625	3.38671875	1.0615234375	1.240234375	0.0	0.0	0.0	1.5458984375	0.0	0.0	0.0	0.0	0.0	1.865234375	2.109375	0.0	3.8359375	0.3837890625	0.0	0.0	1.8271484375	0.34716796875	3.0390625	0.0	0.0	3.080078125	2.63671875	0.312744140625	0.0	0.0	0.0	3.705078125	0.0	0.0	0.8564453125	1.8291015625	2.037109375	0.0	0.272216796875	0.0	0.0
0.0	0.73095703125	0.0	0.0	0.77587890625	0.8046875	0.2197265625	0.0	0.0	0.483154296875	0.442138671875	0.97119140625	0.1768798828125	0.63525390625	1.37109375	1.361328125	0.11090087890625	0.326416015625	0.0	1.1533203125	1.2412109375	0.6962890625	0.0	0.3408203125	0.0	0.0	0.76611328125	0.75341796875	0.0	0.416015625	1.134765625	0.9833984375	0.403564453125	0.7822265625	0.650390625	0.92333984375	1.3125	0.0	0.54443359375	0.0	0.1839599609375	0.378662109375	0.09820556640625	0.0	0.89794921875	0.43896484375	0.00667572021484375	0.10150146484375	0.9365234375	1.0361328125	0.294189453125	0.0	1.0947265625	0.473876953125	0.43115234375	1.2919921875	0.403076171875	0.64111328125	0.0	0.8828125	1.30859375	0.55224609375	0.380126953125	1.015625	0.658203125	0.568359375	0.2210693359375	1.65625	1.0908203125	0.30908203125	0.939453125	0.0272216796875	0.0	0.0	0.845703125	0.0	0.0	0.10089111328125	0.73291015625	0.77734375	0.69677734375	0.998046875	0.004077911376953125	0.61669921875	0.64208984375	0.76416015625	0.765625	0.316650390625	0.0	0.0	0.11383056640625	1.033203125	1.1650390625	0.0	0.0	0.186767578125	0.48486328125	1.1318359375	0.133056640625	0.716796875	0.289794921875	0.14453125	1.0546875	0.0	0.0	0.398193359375	0.8330078125	0.0	0.0	0.0	0.623046875	1.1025390625	0.0	0.0	1.0341796875	0.0	1.16796875	0.55859375	0.0	0.9453125	0.37109375	1.029296875	0.34033203125	0.0	0.392822265625	1.0810546875	0.01006317138671875	0.76025390625
0.0	0.71826171875	0.0	0.0	0.85400390625	0.90869140625	0.8720703125	0.0	0.0	0.71142578125	0.489990234375	1.015625	0.0	0.53076171875	1.0009765625	1.51953125	0.139404296875	0.450927734375	0.0	1.1015625	1.1611328125	0.6884765625	0.0	0.049591064453125	0.0	0.0	0.93896484375	0.6640625	0.0	0.177734375	1.2158203125	0.892578125	0.301513671875	0.73681640625	0.5908203125	0.74560546875	1.2451171875	0.0	0.796875	0.0	0.078125	0.133544921875	0.1292724609375	0.0	0.66552734375	0.422607421875	0.1845703125	0.2293701171875	0.9130859375	0.80322265625	0.28955078125	0.0	1.341796875	0.326171875	0.44091796875	1.2939453125	0.319091796875	0.654296875	0.0	0.572265625	1.2724609375	0.408935546875	0.5107421875	0.7294921875	0.771484375	0.4130859375	0.7841796875	1.8798828125	1.1953125	0.13671875	1.150390625	0.0	0.32421875	0.0	0.9375	0.0	0.0	0.18701171875	0.54736328125	0.68994140625	0.4072265625	1.0966796875	0.08807373046875	0.7236328125	0.744140625	0.7822265625	0.94921875	0.09228515625	0.0	0.0	0.0	0.63134765625	0.9140625	0.0	0.0	0.3154296875	0.304443359375	0.78466796875	0.221435546875	0.55517578125	0.461669921875	0.0	0.94287109375	0.0	0.44140625	0.82861328125	0.83154296875	0.0	0.0	0.0	0.76611328125	1.1279296875	0.0	0.0	0.84521484375	0.0	1.2109375	0.186279296875	0.0	0.75048828125	0.1690673828125	0.9990234375	0.425048828125	0.0	0.420654296875	0.7998046875	0.305419921875	0.93505859375
0.0	0.6943359375	0.0	0.0	1.1328125	0.76416015625	0.6435546875	0.0	0.0	0.6669921875	0.5849609375	0.9521484375	0.40234375	0.1318359375	1.244140625	1.1591796875	0.24560546875	0.57275390625	0.0	1.123046875	1.1708984375	0.58740234375	0.0	0.08685302734375	0.0	0.00214385986328125	0.7373046875	0.64013671875	0.0	0.22705078125	0.99560546875	0.85986328125	0.61279296875	0.64892578125	0.59716796875	0.8515625	1.150390625	0.0	0.66748046875	0.0	0.16845703125	0.2705078125	0.1602783203125	0.0	0.7607421875	0.336669921875	0.01033782958984375	0.37744140625	0.849609375	1.0517578125	0.40771484375	0.0	1.115234375	0.396240234375	0.391845703125	1.1513671875	0.421142578125	0.580078125	0.0	0.7119140625	1.19921875	0.421630859375	0.340576171875	1.009765625	0.63720703125	0.5546875	0.5166015625	1.7529296875	1.134765625	0.428466796875	1.0556640625	0.022003173828125	0.3466796875	0.0	0.98046875	0.0	0.2210693359375	0.56689453125	0.6689453125	0.66455078125	0.572265625	0.8251953125	0.09417724609375	0.46240234375	0.52099609375	0.66259765625	0.82666015625	0.314208984375	0.0	0.0	0.0	0.7255859375	1.0791015625	0.00832366943359375	0.0	0.19482421875	0.424072265625	1.1025390625	0.230224609375	0.478759765625	0.58447265625	0.0	1.255859375	0.0	0.287109375	0.57958984375	0.57666015625	0.0	0.0145111083984375	0.0	0.849609375	1.0078125	0.04058837890625	0.0	0.9609375	0.0	1.0458984375	0.464111328125	0.0	0.91552734375	0.4375	1.005859375	0.4189453125	0.0	0.462646484375	0.74755859375	0.11895751953125	0.87353515625
0.0	0.79931640625	0.0	0.0	0.89453125	0.83837890625	0.8017578125	0.0	0.0	0.6435546875	0.6171875	0.96484375	0.32958984375	0.55224609375	1.3076171875	1.3935546875	0.201416015625	0.476806640625	0.0	1.119140625	1.283203125	0.58544921875	0.0	0.214599609375	0.0	0.0	0.89111328125	0.66259765625	0.0	0.302490234375	1.11328125	0.88037109375	0.38525390625	0.7568359375	0.765625	0.83837890625	1.2607421875	0.0	0.63818359375	0.0	0.09161376953125	0.0	0.1292724609375	0.0	0.7841796875	0.36279296875	0.08123779296875	0.347412109375	0.98193359375	0.919921875	0.2340087890625	0.0	1.2724609375	0.3896484375	0.498291015625	1.2734375	0.54443359375	0.64111328125	0.0	0.677734375	1.0615234375	0.353515625	0.468505859375	0.861328125	0.712890625	0.60400390625	0.595703125	1.869140625	1.19921875	0.252685546875	1.0439453125	0.10028076171875	0.499267578125	0.0	0.91943359375	0.0	0.0	0.282958984375	0.5126953125	0.7255859375	0.5224609375	0.98583984375	0.08502197265625	0.708984375	0.59033203125	0.658203125	0.9111328125	0.221923828125	0.0	0.0	0.0	0.7197265625	1.1962890625	0.0	0.0	0.360595703125	0.280029296875	0.9794921875	0.122314453125	0.67138671875	0.5732421875	0.0	1.236328125	0.0	0.2445068359375	0.81640625	0.66552734375	0.0	0.0	0.0	0.7041015625	1.2119140625	0.0068511962890625	0.0	1.0380859375	0.0	1.115234375	0.18798828125	0.0	0.8310546875	0.276611328125	1.1552734375	0.318603515625	0.0	0.51806640625	0.85888671875	0.1441650390625	1.0556640625
0.0	0.87744140625	0.0	0.0	0.3251953125	0.482666015625	0.1925048828125	0.0	0.3193359375	1.1318359375	1.03515625	0.60009765625	0.0	0.0	2.671875	1.0703125	0.408935546875	0.7646484375	0.0	1.3896484375	0.89697265625	0.0	0.27587890625	0.0	0.0	0.1920166015625	0.59814453125	0.444091796875	0.0	0.0	0.99072265625	1.1728515625	0.56005859375	0.5048828125	0.468994140625	1.5224609375	1.263671875	0.0	0.81103515625	0.00376129150390625	0.251220703125	0.0	0.0	0.1759033203125	0.398193359375	0.0	0.234619140625	0.40673828125	0.435546875	0.87939453125	0.144775390625	0.0	0.78564453125	0.427978515625	0.253662109375	1.3056640625	0.007015228271484375	0.60595703125	0.0	0.39453125	1.1376953125	0.5458984375	0.62841796875	1.0712890625	0.48876953125	0.449951171875	0.28564453125	1.6123046875	1.326171875	0.2069091796875	1.021484375	0.1802978515625	0.0	0.0	0.83447265625	0.0	0.0	1.359375	1.681640625	0.5478515625	0.79345703125	0.1956787109375	0.0	0.2156982421875	0.70703125	1.1025390625	0.8818359375	0.76611328125	0.0	0.0	0.89013671875	1.49609375	0.57275390625	0.52978515625	0.0	0.0	0.126220703125	1.099609375	0.603515625	0.011077880859375	0.326904296875	0.01398468017578125	0.42333984375	0.0	0.10302734375	0.0	0.669921875	0.0	0.1259765625	0.78076171875	1.0380859375	1.26171875	0.36962890625	0.0	0.384033203125	0.0	0.66015625	0.32080078125	0.0	1.220703125	0.4375	1.03515625	0.0	0.72021484375	0.89599609375	0.1964111328125	0.328125	0.030670166015625
0.0	0.83740234375	0.0	0.0	0.407958984375	0.669921875	0.472412109375	0.0	0.053466796875	0.8134765625	0.8310546875	0.90185546875	0.0	0.221923828125	2.3203125	1.220703125	0.0	0.393798828125	0.0	1.2431640625	0.9091796875	0.31640625	0.0	0.0	0.0	0.0826416015625	0.87109375	0.67822265625	0.0	0.0	1.1650390625	1.0556640625	0.54931640625	0.70166015625	0.86474609375	1.123046875	1.3310546875	0.0	0.5625	0.0	0.0	0.160400390625	0.0	0.0	0.64501953125	0.216796875	0.011566162109375	0.211669921875	0.8828125	0.63232421875	0.0	0.0	1.0078125	0.67919921875	0.43896484375	1.33203125	0.1927490234375	0.71240234375	0.0	0.54833984375	1.2431640625	0.33203125	0.51904296875	0.74853515625	0.50927734375	0.8818359375	0.60205078125	1.8779296875	1.3271484375	0.1697998046875	0.662109375	0.28125	0.35888671875	0.0	0.73291015625	0.0	0.0	0.62451171875	1.3291015625	0.60986328125	0.67529296875	0.87646484375	0.0	0.55908203125	0.693359375	0.4306640625	1.0927734375	0.2666015625	0.0	0.0	0.0	0.72900390625	0.94921875	0.0413818359375	0.0	0.0	0.24609375	0.810546875	0.30810546875	0.53564453125	0.66552734375	0.0	0.93994140625	0.0	0.1409912109375	0.5478515625	0.80517578125	0.0	0.0	0.0	0.9990234375	1.2080078125	0.3359375	0.0	0.7333984375	0.0	1.0302734375	0.55029296875	0.0	0.8193359375	0.3916015625	0.9990234375	0.27734375	0.0	0.765625	0.3212890625	0.361328125	0.837890625
0.0	0.74267578125	0.0	0.0	1.05078125	0.71484375	0.10107421875	0.481201171875	0.0	0.220947265625	0.1732177734375	0.634765625	0.8232421875	0.7353515625	1.1484375	1.232421875	0.0	0.71533203125	0.0	0.609375	1.2392578125	0.880859375	0.0	0.6806640625	0.0	0.0	0.6240234375	0.37890625	0.0	0.440673828125	0.70263671875	0.7890625	0.9404296875	0.75390625	0.505859375	1.0556640625	0.82470703125	0.11859130859375	0.1943359375	0.0	0.369140625	0.56494140625	0.36865234375	0.0	0.78662109375	0.76708984375	0.0	0.08477783203125	0.9541015625	0.26220703125	0.1204833984375	0.0	0.7978515625	0.0	0.814453125	1.1435546875	0.74267578125	0.4150390625	1.0107421875	1.0546875	0.7978515625	0.919921875	0.0	1.3828125	0.439697265625	0.80126953125	0.0	1.0	0.75390625	0.58056640625	0.483154296875	0.0	0.59521484375	0.0	0.39306640625	0.4462890625	0.180419921875	0.13720703125	0.89697265625	0.796875	0.62744140625	0.431884765625	0.0	0.72412109375	0.6171875	0.52783203125	0.2471923828125	0.716796875	0.22412109375	0.0	0.1629638671875	0.92919921875	1.3828125	0.0	0.01174163818359375	0.552734375	0.802734375	1.396484375	0.0	0.7607421875	0.7275390625	0.479736328125	1.4814453125	0.0	0.21044921875	0.0	0.70166015625	0.0	0.0	0.0	0.361328125	0.8935546875	0.36962890625	1.2646484375	1.296875	0.0	0.60791015625	0.60986328125	0.255126953125	1.0166015625	0.7138671875	0.49072265625	0.72216796875	0.0	0.353759765625	0.92236328125	0.31982421875	0.61328125
0.0	0.603515625	0.0	0.6435546875	1.2841796875	0.80029296875	0.51123046875	0.0	0.0	1.0166015625	1.212890625	0.8857421875	0.1768798828125	0.0	1.3642578125	1.453125	0.479736328125	0.64013671875	0.0	1.380859375	0.8505859375	0.0670166015625	0.0850830078125	0.0	0.0	0.141357421875	0.284912109375	0.62744140625	0.0	0.0	0.75048828125	0.955078125	0.4580078125	0.5283203125	0.3408203125	1.228515625	1.1708984375	0.07550048828125	0.8095703125	0.2471923828125	0.251953125	0.58251953125	0.2357177734375	0.11956787109375	0.583984375	0.0	0.38623046875	0.62353515625	0.53857421875	1.009765625	0.35107421875	0.0	0.8828125	0.84521484375	0.265625	1.0927734375	0.0	0.45263671875	0.2015380859375	0.57470703125	1.5166015625	0.2489013671875	0.439453125	1.275390625	0.55126953125	0.70703125	0.279541015625	1.6650390625	0.9482421875	0.45361328125	1.0859375	0.33349609375	0.1876220703125	0.0	0.873046875	0.0	0.277587890625	1.447265625	1.7548828125	0.67431640625	0.54638671875	0.396484375	0.0	0.1324462890625	0.990234375	0.77099609375	0.93603515625	0.974609375	0.0	0.0	1.0341796875	0.88623046875	0.85009765625	1.08984375	0.0	0.0	0.35302734375	0.8291015625	0.41455078125	0.0	0.50341796875	0.12548828125	0.83251953125	0.0	0.3203125	0.1976318359375	0.023651123046875	0.0	0.489501953125	0.833984375	1.0771484375	0.708984375	0.268310546875	0.0	0.587890625	0.0	0.9140625	0.237548828125	0.0	1.2060546875	0.279052734375	0.95556640625	0.44677734375	1.072265625	0.54833984375	0.52880859375	0.0	0.2113037109375
0.0	0.6962890625	0.0	0.0	0.58056640625	0.81640625	0.367431640625	0.0	0.0	0.1995849609375	0.52490234375	0.79541015625	0.6513671875	0.8818359375	1.150390625	1.2451171875	0.0	0.352294921875	0.3974609375	0.80224609375	1.44921875	1.208984375	0.0	0.8662109375	0.0	0.0	0.78515625	0.5810546875	0.1927490234375	0.77880859375	1.009765625	0.9609375	0.316162109375	1.0107421875	1.005859375	1.2490234375	1.1640625	0.16748046875	0.32763671875	0.0	0.49755859375	0.1376953125	0.568359375	0.0	0.93212890625	0.67529296875	0.0	0.0	0.953125	0.1927490234375	0.13330078125	0.0	1.150390625	0.0	0.2138671875	1.4814453125	1.19921875	0.61572265625	0.236328125	0.89794921875	0.91064453125	0.6064453125	0.0	1.1162109375	0.65673828125	1.0	0.3310546875	0.84423828125	1.0654296875	0.1524658203125	0.658203125	0.03765869140625	0.71142578125	0.0	0.467041015625	0.259033203125	0.0462646484375	0.0	0.0	0.95263671875	0.6103515625	0.36279296875	0.1728515625	1.111328125	1.2099609375	0.432861328125	0.7294921875	0.76171875	0.176025390625	0.0	0.352294921875	0.5048828125	1.56640625	0.0	0.0	0.68896484375	0.72412109375	1.341796875	0.0	0.82958984375	0.93896484375	0.201416015625	1.716796875	0.0	0.0	0.2470703125	0.80517578125	0.0	0.0	0.0	0.4482421875	0.7177734375	0.0	1.193359375	1.2294921875	0.0	0.94189453125	0.36181640625	0.160888671875	0.6142578125	0.67041015625	0.390625	0.468505859375	0.0	0.451416015625	1.0078125	0.282470703125	0.47802734375
2.23828125	0.0	5.046875	0.0	0.8056640625	0.0	0.0	3.1328125	4.4296875	0.0	0.0	0.0	1.1357421875	0.0	0.0	0.8232421875	2.767578125	1.3173828125	2.40234375	0.0	0.0	0.0	2.57421875	0.0	3.849609375	2.591796875	0.0	0.0	3.8046875	0.0	0.0	0.0	5.3984375	0.0	0.0	0.0	0.0	4.07421875	0.0	2.0390625	0.0	0.0	0.0	2.697265625	0.0	0.0	2.615234375	3.54296875	0.0	0.0	3.7670135498046875e-05	2.830078125	0.0	2.3046875	0.0	0.0	0.0	0.0	1.2890625	0.0	0.0	0.0	0.463134765625	0.0	0.0	1.28515625	0.0	0.0	0.0	2.9140625	0.0	3.1640625	1.7158203125	2.025390625	0.0	1.138671875	3.060546875	1.470703125	0.0	0.0	0.0	0.0	0.487548828125	0.0	0.0	0.0	0.0	0.256103515625	3.38671875	1.0615234375	1.240234375	0.0	0.0	0.0	1.5458984375	0.0	0.0	0.0	0.0	0.0	1.865234375	2.109375	0.0	3.8359375	0.3837890625	0.0	0.0	1.8271484375	0.34716796875	3.0390625	0.0	0.0	3.080078125	2.63671875	0.312744140625	0.0	0.0	0.0	3.705078125	0.0	0.0	0.8564453125	1.8291015625	2.037109375	0.0	0.272216796875	0.0	0.0
2.234375	0.0	5.08203125	0.0	0.767578125	0.0	0.0	3.072265625	4.4375	0.0	0.0	0.0	1.154296875	0.0	0.0	0.86328125	2.76171875	1.3203125	2.380859375	0.0	0.0	0.0	2.576171875	0.0	3.83984375	2.58203125	0.0	0.0	3.798828125	0.0	0.0	0.0	5.35546875	0.0	0.0	0.0	0.0	4.08984375	0.0	2.029296875	0.0	0.0	0.0	2.712890625	0.0	0.0	2.623046875	3.537109375	0.0	0.0	3.7670135498046875e-05	2.826171875	0.0	2.287109375	0.0	0.0	0.0	0.0	1.3408203125	0.0	0.0	0.0	0.45458984375	0.0	0.0	1.2705078125	0.0	0.0	0.0	2.916015625	0.0	3.1953125	1.6904296875	1.9765625	0.0	1.1435546875	3.052734375	1.4814453125	0.0	0.0	0.0	0.0	0.47216796875	0.0	0.0	0.0	0.0	0.245849609375	3.375	1.0498046875	1.23046875	0.0	0.0	0.0	1.537109375	0.0	0.0	0.0	0.0	0.0	1.8671875	2.115234375	0.0	3.8359375	0.40087890625	0.0	0.0	1.802734375	0.30517578125	3.03515625	0.0	0.0	3.10546875	2.6796875	0.3212890625	0.0	0.0	0.0	3.69921875	0.0	0.0	0.8896484375	1.8369140625	2.01953125	0.0	0.2626953125	0.0	0.0
0.0	0.7119140625	0.0	0.0	0.86474609375	0.7509765625	0.2001953125	0.022918701171875	0.0	0.487548828125	0.428466796875	0.89892578125	0.146240234375	0.587890625	1.4501953125	1.3349609375	0.1639404296875	0.5703125	0.0	1.0771484375	1.2734375	0.68994140625	0.0	0.343017578125	0.0	0.0	0.7666015625	0.6474609375	0.0	0.416015625	1.0654296875	0.94189453125	0.52197265625	0.74951171875	0.5673828125	0.97607421875	1.2548828125	0.0	0.5380859375	0.0	0.10791015625	0.1669921875	0.1824951171875	0.0	0.853515625	0.52490234375	0.0	0.201416015625	0.91552734375	0.78271484375	0.29541015625	0.0	1.06640625	0.451416015625	0.5048828125	1.2802734375	0.43505859375	0.60498046875	0.036346435546875	0.84521484375	1.185546875	0.57275390625	0.335693359375	1.18359375	0.65869140625	0.64501953125	0.165283203125	1.5751953125	1.0634765625	0.303955078125	0.90478515625	0.0	0.0694580078125	0.0	0.85693359375	0.0	0.0100250244140625	0.1719970703125	0.81982421875	0.72900390625	0.76611328125	0.95849609375	0.0	0.615234375	0.65185546875	0.84814453125	0.6357421875	0.34765625	0.0	0.0	0.00118255615234375	1.0595703125	1.1689453125	0.0	0.0	0.284912109375	0.4716796875	1.1513671875	0.011505126953125	0.7314453125	0.426025390625	0.1527099609375	1.08984375	0.0	0.180908203125	0.4501953125	0.84619140625	0.0	0.0	0.0	0.6220703125	1.1455078125	0.0265350341796875	0.0	1.1650390625	0.0	1.0380859375	0.583984375	0.0	0.9150390625	0.42724609375	1.0341796875	0.360107421875	0.0	0.402587890625	1.0751953125	0.087890625	0.84375
0.0	0.74365234375	0.0	0.0	1.04296875	0.84619140625	0.8671875	0.0	0.0	0.66748046875	0.453857421875	0.98046875	0.498779296875	0.190185546875	1.2177734375	1.3955078125	0.281005859375	0.53125	0.0	1.14453125	1.1416015625	0.55615234375	0.0	0.09747314453125	0.0	0.0	0.908203125	0.7099609375	0.0	0.2138671875	1.0966796875	0.87890625	0.53076171875	0.61376953125	0.415771484375	0.57421875	1.1416015625	0.0	0.69677734375	0.0	0.0157928466796875	0.1221923828125	0.0	0.0	0.71533203125	0.337646484375	0.208984375	0.41796875	0.853515625	1.0654296875	0.333740234375	0.0	1.0732421875	0.376220703125	0.4130859375	1.19140625	0.316162109375	0.603515625	0.0	0.76611328125	1.2314453125	0.28466796875	0.4580078125	0.646484375	0.6650390625	0.5029296875	0.70068359375	1.978515625	1.2177734375	0.35009765625	1.0029296875	0.02374267578125	0.31591796875	0.068359375	0.95263671875	0.0	0.03729248046875	0.404541015625	0.6484375	0.6806640625	0.56982421875	1.0068359375	0.082763671875	0.4169921875	0.482666015625	0.69580078125	1.00390625	0.135986328125	0.0	0.0	0.0	0.74755859375	1.001953125	0.0	0.0	0.13623046875	0.405517578125	0.89453125	0.26171875	0.446533203125	0.39892578125	0.0	1.2265625	0.0	0.053924560546875	0.6767578125	0.61279296875	0.0	0.04010009765625	0.0	0.66162109375	1.0703125	0.0855712890625	0.0	0.93603515625	0.0	1.224609375	0.1795654296875	0.0	0.90966796875	0.215087890625	1.0791015625	0.37548828125	0.0	0.51708984375	0.71875	0.00958251953125	0.88037109375
2.23828125	0.0	5.046875	0.0	0.8056640625	0.0	0.0	3.1328125	4.4296875	0.0	0.0	0.0	1.1357421875	0.0	0.0	0.8232421875	2.767578125	1.3173828125	2.40234375	0.0	0.0	0.0	2.57421875	0.0	3.849609375	2.591796875	0.0	0.0	3.8046875	0.0	0.0	0.0	5.3984375	0.0	0.0	0.0	0.0	4.07421875	0.0	2.0390625	0.0	0.0	0.0	2.697265625	0.0	0.0	2.615234375	3.54296875	0.0	0.0	3.7670135498046875e-05	2.830078125	0.0	2.3046875	0.0	0.0	0.0	0.0	1.2890625	0.0	0.0	0.0	0.463134765625	0.0	0.0	1.28515625	0.0	0.0	0.0	2.9140625	0.0	3.1640625	1.7158203125	2.025390625	0.0	1.138671875	3.060546875	1.470703125	0.0	0.0	0.0	0.0	0.487548828125	0.0	0.0	0.0	0.0	0.256103515625	3.38671875	1.0615234375	1.240234375	0.0	0.0	0.0	1.5458984375	0.0	0.0	0.0	0.0	0.0	1.865234375	2.109375	0.0	3.8359375	0.3837890625	0.0	0.0	1.8271484375	0.34716796875	3.0390625	0.0	0.0	3.080078125	2.63671875	0.312744140625	0.0	0.0	0.0	3.705078125	0.0	0.0	0.8564453125	1.8291015625	2.037109375	0.0	0.272216796875	0.0	0.0
1.146484375	0.402587890625	0.2340087890625	0.0	0.040863037109375	0.63818359375	0.857421875	0.0188140869140625	0.0	0.459228515625	0.73876953125	0.53125	0.46826171875	0.18017578125	1.3564453125	1.279296875	0.09710693359375	1.185546875	0.0	0.501953125	0.52197265625	0.45849609375	0.2080078125	0.289794921875	0.023040771484375	0.0	0.85498046875	0.404541015625	0.5322265625	0.60498046875	0.93798828125	0.33349609375	1.0185546875	0.08831787109375	0.55908203125	0.447265625	0.2822265625	0.2418212890625	0.0	0.0	0.0	0.0	0.324462890625	0.0	0.5078125	1.05859375	0.64794921875	0.8173828125	0.403564453125	0.244384765625	0.0	0.0	0.72119140625	1.2275390625	0.62890625	0.71484375	0.66650390625	0.397216796875	0.1842041015625	0.0	1.5556640625	0.0	0.1483154296875	0.6259765625	0.2366943359375	1.072265625	0.0	1.7685546875	1.1025390625	0.11907958984375	0.87744140625	1.44140625	0.3486328125	0.06890869140625	0.44482421875	0.30517578125	0.0184783935546875	0.9033203125	0.76904296875	0.10028076171875	1.068359375	1.2412109375	0.0	0.0511474609375	0.61083984375	0.0	0.4560546875	0.0	0.0	0.0	0.0	0.98876953125	1.80078125	1.111328125	0.1800537109375	1.216796875	0.0	0.375732421875	0.367431640625	0.293212890625	1.580078125	0.0	0.0465087890625	0.69873046875	0.0	0.9033203125	0.0	0.0	0.0	0.188232421875	0.30615234375	0.337646484375	0.52978515625	0.0	0.8466796875	2.8515625	0.880859375	0.1524658203125	0.295654296875	0.0	0.08221435546875	1.830078125	0.6923828125	0.0	0.43603515625	0.69970703125	0.301025390625	0.9404296875
2.234375	0.0	5.08203125	0.0	0.767578125	0.0	0.0	3.072265625	4.4375	0.0	0.0	0.0	1.154296875	0.0	0.0	0.86328125	2.76171875	1.3203125	2.380859375	0.0	0.0	0.0	2.576171875	0.0	3.83984375	2.58203125	0.0	0.0	3.798828125	0.0	0.0	0.0	5.35546875	0.0	0.0	0.0	0.0	4.08984375	0.0	2.029296875	0.0	0.0	0.0	2.712890625	0.0	0.0	2.623046875	3.537109375	0.0	0.0	3.7670135498046875e-05	2.826171875	0.0	2.287109375	0.0	0.0	0.0	0.0	1.3408203125	0.0	0.0	0.0	0.45458984375	0.0	0.0	1.2705078125	0.0	0.0	0.0	2.916015625	0.0	3.1953125	1.6904296875	1.9765625	0.0	1.1435546875	3.052734375	1.4814453125	0.0	0.0	0.0	0.0	0.47216796875	0.0	0.0	0.0	0.0	0.245849609375	3.375	1.0498046875	1.23046875	0.0	0.0	0.0	1.537109375	0.0	0.0	0.0	0.0	0.0	1.8671875	2.115234375	0.0	3.8359375	0.40087890625	0.0	0.0	1.802734375	0.30517578125	3.03515625	0.0	0.0	3.10546875	2.6796875	0.3212890625	0.0	0.0	0.0	3.69921875	0.0	0.0	0.8896484375	1.8369140625	2.01953125	0.0	0.2626953125	0.0	0.0
0.548828125	0.63330078125	0.0	1.154296875	0.6943359375	0.276611328125	0.484130859375	0.40673828125	0.1358642578125	1.041015625	1.2734375	0.4306640625	0.50830078125	0.0	1.2998046875	0.63720703125	0.572265625	1.1416015625	0.1715087890625	0.95947265625	0.34716796875	0.0	0.3310546875	0.0	0.576171875	0.319580078125	0.0	0.246337890625	0.244140625	0.0	0.32666015625	0.403564453125	1.0224609375	0.0	0.370849609375	0.765625	0.46142578125	0.51953125	0.34033203125	0.0	0.0	0.0	0.0	0.0	0.0966796875	0.0	0.5927734375	1.095703125	0.0	0.54296875	0.0	0.0908203125	0.418701171875	1.166015625	0.0	0.5009765625	0.0	0.1612548828125	0.0	0.0	1.669921875	0.0	0.662109375	0.78857421875	0.0	0.114501953125	0.0	0.7060546875	0.70556640625	0.560546875	0.291259765625	1.3857421875	0.63671875	0.09661865234375	0.58349609375	0.1719970703125	0.52197265625	2.013671875	0.97119140625	0.060577392578125	0.630859375	0.0	0.0	0.0	1.10546875	0.44384765625	0.54052734375	0.61669921875	0.0268707275390625	0.0	0.70068359375	0.634765625	0.7802734375	1.6611328125	0.059600830078125	0.0	0.0	0.470458984375	0.521484375	0.0	0.9873046875	0.0164642333984375	0.2032470703125	0.37060546875	0.2091064453125	0.0	0.0	0.0	0.0	1.279296875	0.921875	0.0	0.6787109375	0.6357421875	0.720703125	0.7392578125	0.423583984375	0.11944580078125	0.46044921875	0.4033203125	0.386474609375	1.1396484375	1.0419921875	1.5478515625	0.87255859375	0.340087890625	0.0	0.0
0.0	0.63427734375	0.0	0.086181640625	0.71728515625	0.8125	0.367431640625	0.127197265625	0.0	0.8515625	1.306640625	1.0625	0.0	0.0	1.8076171875	1.4423828125	0.0	0.0	0.0	1.376953125	0.69287109375	0.148681640625	0.0	0.0	0.0	0.329833984375	0.52880859375	0.7998046875	0.0	0.0	0.9716796875	1.1640625	0.46728515625	0.68896484375	0.66748046875	1.4033203125	1.2607421875	0.0	0.6953125	0.2039794921875	0.268798828125	1.134765625	0.0006365776062011719	0.0	0.755859375	0.0	0.394775390625	0.1142578125	0.837890625	0.81005859375	0.284912109375	0.0	0.8076171875	0.92236328125	0.1787109375	1.2724609375	0.00853729248046875	0.69140625	0.0	0.77783203125	1.6103515625	0.43505859375	0.369384765625	0.953125	0.58447265625	0.9072265625	0.560546875	2.123046875	1.06640625	0.24609375	0.44189453125	0.1541748046875	0.1163330078125	0.0	0.70458984375	0.049224853515625	0.0	1.08984375	2.357421875	0.77197265625	0.2490234375	0.6689453125	0.0	0.42578125	1.025390625	0.13671875	1.197265625	1.0029296875	0.0	0.0	0.51513671875	0.7255859375	0.486083984375	0.73876953125	0.0	0.0	0.5576171875	0.54443359375	0.58056640625	0.149169921875	0.23291015625	0.0	1.0048828125	0.0	0.2301025390625	0.37353515625	0.71044921875	0.0	0.200927734375	0.051605224609375	0.90771484375	0.93408203125	0.4765625	0.0	0.71923828125	0.0	1.185546875	0.07666015625	0.0	1.1767578125	0.322509765625	0.74462890625	0.404541015625	0.82421875	0.5029296875	0.187255859375	0.08453369140625	0.27587890625
0.0	0.83740234375	0.0	0.0	0.86474609375	0.841796875	0.8076171875	0.0	0.0	0.6669921875	0.64599609375	0.89404296875	0.40478515625	0.6533203125	1.349609375	1.533203125	0.265380859375	0.58837890625	0.0	1.1259765625	1.177734375	0.517578125	0.0	0.1986083984375	0.0	0.0	0.90576171875	0.66064453125	0.0	0.27294921875	1.119140625	0.8779296875	0.5234375	0.70556640625	0.759765625	0.8642578125	1.169921875	0.0	0.60302734375	0.0	0.0	0.0	0.25341796875	0.0	0.7890625	0.468505859375	0.1734619140625	0.365966796875	0.9638671875	0.8818359375	0.12164306640625	0.0	1.30859375	0.382080078125	0.475830078125	1.2548828125	0.46533203125	0.62451171875	0.0	0.6474609375	1.1259765625	0.442138671875	0.472412109375	0.890625	0.7041015625	0.71142578125	0.53515625	1.88671875	1.189453125	0.297119140625	1.0712890625	0.169921875	0.47705078125	0.0	0.86865234375	0.0	0.0	0.334716796875	0.693359375	0.67236328125	0.54638671875	1.1435546875	0.09649658203125	0.6728515625	0.45068359375	0.52783203125	0.91845703125	0.2347412109375	0.0	0.0	0.0	0.75634765625	1.294921875	0.0	0.0	0.410888671875	0.227783203125	0.95947265625	0.0163726806640625	0.658203125	0.6474609375	0.0	1.140625	0.0	0.1619873046875	0.85791015625	0.60693359375	0.0	0.0	0.0	0.66845703125	1.294921875	0.0	0.0	0.98046875	0.0	1.1376953125	0.2125244140625	0.0	0.7265625	0.1793212890625	1.2333984375	0.412841796875	0.0	0.50439453125	0.89697265625	0.0640869140625	1.056640625
1.64453125	0.0	2.083984375	3.015625	0.873046875	0.0	0.0	1.7724609375	0.8662109375	0.42236328125	1.296875	0.1287841796875	0.94775390625	0.0	0.39453125	0.67626953125	1.291015625	0.58056640625	0.302001953125	0.01139068603515625	0.0	0.0	1.1591796875	0.0928955078125	1.8837890625	1.0966796875	0.0	0.0	1.0634765625	0.0	0.0	0.0	2.732421875	0.0	0.0	1.1826171875	0.0	1.5185546875	0.0	1.0751953125	1.0810546875	0.0	0.0	0.6943359375	0.0	0.0	0.93505859375	1.8564453125	0.0	1.1533203125	1.017578125	1.0703125	0.0	1.5078125	0.0	0.0	0.0	0.0	0.74072265625	0.0	0.74365234375	0.6982421875	0.79736328125	0.4599609375	0.0	0.16259765625	0.0	0.0	0.0	1.548828125	0.0	1.91796875	1.49609375	0.0	0.0	0.43310546875	1.4306640625	2.318359375	1.576171875	0.0	0.0	0.0	0.0	0.0	0.0	0.0	0.0	0.98291015625	1.369140625	0.223876953125	1.705078125	2.1015625	0.0	1.4599609375	0.6103515625	0.0	0.0	0.0	0.0	0.0	2.05078125	1.966796875	0.0	0.955078125	1.0634765625	0.0	0.0	0.8173828125	0.63232421875	2.611328125	0.0	0.0	1.2880859375	1.3095703125	1.453125	1.423828125	0.0	1.123046875	2.09375	1.4833984375	0.0	0.80224609375	0.86572265625	2.326171875	0.0	0.461181640625	0.0	0.0
0.0	0.765625	0.0	0.0	0.94140625	0.869140625	0.845703125	0.0	0.0	0.64208984375	0.370849609375	1.0166015625	0.2073974609375	0.492919921875	1.0712890625	1.509765625	0.169921875	0.435302734375	0.0	1.107421875	1.205078125	0.69091796875	0.0	0.1461181640625	0.0	0.0	0.921875	0.70751953125	0.0	0.1810302734375	1.18359375	0.91357421875	0.461669921875	0.74951171875	0.52587890625	0.89599609375	1.2021484375	0.0	0.70166015625	0.0	0.0970458984375	0.1776123046875	0.04498291015625	0.0	0.75244140625	0.3779296875	0.193115234375	0.22998046875	0.927734375	1.0166015625	0.3603515625	0.0	1.201171875	0.2303466796875	0.421142578125	1.298828125	0.34521484375	0.66943359375	0.0	0.7626953125	1.2666015625	0.486572265625	0.472900390625	0.69384765625	0.75341796875	0.418701171875	0.734375	1.92578125	1.2021484375	0.2236328125	1.1669921875	0.0	0.165283203125	0.0	0.94580078125	0.0	0.0	0.1392822265625	0.58349609375	0.75244140625	0.477783203125	1.0283203125	0.16064453125	0.71240234375	0.53857421875	0.72900390625	0.95751953125	0.07080078125	0.0	0.0	0.0	0.7724609375	0.9794921875	0.0	0.0	0.35546875	0.382568359375	0.94873046875	0.171875	0.591796875	0.44677734375	0.0	1.1259765625	0.0	0.29736328125	0.697265625	0.7587890625	0.0	0.0	0.0	0.75341796875	1.1220703125	0.0	0.0	0.92041015625	0.0	1.19921875	0.27490234375	0.0	0.92578125	0.335205078125	1.02734375	0.404541015625	0.0	0.505859375	0.80712890625	0.1602783203125	0.87109375
0.30859375	0.724609375	0.0	0.0	0.4560546875	0.90771484375	0.892578125	0.0	0.053466796875	0.544921875	0.66357421875	0.77294921875	0.397705078125	1.0625	1.484375	1.7744140625	0.0	0.453369140625	0.0	1.060546875	1.1875	0.304931640625	0.0	0.183349609375	0.0	0.0	1.2236328125	0.54833984375	0.0	0.50634765625	1.1806640625	0.861328125	0.430908203125	0.6669921875	0.9189453125	0.97998046875	1.0361328125	0.0	0.394775390625	0.0	0.0	0.0	0.6171875	0.0	0.7666015625	0.74609375	0.26025390625	0.37744140625	0.884765625	0.444091796875	0.0	0.0	1.1767578125	1.162109375	0.5986328125	1.185546875	0.77001953125	0.5869140625	0.0	0.0	1.3017578125	0.415283203125	0.466064453125	0.486572265625	0.50048828125	0.85693359375	0.19287109375	1.8955078125	1.015625	0.0	1.0224609375	1.185546875	0.5654296875	0.0	0.560546875	0.0	0.0	0.1773681640625	0.74560546875	0.56982421875	0.876953125	1.408203125	0.1346435546875	0.560546875	0.568359375	0.0228729248046875	0.63232421875	0.0	0.0	0.0	0.18212890625	1.1552734375	1.7255859375	0.481689453125	0.0	0.828125	0.0	0.607421875	0.0163726806640625	0.87451171875	1.0517578125	0.05279541015625	0.607421875	0.03009033203125	0.0794677734375	1.1474609375	0.496337890625	0.0	0.0	0.0	0.26513671875	1.609375	0.175537109375	0.0	0.78515625	0.205322265625	1.142578125	0.2249755859375	0.006805419921875	0.235595703125	0.06939697265625	1.53515625	0.55810546875	0.0	0.61865234375	1.177734375	0.1011962890625	0.8857421875
0.0	0.72265625	0.0	0.0	0.54736328125	0.89111328125	0.50146484375	0.0274658203125	0.0	0.708984375	0.6796875	1.015625	0.472900390625	0.1851806640625	1.3232421875	1.361328125	0.0106048583984375	0.1278076171875	0.0	1.111328125	0.8798828125	0.58203125	0.0	0.1986083984375	0.0	0.0	0.5244140625	0.7802734375	0.0	0.09234619140625	1.1650390625	0.998046875	0.5234375	0.78466796875	1.083984375	0.8798828125	1.3232421875	0.0	0.716796875	0.0	0.34375	0.392578125	0.173583984375	0.0	0.84375	0.0869140625	0.0	0.05474853515625	0.98779296875	1.12890625	0.53271484375	0.0	0.9755859375	0.221923828125	0.314208984375	1.2998046875	0.369384765625	0.630859375	0.0	1.017578125	1.025390625	0.43896484375	0.418212890625	0.958984375	0.64208984375	0.34716796875	0.59326171875	1.9853515625	1.1826171875	0.374755859375	0.615234375	0.0	0.69091796875	0.0	0.826171875	0.0	0.0	0.572265625	1.0927734375	0.869140625	0.1600341796875	0.86474609375	0.0	0.703125	0.45703125	0.70263671875	1.05078125	0.65478515625	0.0	0.0	0.156982421875	0.5048828125	0.77197265625	0.02935791015625	0.0	0.0	0.61474609375	0.9931640625	0.455322265625	0.54296875	0.0	0.00820159912109375	1.0234375	0.0	0.0	0.3291015625	0.818359375	0.0	0.27392578125	0.0	0.70556640625	0.96923828125	0.0	0.0	0.259765625	0.0	1.1669921875	0.4267578125	0.0	0.95703125	0.281494140625	0.486328125	0.08831787109375	0.0	0.6171875	0.52001953125	0.42529296875	0.8115234375
0.0	0.63427734375	0.0	0.0	0.7978515625	0.8583984375	0.70947265625	0.0	0.0	0.5888671875	0.56982421875	1.0283203125	0.53662109375	0.472900390625	1.29296875	1.248046875	0.069580078125	0.47412109375	0.0	1.0576171875	1.2705078125	0.64599609375	2.2470951080322266e-05	0.221435546875	0.0	0.0	0.8564453125	0.6552734375	0.0	0.251708984375	1.123046875	0.93505859375	0.4052734375	0.80419921875	0.68408203125	0.87890625	1.2900390625	0.0	0.66650390625	0.0	0.050994873046875	0.0	0.1380615234375	0.0	0.80908203125	0.477294921875	0.0	0.269287109375	0.9453125	0.74267578125	0.278076171875	0.0	1.1630859375	0.3203125	0.424072265625	1.29296875	0.54931640625	0.62744140625	0.0	0.75830078125	1.0224609375	0.319580078125	0.39794921875	0.8525390625	0.7265625	0.640625	0.6630859375	1.7880859375	1.2080078125	0.292236328125	0.6982421875	0.18212890625	0.72265625	0.0	0.837890625	0.0	0.0	0.4189453125	0.685546875	0.72509765625	0.54833984375	0.919921875	0.10260009765625	0.76171875	0.64453125	0.69384765625	0.9716796875	0.282470703125	0.0	0.0	0.0	0.58056640625	1.2236328125	0.0	0.0	0.24658203125	0.456787109375	0.953125	0.08148193359375	0.65087890625	0.58935546875	0.0	1.3154296875	0.0	0.213623046875	0.755859375	0.68603515625	0.0	0.114990234375	0.0	0.76953125	1.2099609375	0.0	0.0	0.9609375	0.0	1.1123046875	0.196044921875	0.0	0.7587890625	0.355712890625	1.0166015625	0.307373046875	0.0	0.56640625	0.685546875	0.12646484375	0.98095703125
0.0	0.82666015625	0.0	0.0	0.890625	0.72607421875	0.6103515625	0.106689453125	0.0	0.6044921875	0.342041015625	0.8955078125	0.32958984375	0.396728515625	1.5615234375	1.2890625	0.10595703125	0.69482421875	0.0	1.041015625	1.205078125	0.64404296875	0.0	0.1849365234375	0.0	0.034698486328125	0.87548828125	0.57177734375	0.0	0.1859130859375	1.0390625	0.8701171875	0.69482421875	0.68310546875	0.6240234375	1.017578125	1.1640625	0.0	0.59521484375	0.0	0.0699462890625	0.1148681640625	0.053863525390625	0.00342559814453125	0.736328125	0.43505859375	0.06536865234375	0.382568359375	0.90869140625	0.77392578125	0.343994140625	0.0	1.07421875	0.30126953125	0.5556640625	1.2109375	0.42724609375	0.6064453125	0.0	0.7744140625	1.0634765625	0.64599609375	0.330810546875	1.080078125	0.6484375	0.68701171875	0.49853515625	1.8359375	1.1591796875	0.373291015625	0.8291015625	0.0	0.47900390625	0.0	0.8818359375	0.0	0.01122283935546875	0.37158203125	0.88427734375	0.6533203125	0.6396484375	0.8798828125	0.0	0.57275390625	0.4169921875	0.72900390625	0.7255859375	0.264892578125	0.0	0.0	0.0	0.892578125	1.0712890625	0.0	0.0	0.270751953125	0.3994140625	1.16015625	0.040679931640625	0.65771484375	0.654296875	0.011505126953125	1.2939453125	0.0	0.328369140625	0.65966796875	0.6787109375	0.0	0.0	0.0	0.80029296875	1.205078125	0.09967041015625	0.0	1.0068359375	0.0	0.87841796875	0.454833984375	0.0	0.9638671875	0.46044921875	1.1083984375	0.37646484375	0.0	0.497314453125	0.71044921875	0.21484375	0.9560546875
0.0	0.75927734375	0.0	0.0	0.880859375	0.8330078125	0.71044921875	0.0	0.0	0.6435546875	0.5537109375	0.9736328125	0.172119140625	0.477294921875	1.2705078125	1.3994140625	0.273193359375	0.4716796875	0.0	1.1103515625	1.1875	0.60595703125	0.0	0.1400146484375	0.0	0.0	0.86865234375	0.6689453125	0.0	0.1761474609375	1.130859375	0.88818359375	0.53271484375	0.71142578125	0.6689453125	0.87548828125	1.197265625	0.0	0.66748046875	0.0	0.093994140625	0.065185546875	0.1558837890625	0.0	0.82275390625	0.41748046875	0.09588623046875	0.3271484375	0.94921875	0.94677734375	0.35791015625	0.0	1.2734375	0.2486572265625	0.439208984375	1.2607421875	0.46240234375	0.61279296875	0.0	0.74072265625	1.1162109375	0.44140625	0.40234375	0.85546875	0.68115234375	0.57275390625	0.654296875	1.923828125	1.1806640625	0.245849609375	1.0869140625	0.0	0.344482421875	0.0	0.94189453125	0.0	0.021209716796875	0.251953125	0.6396484375	0.72412109375	0.494140625	1.017578125	0.12322998046875	0.70703125	0.453857421875	0.7841796875	0.90380859375	0.16943359375	0.0	0.0	0.0	0.75537109375	1.1328125	0.0	0.0	0.287109375	0.3994140625	1.0205078125	0.1407470703125	0.66748046875	0.60009765625	0.0	1.208984375	0.0	0.34716796875	0.7724609375	0.71630859375	0.0	0.0	0.0	0.77294921875	1.197265625	0.03497314453125	0.0	0.99755859375	0.0	1.1279296875	0.355224609375	0.0	0.888671875	0.3505859375	1.072265625	0.35693359375	0.0	0.50830078125	0.8037109375	0.1798095703125	0.9658203125
0.0	0.55615234375	0.0	0.0	0.448974609375	1.0703125	0.0816650390625	0.0	0.0	0.6181640625	1.0986328125	0.98486328125	0.0	0.0	1.6435546875	0.5908203125	0.00765228271484375	0.0	0.794921875	1.12890625	1.2412109375	0.50732421875	0.079345703125	0.29736328125	0.0	0.0	0.326171875	0.873046875	0.0	0.0	1.2802734375	1.1064453125	0.181396484375	0.63427734375	0.78955078125	1.5078125	1.35546875	0.0	0.73583984375	0.0	0.197265625	0.70947265625	0.448486328125	0.0	0.85693359375	0.0	0.0	0.0	1.021484375	1.0810546875	0.309326171875	0.0	0.46923828125	0.53564453125	0.7734375	1.4462890625	0.94970703125	0.6708984375	0.0	1.1494140625	1.2568359375	0.448486328125	0.377197265625	0.86572265625	0.7158203125	0.0	0.32666015625	1.9609375	1.2890625	0.2236328125	0.39697265625	0.0	0.095947265625	0.0	0.89990234375	0.0	0.0	0.9775390625	1.873046875	0.947265625	0.1968994140625	0.732421875	0.0	0.454345703125	0.415283203125	0.2890625	1.009765625	0.9013671875	0.0	0.0	0.0	0.6279296875	0.204345703125	0.61083984375	0.0	0.0	0.70654296875	0.451904296875	0.529296875	0.40185546875	0.0	0.04205322265625	0.87353515625	0.0	0.175048828125	0.395263671875	0.79052734375	0.0	0.432861328125	0.0	0.5751953125	0.64111328125	0.0	0.0	0.67626953125	0.0	1.3486328125	0.0036067962646484375	0.0	1.1591796875	0.363525390625	0.4951171875	0.0	0.62109375	0.448486328125	0.60302734375	0.0	0.6953125
0.0	0.6591796875	0.0	0.44775390625	0.85302734375	0.58056640625	0.157470703125	0.0	0.027252197265625	0.9287109375	1.193359375	0.7734375	0.25439453125	0.0	2.142578125	1.0478515625	0.027313232421875	0.751953125	0.0	1.3486328125	0.6806640625	0.0	0.0	0.0	0.10675048828125	0.41162109375	0.372314453125	0.50390625	0.0	0.0	0.7607421875	1.03125	0.57666015625	0.46728515625	0.379150390625	1.537109375	1.1708984375	0.02301025390625	0.68408203125	0.6748046875	0.2247314453125	0.67578125	0.337646484375	0.038482666015625	0.460693359375	0.0	0.23095703125	0.521484375	0.5068359375	0.5654296875	0.0011959075927734375	0.0	0.50048828125	1.0361328125	0.1795654296875	1.1396484375	0.0	0.52880859375	0.0	0.33349609375	1.5810546875	0.0770263671875	0.40771484375	1.2939453125	0.343017578125	0.78955078125	0.2783203125	1.42578125	0.97265625	0.48046875	0.7509765625	0.56298828125	0.226318359375	0.0	0.63330078125	0.294677734375	0.10028076171875	1.5966796875	1.982421875	0.5185546875	0.76953125	0.338134765625	0.0	0.0	1.22265625	0.65380859375	0.97802734375	1.01171875	0.0	0.0	0.85205078125	1.0126953125	0.89892578125	0.81201171875	0.0	0.0	0.208984375	0.740234375	0.450927734375	0.0	0.654296875	0.0	0.52197265625	0.0	0.5791015625	0.0	0.27783203125	0.0	0.122314453125	0.77490234375	1.4794921875	0.82470703125	0.445556640625	0.2763671875	0.487548828125	0.0	0.8232421875	0.281982421875	0.0	1.2353515625	0.378662109375	0.7578125	0.64013671875	1.2724609375	0.75244140625	0.325439453125	0.10760498046875	0.2191162109375
0.0	0.77197265625	0.0	0.33447265625	0.80224609375	0.80126953125	0.56005859375	0.0	0.0	1.0498046875	1.572265625	0.54931640625	0.411865234375	0.0	1.3681640625	2.173828125	0.1905517578125	0.39111328125	0.0	1.1611328125	0.77099609375	0.0	0.0	0.0	0.0	0.0	0.393310546875	0.71630859375	0.0	0.0	0.95263671875	1.044921875	0.447265625	0.8115234375	0.7470703125	1.0302734375	1.2431640625	0.0038700103759765625	0.4404296875	0.1318359375	0.26025390625	0.0	0.448486328125	0.0	0.453125	0.0	0.338623046875	0.450927734375	0.8837890625	0.26220703125	0.0	0.0	0.9404296875	0.8857421875	0.5009765625	1.423828125	0.0	0.70849609375	0.1407470703125	0.1317138671875	1.7724609375	0.0	0.57080078125	1.1337890625	0.619140625	0.80859375	0.0	1.2939453125	1.1357421875	0.1826171875	1.037109375	0.93896484375	0.0	0.0	0.595703125	0.0	0.0	0.83740234375	0.9814453125	0.8525390625	0.270751953125	0.87890625	0.0	0.428955078125	1.267578125	0.73583984375	1.1328125	0.47509765625	0.058746337890625	0.0	1.388671875	0.86474609375	1.634765625	0.307373046875	0.0	0.0	0.0	0.72705078125	0.432373046875	0.257080078125	0.22607421875	0.0	0.17724609375	0.0	0.1920166015625	0.2012939453125	0.80078125	0.0	0.0	0.178955078125	0.9169921875	1.236328125	0.341552734375	0.0	0.16748046875	0.0	1.158203125	0.170166015625	0.0	0.398193359375	0.0	0.83544921875	0.56396484375	0.86279296875	1.0087890625	0.51123046875	0.10418701171875	0.426513671875
0.0	0.77392578125	0.0	0.0	0.420166015625	0.7333984375	0.427734375	0.0	0.0	0.482177734375	0.1585693359375	1.0166015625	0.0	0.76953125	1.1513671875	1.1513671875	0.03912353515625	0.443115234375	0.0	1.02734375	1.2880859375	0.865234375	0.0	0.22216796875	0.0	0.0	0.943359375	0.76513671875	0.0	0.2369384765625	1.26953125	0.9462890625	0.0	0.7314453125	0.470703125	0.93701171875	1.3056640625	0.00843048095703125	0.76904296875	0.0	0.06793212890625	0.4169921875	0.68359375	0.0	0.80712890625	0.5400390625	0.052520751953125	0.1947021484375	0.91259765625	0.9443359375	0.274658203125	0.0	1.1083984375	0.24951171875	0.440185546875	1.3359375	0.2308349609375	0.7412109375	0.0	0.7802734375	1.36328125	0.55859375	0.378173828125	0.958984375	0.80517578125	0.289306640625	0.78759765625	1.5380859375	1.162109375	0.0	1.1015625	0.0	0.0	0.0	0.955078125	0.0	0.0	0.0	0.46435546875	0.77587890625	0.75537109375	1.021484375	0.00865936279296875	0.7099609375	0.67578125	0.9345703125	0.84912109375	0.07318115234375	0.0	0.0	0.0	1.1572265625	0.97705078125	0.0	0.0	0.31396484375	0.53564453125	1.087890625	0.2880859375	0.64013671875	0.198486328125	0.0	0.966796875	0.0	0.35302734375	0.50927734375	0.89990234375	0.0	0.0	0.0	0.8955078125	0.873046875	0.01247406005859375	0.0	0.81005859375	0.0	1.1865234375	0.346923828125	0.0	0.62890625	0.386474609375	1.0068359375	0.33837890625	0.0	0.2548828125	0.9462890625	0.1915283203125	0.57568359375
0.0	0.748046875	0.0	0.0	0.92138671875	0.76171875	0.6455078125	0.0	0.0	0.64111328125	0.53466796875	0.9228515625	0.247314453125	0.308349609375	1.435546875	1.2041015625	0.210205078125	0.58837890625	0.0	1.1064453125	1.197265625	0.6318359375	0.0	0.1058349609375	0.0	0.0	0.83544921875	0.66455078125	0.0	0.2548828125	1.083984375	0.89013671875	0.58935546875	0.66748046875	0.64892578125	0.8798828125	1.1845703125	0.0	0.64208984375	0.0	0.072021484375	0.1075439453125	0.07159423828125	0.0	0.76611328125	0.4541015625	0.00667572021484375	0.382568359375	0.89013671875	0.90625	0.294189453125	0.0	1.181640625	0.336181640625	0.38623046875	1.236328125	0.416748046875	0.63330078125	0.0	0.708984375	1.169921875	0.453369140625	0.39013671875	0.9501953125	0.65087890625	0.56689453125	0.60693359375	1.8232421875	1.2529296875	0.316162109375	0.97900390625	0.028961181640625	0.352783203125	0.0	0.98876953125	0.0	0.06610107421875	0.412353515625	0.69482421875	0.66455078125	0.58837890625	0.9345703125	0.1552734375	0.56298828125	0.478759765625	0.70703125	0.90283203125	0.2490234375	0.0	0.0	0.0	0.72314453125	1.08984375	0.0	0.0	0.275390625	0.4072265625	1.0615234375	0.1748046875	0.57666015625	0.6005859375	0.0	1.267578125	0.0	0.273193359375	0.6982421875	0.66845703125	0.0	0.0	0.0	0.8701171875	1.076171875	0.071533203125	0.0	1.005859375	0.0	1.072265625	0.44921875	0.0	0.8349609375	0.470703125	1.0693359375	0.400390625	0.0	0.55224609375	0.72412109375	0.163330078125	0.947265625
0.0	0.75634765625	0.0	0.0	0.75244140625	0.83935546875	0.53076171875	0.0	0.0	0.388916015625	0.1978759765625	0.94482421875	0.2919921875	0.73291015625	1.26171875	1.51953125	0.0	0.349609375	0.0	1.142578125	1.3173828125	0.837890625	0.0	0.323974609375	0.0	0.0	0.9462890625	0.69873046875	0.0	0.55078125	1.1708984375	0.9443359375	0.336181640625	0.94287109375	0.7138671875	0.92724609375	1.2763671875	0.0237274169921875	0.435302734375	0.0	0.165771484375	0.034210205078125	0.01393890380859375	0.0	0.86474609375	0.50439453125	0.20166015625	0.1441650390625	0.85791015625	1.12890625	0.362548828125	0.0	1.193359375	0.1494140625	0.314208984375	1.3251953125	0.383056640625	0.69091796875	0.0	0.86572265625	1.3349609375	0.58251953125	0.323974609375	0.8701171875	0.62890625	0.82421875	0.439453125	1.943359375	1.0654296875	0.150146484375	0.9150390625	0.0	0.130615234375	0.0236968994140625	0.8837890625	0.0	0.157958984375	0.0	0.475830078125	0.79248046875	0.8466796875	0.87548828125	0.2354736328125	0.63037109375	0.640625	0.80615234375	0.7490234375	0.181396484375	0.0	0.0	0.35107421875	0.98095703125	1.2421875	0.0	0.0	0.29248046875	0.391845703125	1.306640625	0.0465087890625	0.78759765625	0.296142578125	0.1304931640625	1.3701171875	0.0	0.0	0.5009765625	0.767578125	0.0	0.0	0.0	0.28271484375	1.2001953125	0.0	0.0	0.947265625	0.0	1.1279296875	0.521484375	0.0	0.9482421875	0.5654296875	1.17578125	0.2958984375	0.0	0.4541015625	1.0546875	0.033935546875	0.5478515625
0.0	0.0	0.0	0.0	0.86865234375	0.367431640625	0.53662109375	0.181396484375	0.0	0.9365234375	1.4794921875	0.84033203125	0.0	0.0	0.82275390625	1.9814453125	0.068603515625	0.0	0.0	0.9462890625	0.49853515625	0.06561279296875	0.36083984375	0.0	0.0	0.307861328125	0.306640625	0.5673828125	0.01500701904296875	0.0	0.96533203125	0.91064453125	0.2432861328125	0.48828125	0.342529296875	1.0986328125	0.96875	0.0	0.98095703125	0.042205810546875	1.14453125	0.85107421875	0.306640625	0.494384765625	0.2059326171875	0.0	0.53662109375	0.0	0.52685546875	1.2958984375	0.42626953125	0.007080078125	0.439453125	0.1409912109375	0.269287109375	1.1923828125	0.0	0.49755859375	1.0888671875	0.430908203125	0.62060546875	0.82666015625	0.705078125	0.0	0.7080078125	0.10986328125	1.1103515625	1.5029296875	0.95654296875	0.0	1.40625	0.0	0.0185394287109375	0.52587890625	0.66455078125	0.0	0.0	0.7431640625	1.65625	0.76123046875	0.0	0.1844482421875	0.5361328125	1.0458984375	0.908203125	0.63818359375	0.650390625	0.701171875	0.0	0.0	0.38818359375	0.52490234375	0.0	2.189453125	0.0	0.0	0.5986328125	0.333251953125	0.70166015625	0.0299835205078125	0.390380859375	0.0	0.354736328125	0.0	0.8486328125	0.0	1.0869140625	0.34814453125	0.7470703125	1.068359375	0.75048828125	1.3408203125	0.61962890625	0.0	0.233154296875	0.7099609375	0.890625	0.2152099609375	0.0	0.92431640625	0.8671875	0.2247314453125	0.0	1.486328125	0.91650390625	0.0	1.1875	0.89501953125
1.9951171875	0.0	1.2880859375	3.203125	1.2001953125	0.0	0.0	1.5888671875	0.49169921875	0.31103515625	2.654296875	0.0027637481689453125	0.0	0.0	0.458740234375	0.0	0.2239990234375	0.0	0.0	0.1552734375	0.1529541015625	0.0	0.333251953125	0.07391357421875	1.08984375	1.0556640625	0.0	0.0	0.0	0.0	0.0	0.0	0.76025390625	0.0	1.5478515625	0.06353759765625	0.0	0.880859375	0.0	2.90625	2.66796875	1.7880859375	0.0	0.0235443115234375	0.0	0.0	0.0	0.162109375	0.0	0.41259765625	1.705078125	1.197265625	0.0	0.330322265625	0.0	0.0	0.0	0.0	3.279296875	0.0	0.111328125	0.9658203125	0.0	0.0	0.0	0.73291015625	0.319580078125	0.0	0.0	0.94775390625	0.0	0.0	1.009765625	0.362060546875	0.0	0.93359375	1.205078125	1.4677734375	1.396484375	0.0	0.0	0.0	0.1102294921875	0.0	1.283203125	0.0	0.0	2.27734375	0.491943359375	0.0	2.916015625	0.0	0.0	3.333984375	1.09765625	0.0	0.65478515625	0.0	0.60205078125	0.0	0.298583984375	1.0126953125	0.0	0.244384765625	1.8486328125	0.0	0.5166015625	1.310546875	1.5654296875	2.31640625	0.611328125	0.0	1.0947265625	2.666015625	0.0	0.0	0.0	2.724609375	1.6728515625	0.58056640625	0.94873046875	0.0	0.0	2.74609375	0.1697998046875	0.0	1.78125	0.2237548828125
2.23828125	0.0	5.046875	0.0	0.8056640625	0.0	0.0	3.1328125	4.4296875	0.0	0.0	0.0	1.1357421875	0.0	0.0	0.8232421875	2.767578125	1.3173828125	2.40234375	0.0	0.0	0.0	2.57421875	0.0	3.849609375	2.591796875	0.0	0.0	3.8046875	0.0	0.0	0.0	5.3984375	0.0	0.0	0.0	0.0	4.07421875	0.0	2.0390625	0.0	0.0	0.0	2.697265625	0.0	0.0	2.615234375	3.54296875	0.0	0.0	3.7670135498046875e-05	2.830078125	0.0	2.3046875	0.0	0.0	0.0	0.0	1.2890625	0.0	0.0	0.0	0.463134765625	0.0	0.0	1.28515625	0.0	0.0	0.0	2.9140625	0.0	3.1640625	1.7158203125	2.025390625	0.0	1.138671875	3.060546875	1.470703125	0.0	0.0	0.0	0.0	0.487548828125	0.0	0.0	0.0	0.0	0.256103515625	3.38671875	1.0615234375	1.240234375	0.0	0.0	0.0	1.5458984375	0.0	0.0	0.0	0.0	0.0	1.865234375	2.109375	0.0	3.8359375	0.3837890625	0.0	0.0	1.8271484375	0.34716796875	3.0390625	0.0	0.0	3.080078125	2.63671875	0.312744140625	0.0	0.0	0.0	3.705078125	0.0	0.0	0.8564453125	1.8291015625	2.037109375	0.0	0.272216796875	0.0	0.0
0.0	0.134033203125	0.0	0.1036376953125	0.6123046875	0.422607421875	0.74951171875	0.07391357421875	0.0	0.469482421875	0.55859375	0.7373046875	0.35546875	0.62109375	0.7451171875	1.5517578125	0.03814697265625	0.241943359375	0.0	0.461181640625	0.2335205078125	0.25537109375	0.0850830078125	0.07769775390625	0.209716796875	0.379638671875	0.38525390625	0.27392578125	0.8466796875	0.2105712890625	0.75732421875	0.5078125	1.166015625	0.53271484375	0.63916015625	0.5078125	0.481201171875	0.1505126953125	0.246337890625	0.0	0.79638671875	0.1002197265625	0.5283203125	0.28173828125	0.5703125	0.32421875	0.77587890625	0.335693359375	0.61279296875	0.58984375	0.5361328125	0.08575439453125	0.74755859375	0.0	0.2198486328125	0.9033203125	0.381591796875	0.2880859375	0.4189453125	0.40625	0.90234375	0.0	0.021331787109375	0.51025390625	0.61962890625	1.25390625	1.1376953125	1.80078125	0.8349609375	0.677734375	1.5791015625	0.131591796875	0.43212890625	0.016510009765625	0.339599609375	0.06634521484375	0.40234375	0.1292724609375	0.38623046875	0.5244140625	0.0	0.171142578125	0.252197265625	0.7255859375	1.02734375	0.5654296875	0.8876953125	0.1527099609375	0.2646484375	0.0	0.35595703125	0.52783203125	0.82080078125	0.3193359375	0.03961181640625	0.478759765625	0.54736328125	0.791015625	0.020263671875	0.462158203125	1.21875	0.19482421875	1.0732421875	0.2147216796875	0.61669921875	0.284423828125	1.01953125	0.42236328125	0.0	0.52978515625	0.77294921875	0.947265625	0.330322265625	0.27197265625	1.0615234375	0.0	0.62548828125	0.4375	0.10479736328125	0.73828125	0.56298828125	0.58251953125	0.343505859375	0.0	0.587890625	0.2568359375	0.4736328125	0.9482421875
0.0	0.74169921875	0.0	0.0	0.375732421875	0.833984375	0.98095703125	0.0	0.0	0.6796875	0.55908203125	1.0302734375	0.0	0.72314453125	1.1416015625	1.234375	0.043060302734375	0.6689453125	0.0	1.12109375	1.1513671875	0.78515625	0.0413818359375	0.07318115234375	0.0	0.054595947265625	1.1748046875	0.66162109375	0.0	0.28955078125	1.2421875	0.85791015625	0.0	0.6865234375	0.74560546875	0.701171875	1.30859375	0.0	0.9306640625	0.0	0.0	0.2158203125	0.65234375	0.0	0.6484375	0.36474609375	0.287109375	0.349609375	0.95751953125	0.3251953125	0.0	0.0	1.4814453125	0.80859375	0.57763671875	1.2998046875	0.72412109375	0.6884765625	0.0	0.0	1.484375	0.27587890625	0.54248046875	0.70263671875	0.78076171875	0.515625	0.900390625	1.765625	1.1513671875	0.0	1.1357421875	0.366455078125	0.73876953125	0.0	0.8662109375	0.0	0.0	0.2117919921875	0.43359375	0.71728515625	0.6396484375	1.150390625	0.0	0.62353515625	1.0556640625	0.483642578125	0.96826171875	0.0	0.0	0.0	0.0	0.8525390625	1.0859375	0.448486328125	0.0	0.457763671875	0.137939453125	0.560546875	0.41552734375	0.63671875	0.72998046875	0.0	0.66650390625	0.03472900390625	0.41064453125	1.2294921875	0.63623046875	0.0	0.0	0.0	0.65869140625	1.09375	0.1671142578125	0.0	0.671875	0.0	1.1787109375	0.0	0.0	0.35498046875	0.01317596435546875	1.330078125	0.32080078125	0.0	0.392822265625	1.0537109375	0.429443359375	0.84716796875
0.0	0.81005859375	0.0	0.0	0.22216796875	0.88232421875	0.6318359375	0.0	0.0	0.72216796875	0.5732421875	1.130859375	0.0	0.445556640625	1.123046875	1.0048828125	0.0	0.064208984375	0.0	1.0244140625	1.146484375	0.7724609375	0.0	0.08837890625	0.0	0.0	0.81640625	0.65478515625	0.0	0.2105712890625	1.380859375	0.9150390625	0.0	0.6396484375	0.77197265625	0.84912109375	1.314453125	0.0	0.84912109375	0.0	0.15087890625	0.62744140625	0.60400390625	0.0	0.736328125	0.32470703125	0.0	0.05596923828125	0.96142578125	1.05859375	0.392822265625	0.0	1.0810546875	0.109375	0.505859375	1.3701171875	0.501953125	0.6591796875	0.0	0.7744140625	1.140625	0.466796875	0.48681640625	0.402099609375	0.7353515625	0.12646484375	1.134765625	1.8095703125	1.18359375	0.0	0.7333984375	0.0	0.62060546875	0.0	0.8896484375	0.0	0.0	0.22119140625	0.615234375	0.8798828125	0.368408203125	0.9580078125	0.0	0.751953125	0.4306640625	0.6337890625	0.95849609375	0.1328125	0.0	0.0	0.0	0.61962890625	0.43017578125	0.286376953125	0.0	0.020477294921875	0.55859375	0.72705078125	0.58935546875	0.603515625	0.0	0.0	0.658203125	0.0	0.455322265625	0.70849609375	0.97265625	0.0	0.04010009765625	0.0	0.62744140625	0.68505859375	0.0	0.0	0.3505859375	0.0	1.310546875	0.1171875	0.0	0.673828125	0.296875	0.6708984375	0.067626953125	0.0	0.247802734375	0.47607421875	0.55908203125	0.7333984375
0.0	0.72802734375	0.0	0.0	0.55078125	1.0234375	0.0	0.08892822265625	0.0	0.51318359375	0.85986328125	0.9990234375	0.64697265625	0.0	1.7177734375	0.6796875	0.0	0.014923095703125	0.55224609375	1.197265625	1.1142578125	0.65380859375	0.0	0.270751953125	0.0	0.0	0.237548828125	1.0244140625	0.0	0.0841064453125	1.1572265625	1.224609375	0.343505859375	0.7451171875	1.0107421875	1.3466796875	1.427734375	0.10064697265625	0.71044921875	0.0	0.282958984375	1.193359375	0.337646484375	0.0	0.9189453125	0.0	0.0	0.0	1.06640625	1.0361328125	0.456298828125	0.0	0.2763671875	0.833984375	0.6884765625	1.408203125	0.57373046875	0.751953125	0.0	1.255859375	1.5029296875	0.5078125	0.378662109375	1.24609375	0.7763671875	0.00725555419921875	0.061492919921875	1.8359375	1.2578125	0.533203125	0.4404296875	0.10552978515625	0.0	0.0	0.87548828125	0.005344390869140625	0.0	0.90185546875	1.9130859375	0.95703125	0.281494140625	0.642578125	0.0	0.332275390625	0.712890625	0.01293182373046875	1.1025390625	1.158203125	0.1705322265625	0.0	0.091064453125	0.78076171875	0.2099609375	0.14208984375	0.0	0.0	0.873046875	0.5966796875	0.63037109375	0.235107421875	0.0	0.1700439453125	1.0771484375	0.0	0.0	0.091552734375	0.8154296875	0.0	0.51318359375	0.0	0.73974609375	0.466796875	0.0	0.0	0.5869140625	0.0	1.2373046875	0.11273193359375	0.0	1.2255859375	0.29443359375	0.5556640625	0.06866455078125	0.59228515625	0.33984375	0.83837890625	0.0	0.44677734375
0.24609375	1.0205078125	0.0	0.030181884765625	0.239501953125	1.1611328125	1.2666015625	0.0	0.0	0.5986328125	0.640625	1.0869140625	0.470703125	0.76953125	1.404296875	1.056640625	0.0155181884765625	0.56494140625	0.8330078125	1.1630859375	1.3046875	0.708984375	0.20458984375	0.479736328125	0.0	0.0	1.05859375	0.75439453125	0.0	0.15966796875	1.41015625	0.91845703125	0.0	0.798828125	0.64892578125	0.982421875	1.4521484375	0.0	0.7626953125	0.0	0.0	0.0	0.404296875	0.0	0.5205078125	0.0316162109375	0.350830078125	0.287353515625	1.068359375	1.2578125	0.0	0.0	1.4560546875	0.57470703125	1.0126953125	1.4052734375	0.86767578125	0.87060546875	0.0	0.34423828125	1.5595703125	0.09368896484375	0.76416015625	0.5458984375	0.94921875	0.216064453125	0.90869140625	1.634765625	1.2119140625	0.12188720703125	0.7841796875	0.276123046875	0.69189453125	0.0	0.87060546875	0.0	0.0	0.2890625	0.55615234375	0.748046875	0.689453125	1.0615234375	0.0	0.57080078125	0.9931640625	0.231689453125	1.1689453125	0.0	0.0	0.0	0.0	1.2099609375	1.1220703125	0.409423828125	0.0	0.69140625	0.0	0.5791015625	0.0465087890625	0.564453125	0.2235107421875	0.022247314453125	0.58203125	0.0433349609375	0.0	0.8720703125	0.0	0.0	0.0	0.0	0.369140625	1.1318359375	0.0293426513671875	0.0	0.9599609375	0.0	1.3525390625	0.0	0.0	0.603515625	0.0	1.34375	0.058349609375	0.0	0.5927734375	0.82177734375	0.0	1.1015625
0.0	0.6435546875	0.0	0.0	0.70654296875	0.83544921875	0.673828125	0.0	0.0	0.78515625	0.85400390625	0.8583984375	0.0	0.2646484375	1.353515625	1.6298828125	0.279052734375	0.49755859375	0.0	1.111328125	0.982421875	0.366943359375	0.0207061767578125	0.1719970703125	0.0	0.0	0.67041015625	0.642578125	0.0	0.0	1.1767578125	0.91845703125	0.374267578125	0.71044921875	0.607421875	1.0859375	1.2236328125	0.0	0.68896484375	0.0	0.198974609375	0.0	0.333251953125	0.0	0.6826171875	0.1988525390625	0.251708984375	0.349609375	0.87060546875	0.7919921875	0.1715087890625	0.0	1.197265625	0.287109375	0.37060546875	1.4091796875	0.428955078125	0.61181640625	0.0	0.69384765625	1.2021484375	0.40966796875	0.417724609375	0.84765625	0.673828125	0.6376953125	0.6591796875	1.9169921875	1.19921875	0.0491943359375	0.9501953125	0.008087158203125	0.6328125	0.0	0.82373046875	0.0	0.0	0.60888671875	1.0654296875	0.78759765625	0.33349609375	0.9267578125	0.0	0.74609375	0.64453125	1.029296875	0.97900390625	0.424072265625	0.0	0.0	0.052703857421875	0.84619140625	1.0703125	0.268310546875	0.0	0.0682373046875	0.38134765625	0.82275390625	0.17578125	0.4970703125	0.433349609375	0.0	0.7939453125	0.0	0.5234375	0.62890625	0.71044921875	0.0	0.0	0.0	0.6787109375	1.234375	0.2037353515625	0.0	0.82958984375	0.0	1.23046875	0.15771484375	0.0	0.87841796875	0.31494140625	0.8896484375	0.315673828125	0.0	0.716796875	0.6298828125	0.306884765625	0.9501953125
0.0	0.72802734375	0.0	0.188232421875	0.0	0.89453125	0.78466796875	0.0	0.0	0.55859375	0.2216796875	1.1513671875	0.0	0.734375	1.10546875	1.068359375	0.0	0.54443359375	0.0	0.9638671875	0.982421875	0.66552734375	0.121826171875	0.130126953125	0.0	0.0	0.984375	0.74267578125	0.0	0.0	1.4384765625	0.9453125	0.0	0.70361328125	0.48583984375	0.7431640625	1.4326171875	0.0	0.87646484375	0.0	0.0	0.0	1.095703125	0.0	0.703125	0.57373046875	0.0	0.0947265625	1.033203125	0.71337890625	0.154052734375	0.0	1.3271484375	0.0	0.399169921875	1.3427734375	0.316162109375	0.8662109375	0.036346435546875	0.640625	1.2900390625	0.4501953125	0.349609375	0.80517578125	0.9443359375	0.0	1.1962890625	1.8037109375	1.138671875	0.0	1.1865234375	0.0	0.485107421875	0.0	0.9228515625	0.0	0.0	0.0	0.7177734375	0.84521484375	0.65478515625	1.0830078125	0.0269927978515625	0.90478515625	0.5048828125	1.046875	1.0166015625	0.0	0.0	0.0	0.0	0.63818359375	0.79150390625	0.0	0.0	0.1600341796875	0.63720703125	0.86962890625	0.279296875	0.626953125	0.1414794921875	0.0	0.9189453125	0.0	0.6767578125	0.73046875	0.6171875	0.0	0.0	0.0	0.80419921875	1.0732421875	0.0855712890625	0.0	0.74169921875	0.0	1.189453125	0.2081298828125	0.0	0.53515625	0.3505859375	0.87548828125	0.130615234375	0.0	0.2158203125	0.455078125	0.044769287109375	0.6728515625
1.3056640625	0.2255859375	0.16796875	0.99267578125	1.00390625	0.1893310546875	0.6396484375	0.6748046875	0.251953125	0.332763671875	0.58154296875	0.58642578125	1.2392578125	0.0	0.71533203125	0.68017578125	0.17578125	0.0	0.0	0.38916015625	0.3447265625	0.0	0.298828125	0.0	0.708984375	0.50439453125	0.09539794921875	0.0	0.64892578125	0.0	0.0572509765625	0.1163330078125	1.810546875	0.006473541259765625	0.355712890625	0.5029296875	0.0	0.333251953125	0.0	0.0	0.6904296875	0.1759033203125	0.0	0.325439453125	0.22705078125	0.0	0.5205078125	0.81005859375	0.0245361328125	1.44140625	0.356689453125	0.5185546875	0.0	0.853515625	0.548828125	0.0	0.0	0.0	0.775390625	0.0	0.9501953125	0.49462890625	0.1796875	0.2259521484375	0.01702880859375	0.748046875	0.0	1.072265625	0.0	1.078125	0.53466796875	0.90771484375	0.495361328125	0.0	0.0258026123046875	0.253662109375	0.76806640625	1.11328125	1.2587890625	0.0	0.0	0.0	0.059051513671875	0.0	0.3623046875	0.0228729248046875	0.0	0.0850830078125	0.541015625	0.03546142578125	1.208984375	1.6865234375	0.477783203125	0.61376953125	0.33056640625	0.1802978515625	0.0	0.4453125	0.0	0.0	1.466796875	1.095703125	0.568359375	0.492919921875	0.7275390625	0.0	0.0	0.319091796875	0.0	0.72705078125	0.15576171875	0.947265625	0.8447265625	0.376220703125	1.388671875	0.77294921875	0.0	1.193359375	0.556640625	0.974609375	0.51171875	0.86474609375	0.35693359375	0.61328125	0.2353515625	0.0158538818359375	0.0	0.83251953125
0.0	0.6298828125	0.0	0.0	0.994140625	0.6240234375	0.458740234375	0.0	0.0	0.60986328125	0.66552734375	0.822265625	0.5810546875	0.0	1.48828125	1.0087890625	0.0814208984375	0.759765625	0.0	0.99072265625	0.8115234375	0.4443359375	0.0	0.06024169921875	0.064453125	0.263427734375	0.517578125	0.41845703125	0.0	0.1202392578125	0.81201171875	0.75537109375	0.84228515625	0.46240234375	0.342529296875	1.1669921875	0.88330078125	0.0	0.49365234375	0.0	0.1954345703125	0.433349609375	0.271240234375	0.1861572265625	0.5927734375	0.321044921875	0.19677734375	0.42431640625	0.53076171875	0.93115234375	0.2467041015625	0.0	0.68212890625	0.55322265625	0.365478515625	0.9375	0.253662109375	0.458984375	0.10589599609375	0.38232421875	1.3349609375	0.169677734375	0.345458984375	1.16015625	0.50634765625	0.5556640625	0.441162109375	1.3623046875	1.0166015625	0.74658203125	0.96044921875	0.1768798828125	0.364990234375	0.0	0.76513671875	0.2069091796875	0.3056640625	0.9599609375	1.171875	0.407470703125	0.5830078125	0.560546875	0.0	0.1492919921875	0.7021484375	0.461669921875	0.681640625	0.50830078125	0.0	0.0	0.1868896484375	0.96240234375	1.017578125	0.71142578125	0.0	0.1865234375	0.28515625	0.970703125	0.27197265625	0.1903076171875	0.87060546875	0.0	0.7255859375	0.09735107421875	0.54736328125	0.30615234375	0.38427734375	0.0	0.0	0.337646484375	1.189453125	0.76513671875	0.0743408203125	0.03131103515625	0.873046875	0.08843994140625	0.7275390625	0.3974609375	0.0	0.7705078125	0.58056640625	0.9970703125	0.59326171875	0.430908203125	0.41650390625	0.48828125	0.230712890625	0.974609375
0.0	0.86669921875	0.0	0.0	0.85107421875	0.9228515625	0.99951171875	0.0	0.0	0.5732421875	0.708984375	0.9677734375	0.08050537109375	0.65380859375	1.353515625	1.275390625	0.2279052734375	0.7001953125	0.0	1.12109375	1.13671875	0.60986328125	0.12646484375	0.0	0.0	0.0	1.0439453125	0.7060546875	0.0	0.346923828125	1.1181640625	0.88232421875	0.396240234375	0.6845703125	0.5107421875	0.86669921875	1.205078125	0.0	0.7119140625	0.0	0.0252685546875	0.15478515625	0.284423828125	0.0	0.6884765625	0.18017578125	0.190673828125	0.326904296875	1.048828125	0.6416015625	3.7670135498046875e-05	0.0	1.26171875	0.67138671875	0.74560546875	1.3388671875	0.74560546875	0.62109375	0.0	0.453369140625	1.44140625	0.281494140625	0.52001953125	0.8271484375	0.837890625	0.72705078125	0.72314453125	1.7177734375	1.251953125	0.1934814453125	1.197265625	0.18212890625	0.5576171875	0.0	0.9345703125	0.0	0.0	0.1583251953125	0.66650390625	0.7607421875	0.57763671875	0.92919921875	0.0	0.62841796875	0.8251953125	0.1300048828125	0.97314453125	0.278564453125	0.0	0.0	0.0	0.6796875	1.1396484375	0.329833984375	0.0	0.60302734375	0.29296875	0.78369140625	0.1417236328125	0.6025390625	0.65185546875	0.0	0.90771484375	0.0	0.076171875	0.97216796875	0.244384765625	0.0	0.0	0.0	0.52392578125	1.0654296875	0.004039764404296875	0.0	1.041015625	0.0	1.1787109375	0.0	0.0	0.80859375	0.12310791015625	1.34375	0.137939453125	0.0	0.62548828125	1.0615234375	0.07659912109375	1.158203125
0.0	0.77001953125	0.0	0.0	0.8095703125	0.8427734375	0.77392578125	0.0	0.0	0.68408203125	0.63623046875	1.0263671875	0.07110595703125	0.57568359375	1.255859375	1.3916015625	0.142333984375	0.453369140625	0.0	1.1376953125	1.0380859375	0.63720703125	0.0	0.12335205078125	0.0	0.0	0.89111328125	0.6796875	0.0	0.266357421875	1.140625	0.90673828125	0.392578125	0.732421875	0.73388671875	0.74853515625	1.2353515625	0.0	0.69921875	0.0	0.1136474609375	0.1971435546875	0.12481689453125	0.0	0.748046875	0.33984375	0.1527099609375	0.2471923828125	0.9814453125	0.87939453125	0.24560546875	0.0	1.3681640625	0.387939453125	0.45458984375	1.2587890625	0.43798828125	0.63623046875	0.0	0.64501953125	1.279296875	0.366943359375	0.443359375	0.80322265625	0.7177734375	0.6181640625	0.67333984375	1.900390625	1.15234375	0.2493896484375	0.98876953125	0.05853271484375	0.487060546875	0.0	0.88818359375	0.0	0.0	0.27001953125	0.68701171875	0.728515625	0.47021484375	1.0224609375	0.0	0.69287109375	0.70654296875	0.5654296875	0.96630859375	0.2012939453125	0.0	0.0	0.0	0.66650390625	1.080078125	0.0	0.0	0.257568359375	0.407470703125	0.89990234375	0.1981201171875	0.625	0.578125	0.0	1.072265625	0.0	0.265380859375	0.77294921875	0.6318359375	0.0	0.0	0.0	0.71337890625	1.15234375	0.049041748046875	0.0	0.96240234375	0.0	1.171875	0.11053466796875	0.0	0.8291015625	0.279052734375	1.060546875	0.37451171875	0.0	0.489013671875	0.7529296875	0.2135009765625	0.99951171875
0.0	0.6435546875	0.0	0.0	0.732421875	0.87548828125	0.57373046875	0.0	0.0	0.39111328125	0.41796875	0.97119140625	0.197998046875	0.74169921875	1.13671875	1.4990234375	0.0	0.25244140625	0.0	1.01953125	1.107421875	0.73291015625	0.0	0.300537109375	0.0	0.0	0.91015625	0.65087890625	0.0	0.509765625	1.130859375	0.9228515625	0.354248046875	0.86474609375	0.8271484375	0.95068359375	1.203125	0.0	0.3935546875	0.0	0.06793212890625	0.0	0.173583984375	0.0	0.81298828125	0.533203125	0.0457763671875	0.030548095703125	0.8544921875	0.845703125	0.163330078125	0.0	1.2021484375	0.16943359375	0.323974609375	1.2646484375	0.469970703125	0.623046875	0.0	0.7353515625	1.2919921875	0.45166015625	0.22216796875	0.7607421875	0.65234375	0.88427734375	0.51611328125	1.94140625	0.99755859375	0.12420654296875	1.06640625	0.1298828125	0.14892578125	0.07659912109375	0.81396484375	0.0	0.1962890625	0.0	0.57568359375	0.7890625	0.83447265625	0.76025390625	0.2042236328125	0.73486328125	0.80078125	0.7841796875	0.69482421875	0.11376953125	0.0	0.0	0.268310546875	0.8505859375	1.3544921875	0.0	0.0	0.488037109375	0.449951171875	1.2060546875	0.011505126953125	0.83349609375	0.6943359375	0.10980224609375	1.3173828125	0.0	0.08599853515625	0.464599609375	0.744140625	0.0	0.0	0.0	0.423095703125	1.1708984375	0.0	0.290771484375	1.0810546875	0.0	1.0986328125	0.5625	0.0	0.83984375	0.79541015625	1.0078125	0.3671875	0.0	0.53076171875	0.8505859375	0.2020263671875	0.7578125
