0.59033203125	2.388671875	0.89697265625	1.73046875	2.150390625	2.833984375	1.048828125	0.2159423828125	0.0	6.29296875	0.0	0.0	0.54833984375	0.0	0.0986328125	0.98974609375	0.0	3.884765625	0.0	4.28515625	0.2437744140625	0.0	0.433837890625	3.505859375	1.8828125	0.0	0.0	0.413818359375	0.0	0.0	1.44140625	0.0	0.8447265625	0.344482421875	0.0	3.7109375	0.0	1.19140625	0.0	0.5654296875	0.447021484375	0.0	0.0	1.1826171875	1.4912109375	3.328125	3.10546875	2.611328125	0.6484375	1.8154296875	0.0	2.9375	0.84423828125	1.865234375	0.0	1.08984375	0.0	3.111328125	0.9951171875	0.0	0.1429443359375	0.55126953125	1.0595703125	0.0	1.9365234375	0.0	0.0	0.0	0.0	0.7978515625	0.0	0.0	2.546875	0.0	0.0	0.0	0.0	0.0	0.0	0.0	0.0	1.6123046875	0.0	0.0	0.25830078125	0.0	2.353515625	2.103515625	2.109375	0.0	0.47021484375	0.98779296875	1.556640625	0.0	0.6025390625	1.134765625	0.0	0.0	0.0	0.34228515625	2.396484375	3.2421875	0.0	2.47265625	0.0	0.0	0.0	0.336181640625	0.2091064453125	0.0	0.0	2.642578125	0.0	0.0	0.0	0.0	1.083984375	1.03515625	1.7021484375	0.0	2.8125	1.298828125	0.0	0.0	2.919921875	3.123046875	1.248046875	0.0
0.0	0.7998046875	2.099609375	0.904296875	0.0	0.48486328125	0.0	0.131591796875	1.248046875	0.0	0.0	0.360595703125	1.8427734375	1.83984375	3.931640625	0.0	0.9443359375	0.0	0.0	1.1669921875	0.6201171875	3.1875	0.0	0.0	0.0	2.43359375	2.0859375	0.0	0.0	3.7109375	0.0	0.4990234375	0.0	1.2255859375	0.0	0.0	0.72265625	0.0	0.50537109375	0.0	0.7587890625	2.296875	0.322998046875	3.73046875	0.0	0.0	0.0	0.0	1.244140625	0.0	0.1259765625	1.099609375	2.353515625	1.888671875	1.236328125	0.0	2.53515625	0.64599609375	0.0	0.0	0.0	0.0	0.0	2.923828125	2.66796875	0.0	0.0	0.0	0.271240234375	0.0	1.00390625	0.0	1.05078125	0.0	1.751953125	1.2998046875	0.7275390625	0.5703125	0.5859375	0.63427734375	1.048828125	0.5322265625	3.087890625	0.49169921875	1.1650390625	0.0	0.66015625	0.0	0.0	1.20703125	0.0	1.23828125	0.0	0.0	0.0	0.0	0.0	0.0	1.1826171875	0.0	0.60595703125	0.0	1.126953125	0.0	0.0	2.83984375	1.5927734375	0.0	0.002269744873046875	1.048828125	1.3203125	0.0	0.0	0.0	0.0	0.0	0.9853515625	0.0	0.0	1.5283203125	0.0	0.0	0.1702880859375	0.98046875	2.51171875	0.6220703125	1.802734375	0.0
0.47509765625	0.0	0.378173828125	1.8251953125	1.810546875	2.138671875	1.400390625	3.19921875	0.0	3.06640625	0.0	0.0	0.0	0.0	0.66357421875	2.1328125	0.0	2.390625	0.85546875	1.537109375	0.0	0.0	0.0	1.189453125	1.001953125	0.0	0.0	0.73291015625	0.1295166015625	1.2119140625	3.212890625	0.0	1.708984375	1.4814453125	0.312255859375	2.193359375	0.0	2.90234375	0.0	0.56103515625	1.6259765625	0.3798828125	0.0	0.0	1.7705078125	1.98046875	1.970703125	0.1182861328125	1.8271484375	0.0	0.0	1.7490234375	1.5576171875	0.72314453125	0.0	1.0390625	0.0	0.0153350830078125	1.5908203125	0.0	1.41796875	1.1923828125	0.9208984375	0.60107421875	1.091796875	0.0	0.0	0.0	0.7763671875	0.054534912109375	0.0	0.0	0.0	0.0	0.63525390625	0.0	0.0	0.0	0.0	0.0	0.0	0.396728515625	0.0	0.37744140625	0.0	0.0	1.013671875	1.5556640625	0.0	0.035125732421875	0.0	1.3349609375	0.9296875	0.0	0.458740234375	0.0	0.0247344970703125	0.0	0.0	2.595703125	1.8564453125	0.0	0.0	1.2421875	0.0	0.97265625	0.0	0.67333984375	1.4384765625	0.2156982421875	0.0	2.029296875	0.44921875	0.0	0.0	1.0771484375	1.13671875	1.3779296875	1.9072265625	0.0	2.072265625	1.9658203125	0.0	1.3564453125	1.5732421875	2.818359375	0.0	0.87451171875
1.056640625	1.0537109375	0.0	0.87255859375	2.005859375	0.86572265625	0.71435546875	2.01171875	0.0	0.41259765625	1.521484375	0.494140625	1.572265625	0.06243896484375	0.0	1.748046875	0.0282745361328125	0.301025390625	0.496337890625	0.0	0.0	0.78515625	0.0	1.8720703125	0.2568359375	0.7021484375	0.0	0.83544921875	0.47314453125	0.12322998046875	0.892578125	0.0	0.0	0.30615234375	0.431640625	1.6064453125	0.1654052734375	0.0	1.056640625	0.088134765625	1.2978515625	0.0	0.28564453125	2.017578125	1.1611328125	1.486328125	0.712890625	1.873046875	2.951171875	1.4716796875	0.0	1.2421875	0.50732421875	1.5283203125	1.4912109375	1.21875	0.61181640625	1.6943359375	0.57275390625	1.4599609375	0.919921875	1.921875	1.1689453125	0.2880859375	0.0	0.0	1.412109375	0.0	0.0	0.0	0.0	0.564453125	0.0	1.4462890625	0.0	0.0	1.07421875	2.517578125	0.74072265625	0.66259765625	0.51123046875	1.470703125	0.271240234375	2.53125	0.76416015625	0.744140625	1.6640625	0.947265625	0.55322265625	1.1806640625	1.2607421875	0.0	0.457763671875	0.0	0.231689453125	1.265625	1.35546875	0.7265625	0.0	1.021484375	0.33056640625	0.953125	0.0	1.5859375	0.27099609375	0.0	0.0	0.6708984375	0.0	0.0333251953125	0.0	2.330078125	0.446044921875	0.64208984375	0.0	0.1453857421875	0.44970703125	1.306640625	0.0	1.42578125	1.787109375	0.25537109375	0.0	0.0	0.0	1.4375	0.39794921875	0.705078125
1.1357421875	1.619140625	0.0	0.8974609375	0.007843017578125	0.137451171875	0.0	0.0	0.0	0.0	1.8427734375	0.501953125	0.7568359375	0.5634765625	0.38525390625	0.484130859375	1.3251953125	0.0	0.0	0.0	1.466796875	1.3837890625	0.0	1.4697265625	0.0	1.013671875	0.72607421875	1.1328125	0.0	0.0	0.82763671875	0.25146484375	0.619140625	1.2177734375	0.291748046875	0.144287109375	1.9404296875	0.0	2.54296875	0.0	0.8984375	0.51708984375	0.0	0.0	0.0	0.07623291015625	0.051361083984375	0.18017578125	1.1142578125	0.0	0.0	0.56689453125	0.0	1.84765625	2.509765625	0.74072265625	0.29931640625	2.09765625	0.0	2.298828125	0.0	0.07464599609375	0.70849609375	1.474609375	0.0	0.0	2.30078125	0.0	0.2890625	0.0	1.9130859375	2.0859375	1.57421875	0.53466796875	1.1015625	1.427734375	1.0615234375	2.076171875	1.7890625	2.29296875	0.86572265625	1.5380859375	1.3232421875	2.27734375	0.92529296875	0.5751953125	2.201171875	0.6337890625	0.0	0.0	0.80712890625	0.0	0.0	0.0272674560546875	0.9873046875	1.36328125	1.4970703125	0.271728515625	0.293212890625	0.0	1.83203125	0.0	1.5400390625	1.5126953125	1.05078125	0.0	2.439453125	0.0	0.0	0.0	0.53857421875	1.7763671875	0.56396484375	1.6357421875	0.0	0.0	0.390380859375	1.021484375	0.0	2.775390625	0.591796875	0.0	0.6025390625	0.7734375	0.221923828125	1.0986328125	0.78173828125	0.0
2.111328125	0.0	0.0	0.270263671875	0.609375	0.56396484375	0.935546875	1.14453125	0.0	0.2293701171875	1.87890625	1.9130859375	0.0	0.50146484375	0.0	1.203125	1.2392578125	0.0	2.2578125	0.0	0.267578125	0.673828125	0.0684814453125	0.287353515625	0.0	0.82470703125	0.0	1.2431640625	1.28515625	0.053955078125	1.810546875	0.0	0.0	0.349365234375	0.94970703125	1.103515625	1.0908203125	1.4287109375	1.279296875	0.0	0.36181640625	0.3779296875	0.48193359375	0.5537109375	0.279052734375	1.01953125	0.2220458984375	1.2451171875	1.4951171875	0.209716796875	0.8974609375	1.2958984375	1.134765625	0.74072265625	1.69921875	1.064453125	2.216796875	0.79296875	0.413330078125	0.9833984375	1.30859375	1.4052734375	1.2890625	0.1329345703125	0.03887939453125	0.0	1.9921875	0.194580078125	0.0	0.0	0.2237548828125	1.8984375	0.0	0.89453125	0.85205078125	0.56591796875	0.765625	0.483642578125	1.103515625	0.28076171875	0.0	0.450927734375	0.7412109375	2.412109375	1.3095703125	1.1748046875	0.0	0.67578125	0.0	1.7158203125	1.677734375	0.5986328125	0.0	0.339111328125	1.048828125	0.0	0.68896484375	0.038787841796875	0.65869140625	0.10498046875	0.376220703125	0.0	1.38671875	1.6142578125	1.201171875	0.912109375	0.2568359375	0.56201171875	0.0	0.11865234375	0.646484375	1.3984375	0.61669921875	1.1689453125	0.06268310546875	0.0	0.453857421875	1.63671875	0.0	2.1796875	1.384765625	0.449462890625	0.0272674560546875	0.28955078125	0.001590728759765625	1.1923828125	0.53515625	0.0
1.705078125	0.0	0.609375	1.814453125	0.0	0.94580078125	0.0	1.5986328125	1.68359375	0.0017375946044921875	2.87890625	1.4833984375	0.0	0.1224365234375	0.54736328125	0.0	0.470947265625	0.24462890625	0.93994140625	2.203125	0.0	1.30078125	0.0	0.0	0.0	1.658203125	0.61279296875	0.0	1.796875	2.724609375	0.417724609375	1.3984375	1.830078125	0.05145263671875	1.2705078125	0.0	0.0	0.97265625	0.426513671875	0.0	0.0	2.0078125	0.90673828125	1.076171875	0.8076171875	0.0	0.0	0.0	0.1220703125	0.0	0.3330078125	0.0	3.083984375	0.0	1.021484375	0.0	3.3046875	0.0	0.0	0.0	2.490234375	0.0	0.0	0.76611328125	0.7197265625	0.0	0.0	0.77685546875	0.1343994140625	0.0	1.8798828125	0.0	0.0	0.0	3.076171875	0.493896484375	1.779296875	0.0	2.40234375	0.158203125	0.0	0.0	1.1669921875	2.453125	0.37451171875	1.5986328125	0.0	0.0	0.0	3.693359375	1.275390625	1.3076171875	0.0	0.0	1.90625	0.0	0.0	0.888671875	1.7412109375	0.0	0.0	0.0	0.400146484375	1.3974609375	0.0	2.93359375	0.0	0.23193359375	0.45947265625	1.96484375	1.205078125	0.0	0.76025390625	0.0031585693359375	0.0	0.0	1.6044921875	0.0	0.8095703125	0.0	0.0	2.53515625	0.0	0.69580078125	1.49609375	2.12890625	0.51171875	0.0
0.0	3.06640625	0.0	0.0	0.0	0.83154296875	0.0	0.0	0.352294921875	0.0	0.126953125	0.0	1.81640625	0.6416015625	0.0	0.0	0.0	0.06500244140625	0.0	0.0	1.0849609375	2.30078125	1.2392578125	3.05078125	2.01171875	2.69140625	2.8828125	0.0	0.0	0.320556640625	0.0	3.02734375	0.0	1.5146484375	0.0	0.0	3.203125	0.0	0.302001953125	2.515625	0.0	0.53564453125	0.0	1.05859375	0.0	0.0	0.0	0.0	0.0	0.0	0.80029296875	0.9208984375	0.0	0.1849365234375	0.48095703125	1.5361328125	0.681640625	0.0	1.763671875	0.0	0.0	0.0	0.74853515625	1.6650390625	0.0	0.0	2.984375	0.0	1.361328125	0.5390625	3.19921875	0.984375	0.751953125	0.982421875	0.0	1.06640625	0.1563720703125	1.052734375	2.716796875	1.6220703125	2.646484375	1.72265625	1.3798828125	0.0	0.57666015625	0.0703125	0.0	1.9609375	0.0	0.81982421875	0.0	0.0	2.224609375	0.0	0.0	4.05078125	2.25390625	0.0	0.9248046875	0.77294921875	1.791015625	0.0	0.71728515625	0.0	3.31640625	0.0	4.55859375	0.66650390625	0.0	0.92236328125	0.043212890625	0.0	0.6435546875	0.88330078125	0.0	0.98486328125	0.0	0.0	0.0	0.0	1.599609375	0.0	1.94921875	1.4228515625	0.0	0.0	0.0	1.40234375
1.775390625	0.0	0.0	0.2122802734375	0.402587890625	0.4443359375	0.4619140625	0.93994140625	0.0	0.0	1.82421875	0.80419921875	0.0	0.96728515625	0.0	1.6083984375	0.498779296875	0.0	2.244140625	0.0	0.410400390625	0.358154296875	0.0	0.401123046875	0.51708984375	0.0006055831909179688	0.343994140625	1.39453125	0.8369140625	0.249267578125	0.7890625	0.0	1.5576171875	0.43017578125	0.475830078125	1.3037109375	1.05859375	0.73095703125	2.755859375	0.0	0.79150390625	0.324462890625	0.457763671875	0.0	0.0814208984375	1.3173828125	0.08050537109375	0.0	1.2333984375	0.81884765625	1.1064453125	0.74072265625	0.0	0.6474609375	1.681640625	0.81591796875	1.3037109375	0.04241943359375	1.0419921875	1.63671875	1.1787109375	1.1025390625	2.017578125	0.2998046875	0.0	0.0	2.943359375	1.1474609375	0.0	0.0	0.6953125	1.6474609375	0.0	0.24609375	0.218994140625	1.2939453125	1.18359375	1.2568359375	1.322265625	0.7626953125	0.0	1.5927734375	0.64990234375	2.001953125	1.3623046875	1.171875	1.013671875	0.388671875	0.0	1.0751953125	1.0283203125	0.0	0.4873046875	0.39111328125	1.14453125	0.4853515625	0.939453125	0.26953125	0.7939453125	0.27734375	1.5048828125	0.0	1.53515625	1.2109375	0.406005859375	0.5380859375	0.7607421875	0.0	0.0	0.86376953125	0.6728515625	1.8623046875	1.421875	1.6552734375	0.658203125	0.0	0.0	1.8271484375	0.0	2.33984375	0.96728515625	0.72802734375	0.4501953125	0.74560546875	0.0	1.7607421875	1.5283203125	0.83837890625
2.388671875	0.783203125	0.0	0.71923828125	0.0	0.892578125	0.0	0.0	0.0	1.07421875	2.03515625	0.0	0.0	0.0	0.0	0.0	1.14453125	2.462890625	1.3466796875	2.85546875	2.025390625	0.0	0.98583984375	0.0	0.0	0.876953125	0.0	1.298828125	1.14453125	0.0	1.353515625	0.0	0.0	0.0	1.8955078125	0.76806640625	0.094482421875	0.958984375	0.0	0.0	0.0	1.0341796875	0.0	0.7255859375	1.63671875	0.001743316650390625	0.0	2.0859375	0.150146484375	1.0927734375	0.0	0.349365234375	2.689453125	0.0	1.0390625	1.4970703125	0.21875	0.0	0.0	0.0	0.6064453125	1.99609375	0.153564453125	0.0	0.806640625	0.0	0.0	1.1826171875	0.361083984375	0.0	0.0	0.92236328125	0.0	0.0	0.0897216796875	0.0	1.4921875	0.0	1.33984375	0.0	0.0	0.0	1.0595703125	3.109375	2.59375	1.2470703125	0.0	0.0	0.896484375	1.3173828125	1.7626953125	0.0	0.0	1.03515625	1.8662109375	0.6015625	0.0	0.0	0.0	0.0	0.0	1.32421875	0.0	2.109375	0.63525390625	1.21484375	0.0	0.0	0.0	0.0	0.0	0.4130859375	1.263671875	0.0	0.0	0.0	0.2056884765625	1.50390625	1.6591796875	1.1181640625	0.425048828125	0.94677734375	1.0322265625	1.4990234375	0.0	1.8935546875	0.892578125	0.0
1.4599609375	0.0	0.0024890899658203125	0.0	0.78662109375	1.638671875	0.84814453125	1.5576171875	0.107666015625	0.0	1.419921875	2.251953125	0.0	1.1328125	0.3896484375	1.7216796875	0.2203369140625	0.0	1.8212890625	0.0	0.8447265625	1.185546875	0.0	0.5107421875	0.314208984375	0.5498046875	0.55517578125	0.9453125	0.367431640625	0.0	1.2626953125	0.268798828125	0.88037109375	1.21484375	0.6806640625	0.86962890625	1.4208984375	0.89697265625	1.087890625	0.0	0.9931640625	0.52587890625	0.01326751708984375	0.38623046875	0.0	0.80859375	0.489013671875	0.0	1.87109375	0.990234375	1.0341796875	1.1875	0.67578125	0.89794921875	1.587890625	0.47412109375	1.98828125	0.2822265625	0.92236328125	1.23828125	1.447265625	0.381591796875	1.2578125	0.8759765625	0.0	0.0	2.47265625	0.73974609375	0.443115234375	0.0	0.44189453125	2.04296875	0.0	0.72607421875	0.29638671875	0.87158203125	0.7060546875	1.0068359375	1.828125	0.61767578125	0.0	1.3310546875	1.2841796875	1.833984375	1.0888671875	1.1259765625	0.51953125	0.54736328125	0.0	1.3349609375	1.1591796875	0.0	0.5185546875	0.41943359375	0.65478515625	0.6484375	0.69384765625	0.3076171875	0.71142578125	0.182373046875	0.05291748046875	0.0	1.2392578125	1.0400390625	0.0	1.1376953125	0.2178955078125	0.234130859375	0.71630859375	0.55908203125	1.1513671875	1.0576171875	0.61669921875	0.671875	0.475830078125	0.18994140625	0.58740234375	1.2197265625	0.0	1.8671875	0.60546875	0.1170654296875	0.87109375	1.2041015625	0.41064453125	1.234375	1.177734375	0.7861328125
1.5947265625	0.0	0.058349609375	0.0	1.92578125	1.1572265625	1.361328125	1.0791015625	0.27783203125	0.0367431640625	1.6904296875	2.345703125	0.0	0.71630859375	0.218994140625	2.01171875	1.3310546875	0.16455078125	2.12890625	0.0	0.91650390625	0.8720703125	0.103759765625	1.08984375	0.673828125	0.546875	0.86767578125	0.513671875	0.46142578125	0.0	0.9736328125	0.73779296875	0.385986328125	1.373046875	0.0	1.51171875	0.92236328125	0.78125	1.2001953125	1.2587890625	1.3779296875	0.25830078125	0.0	0.861328125	0.0	0.91552734375	0.93798828125	0.0	1.7109375	0.84716796875	0.55517578125	0.9775390625	0.0	0.72119140625	0.2161865234375	1.046875	2.814453125	0.94775390625	1.4287109375	1.7578125	1.796875	0.9150390625	1.505859375	1.15625	0.0	0.0	1.8193359375	0.58837890625	0.273681640625	0.0	0.055023193359375	1.59765625	0.0	0.0	0.0	0.8662109375	0.0	1.0849609375	0.282958984375	1.4873046875	0.0	2.41015625	0.52880859375	0.984375	0.8017578125	0.08929443359375	0.0	0.444091796875	0.0	1.37109375	1.58984375	0.0	1.72265625	0.306640625	0.7294921875	0.53076171875	0.0	0.75927734375	0.1300048828125	1.0625	1.083984375	0.0	1.0703125	1.1298828125	0.11297607421875	0.92333984375	0.9033203125	0.515625	1.4951171875	1.291015625	1.4501953125	0.69970703125	1.1015625	0.396240234375	0.0	0.203857421875	0.0	1.4873046875	0.021942138671875	1.08203125	1.0751953125	0.0	1.068359375	1.302734375	0.3095703125	1.322265625	0.80126953125	1.32421875
0.55126953125	0.61865234375	0.0	0.0	0.0	0.0	0.0	0.183349609375	0.0	0.0	2.0	1.0849609375	1.2177734375	0.0	0.0	0.0	2.283203125	0.421875	1.4375	0.0	1.009765625	0.36376953125	0.619140625	0.41064453125	0.0	1.8623046875	0.91015625	2.025390625	0.0	0.56640625	1.7685546875	0.0	0.0	1.6201171875	1.857421875	0.0	1.318359375	0.587890625	1.4619140625	0.814453125	0.03875732421875	0.98046875	0.208251953125	0.86328125	1.337890625	0.0	0.489990234375	1.88671875	1.505859375	0.0	0.53857421875	0.986328125	0.0	0.05596923828125	1.6845703125	1.283203125	0.9423828125	1.6875	0.0	0.52734375	0.0	1.6103515625	1.8037109375	1.2783203125	0.0	0.301513671875	2.498046875	0.0	1.4462890625	0.059539794921875	0.5322265625	2.63671875	0.49462890625	1.046875	0.0	0.60595703125	0.93798828125	1.4140625	2.4453125	0.1595458984375	0.94970703125	0.0	0.70654296875	2.431640625	0.51318359375	1.8232421875	2.080078125	0.51171875	0.0	1.826171875	1.7763671875	0.0	0.0	0.0	0.0	0.052642822265625	2.65234375	0.0	0.98779296875	0.0	0.356689453125	0.0	0.8974609375	1.7509765625	2.470703125	0.0	1.45703125	1.7919921875	0.68798828125	0.036285400390625	0.6044921875	0.11944580078125	0.480224609375	0.8525390625	0.0	0.82861328125	0.54638671875	0.78759765625	0.6220703125	1.7138671875	1.5576171875	0.61328125	0.85009765625	0.83740234375	0.0	0.0	0.0	0.0
0.0	1.1640625	0.0	1.3759765625	0.54296875	2.51171875	1.3349609375	2.671875	0.0	3.755859375	0.76416015625	0.0	0.0	0.0	0.0	1.32421875	0.0	1.68359375	1.0625	0.438232421875	0.0	0.0	0.0	1.7763671875	0.0	0.712890625	0.0	1.345703125	0.71630859375	0.0	1.6865234375	0.0	1.0146484375	1.1513671875	1.2890625	1.9365234375	0.0	2.609375	0.0	1.916015625	1.998046875	0.0	0.0	2.646484375	3.0859375	2.130859375	1.939453125	3.228515625	2.703125	0.5341796875	0.0	1.689453125	0.97021484375	1.9580078125	0.0	0.375732421875	0.0	0.54931640625	1.2421875	0.0	2.00390625	2.470703125	1.482421875	0.0	0.057342529296875	0.42431640625	0.83251953125	0.0	0.6787109375	0.0	0.0	0.0	0.0	0.0	0.0	0.0	0.0	0.31298828125	0.1632080078125	0.0	0.0	0.0	0.0	1.923828125	0.0	0.307373046875	0.0	1.919921875	1.50390625	0.20947265625	0.0	1.298828125	0.5263671875	0.0	0.0	0.82275390625	0.6826171875	0.005035400390625	0.0	2.087890625	0.0	0.68359375	0.0	0.7568359375	0.0	0.0	0.0	1.2177734375	0.67919921875	0.0	0.0	1.5263671875	0.0	0.0	0.0	1.9873046875	1.3828125	1.4931640625	0.0	0.0	1.7607421875	1.689453125	0.0	0.453369140625	0.0	2.794921875	0.0	0.0
1.6943359375	0.69140625	0.0151824951171875	0.7294921875	0.68359375	0.0	1.896484375	0.033599853515625	0.0	0.912109375	0.0	0.152587890625	1.2197265625	0.0	0.84033203125	1.951171875	0.284423828125	0.371826171875	1.0537109375	1.3955078125	0.051300048828125	0.0	0.0	1.9130859375	0.6796875	0.58203125	0.0	0.91259765625	0.35888671875	0.8779296875	1.2158203125	0.0	0.0	0.0	0.70703125	1.7412109375	0.0	0.8701171875	0.86181640625	0.492431640625	1.533203125	0.0	0.27978515625	0.0	1.1201171875	1.6181640625	0.734375	0.869140625	0.1248779296875	1.4736328125	0.0	1.205078125	1.197265625	1.8671875	1.2529296875	0.436279296875	0.0	2.06640625	1.6513671875	0.6875	1.228515625	1.0888671875	1.7197265625	0.0	0.149658203125	0.0	1.8505859375	0.576171875	0.0	0.0	0.0	0.0	0.0	1.46484375	0.0672607421875	0.0	1.1318359375	2.431640625	0.5927734375	1.201171875	0.0	1.828125	0.0	2.9375	1.4970703125	0.78857421875	3.23828125	1.5234375	0.74609375	0.896484375	0.0	0.0	0.95361328125	0.35791015625	1.1513671875	1.404296875	0.0	0.0	0.0	1.302734375	1.3544921875	0.48828125	0.0	2.287109375	0.0	0.0	0.0	0.1751708984375	0.0	0.065673828125	0.0	3.39453125	1.5078125	1.5595703125	0.0	0.0	0.0	0.062255859375	0.0	0.68701171875	1.423828125	0.0	0.0	0.0	0.283203125	2.416015625	0.8076171875	0.06060791015625
0.0	0.0	0.00908660888671875	0.0	0.72021484375	1.369140625	0.0	0.8935546875	0.327392578125	0.53369140625	1.048828125	1.8662109375	0.75	0.0	0.3310546875	0.1627197265625	2.09765625	0.75390625	2.345703125	0.0	1.4384765625	0.2998046875	0.1932373046875	0.75244140625	0.0	0.51318359375	1.0869140625	0.54443359375	0.0	1.05859375	1.130859375	0.75634765625	0.259521484375	1.5078125	0.24609375	0.2103271484375	0.796875	2.353515625	2.47265625	0.334716796875	2.56640625	2.0859375	0.0	0.0	0.0	0.0	0.85400390625	0.7626953125	1.0205078125	0.0	0.0	1.1240234375	0.0	0.211669921875	0.0	0.0	0.0921630859375	0.0	0.250732421875	1.41015625	1.2314453125	0.0	1.767578125	1.7041015625	0.19091796875	1.5458984375	1.900390625	0.0	1.9306640625	1.587890625	0.0	0.71533203125	0.3720703125	0.0	0.0	1.193359375	0.0	0.0	0.0	0.37451171875	1.21875	0.0	0.0	0.37109375	0.0	0.340576171875	0.0	0.10272216796875	0.0	0.44873046875	0.619140625	0.0	2.08984375	0.0	0.0	1.3125	1.0234375	0.5634765625	0.205078125	0.6318359375	0.1319580078125	0.0	0.201171875	0.9296875	0.9130859375	0.0	0.215576171875	1.2998046875	3.056640625	0.0	1.3447265625	0.0	0.0	0.0	0.0	1.2607421875	0.7060546875	0.4453125	0.0	0.439697265625	0.167724609375	1.1015625	1.154296875	2.32421875	0.0	0.65087890625	0.98193359375	0.3466796875
0.0	0.79345703125	0.0	0.0	0.0	0.329345703125	0.0	0.0	0.2271728515625	0.0	0.0	1.228515625	2.181640625	0.261474609375	0.8017578125	0.0	1.169921875	0.1324462890625	0.0	0.0	1.0771484375	1.4140625	0.0	0.0	0.0	0.0	1.4892578125	0.30419921875	0.0	0.4443359375	0.0	0.0	0.9345703125	0.0	0.44189453125	0.0	0.309814453125	0.0	0.8955078125	0.0	0.0	2.318359375	0.50732421875	1.173828125	0.0	0.0	0.0	1.4404296875	2.12109375	0.0	0.040008544921875	0.0	0.32177734375	0.0	0.91162109375	0.385498046875	0.162841796875	0.630859375	0.0	1.40625	0.0	0.0	0.322265625	1.388671875	1.8232421875	0.0	0.8701171875	0.0	0.376708984375	0.52734375	1.3662109375	0.21826171875	1.1728515625	0.450439453125	0.52099609375	1.5322265625	0.465576171875	0.7001953125	2.68359375	0.0	1.283203125	0.0	1.0517578125	2.689453125	0.4794921875	0.5732421875	0.95849609375	0.0	1.16796875	0.0	0.80126953125	0.07000732421875	0.0	0.6318359375	0.0	0.034027099609375	2.240234375	0.73779296875	1.8212890625	0.0	1.8798828125	0.0	0.31005859375	1.33984375	0.1461181640625	0.0	3.3046875	0.0	0.0	0.0	0.537109375	1.0107421875	0.7548828125	0.0	0.7763671875	0.0	0.7265625	0.0	0.28173828125	2.4375	0.0	1.9306640625	0.454345703125	0.69921875	1.5712890625	0.07342529296875	0.0	0.0
0.84716796875	0.0	1.3291015625	1.5576171875	3.728515625	1.794921875	0.0	0.444580078125	0.1324462890625	0.98095703125	2.330078125	0.904296875	0.0	2.32421875	1.41796875	0.0	0.0	0.60546875	0.0	0.496826171875	2.021484375	1.6787109375	0.0	0.0163421630859375	0.2047119140625	1.0400390625	0.9501953125	0.0	0.8701171875	1.318359375	0.0	1.3271484375	0.0	0.0	0.0	0.0	0.0	0.0	0.0	0.0	0.290283203125	3.255859375	0.0	0.0	0.0	0.0	0.0	0.256591796875	3.423828125	2.7421875	2.09765625	0.63671875	2.416015625	1.98046875	0.0	0.318115234375	2.150390625	0.35205078125	0.0	1.44921875	0.0	0.0	0.0	2.2734375	3.4296875	0.0	0.0	0.0	0.57666015625	2.13671875	0.8408203125	0.0	2.544921875	0.0	0.0	0.46630859375	0.0	0.0	0.0	2.94140625	0.0	0.0	0.044952392578125	0.27490234375	1.19921875	0.0	0.0	0.0	0.3125	0.1861572265625	1.201171875	1.88671875	0.0	2.068359375	1.1748046875	0.0	0.0	1.298828125	0.0	0.0	0.4384765625	0.0	0.0	0.0	0.0	3.517578125	0.0	0.0	2.0546875	2.357421875	0.86376953125	0.0	0.0	0.0	0.6396484375	0.0	1.6171875	0.90380859375	1.9140625	0.0	0.0	0.76171875	0.57080078125	1.765625	3.18359375	0.232177734375	3.1640625	0.0
1.984375	0.1728515625	0.88134765625	1.619140625	1.40234375	0.0	2.056640625	0.1968994140625	0.0	1.185546875	0.0	0.0	0.0	0.0	0.3896484375	1.814453125	0.1646728515625	0.3623046875	1.3349609375	0.91552734375	0.0	0.0	0.0	2.158203125	2.037109375	0.0	0.0	0.642578125	0.61279296875	0.0	0.85107421875	0.0	1.5341796875	0.0	0.0	1.8466796875	0.0	1.8447265625	1.09765625	0.6376953125	0.56640625	0.0	0.0	0.0	1.69921875	1.9482421875	1.5185546875	1.4599609375	0.73291015625	1.625	0.0	1.2001953125	0.63134765625	1.228515625	0.0260009765625	0.57080078125	0.0	1.7841796875	2.1171875	0.490234375	0.5810546875	1.3681640625	2.341796875	0.0	0.372314453125	0.0	0.80859375	0.64453125	0.0	0.0	0.0	0.0	0.0	0.55615234375	0.0	0.0	0.783203125	1.3623046875	0.0	1.0498046875	0.0	1.6123046875	0.0	1.486328125	0.261962890625	0.26953125	2.8671875	1.630859375	2.005859375	0.266845703125	0.0	0.3935546875	1.2333984375	0.0	1.265625	0.0	0.55029296875	0.0	0.0	1.3603515625	2.146484375	1.634765625	0.0	2.302734375	0.0	0.0	0.0	0.0	0.0	0.0	0.0	2.80859375	0.82470703125	1.1875	0.0	0.0	0.0	0.81494140625	0.433349609375	0.360595703125	2.296875	1.9541015625	0.0	0.0	0.459228515625	2.810546875	0.407958984375	0.0
1.3505859375	0.22900390625	0.174072265625	1.208984375	0.84765625	0.0	1.3955078125	1.283203125	0.0	1.7626953125	0.1700439453125	0.0	0.0	0.0	0.92626953125	1.595703125	0.587890625	1.2265625	1.943359375	2.140625	0.0	0.0	0.0	0.5888671875	0.0623779296875	0.0	0.0	0.55419921875	0.136962890625	0.0	0.365966796875	0.0	2.072265625	0.83251953125	0.0	1.4326171875	0.0	1.9599609375	0.81640625	0.0	1.2802734375	0.0	0.0	1.251953125	1.642578125	0.041473388671875	1.3173828125	1.224609375	1.5263671875	1.2607421875	0.0	1.2158203125	1.0869140625	1.28515625	0.0	0.0	0.44580078125	0.317138671875	1.2744140625	0.0	1.8037109375	0.0	2.30078125	0.37841796875	0.748046875	0.0	2.0625	1.041015625	0.0	0.0	0.0	0.1988525390625	0.0	0.634765625	0.0	0.0	0.67431640625	1.16015625	1.513671875	0.0	0.0	0.99072265625	0.0	2.150390625	0.58447265625	1.3701171875	1.83203125	0.86279296875	1.4248046875	0.348876953125	0.0	0.63037109375	1.05078125	0.0	1.1376953125	0.77587890625	0.305908203125	0.0	0.0	0.0	1.2734375	0.0	0.0	2.884765625	0.0	0.70166015625	0.0	0.0208282470703125	0.0	0.0	0.0	2.21875	1.01171875	0.80712890625	0.0	0.0	0.81689453125	1.4365234375	0.0	0.1944580078125	1.384765625	1.17578125	0.0	0.0	0.056427001953125	3.828125	0.86083984375	0.0
1.259765625	0.0	0.83984375	0.56396484375	1.646484375	0.876953125	0.521484375	1.013671875	0.0	0.0	1.2314453125	1.5146484375	0.0	0.41796875	0.0	0.9794921875	0.70458984375	0.48388671875	1.078125	0.390625	1.4140625	0.87890625	0.0	0.324462890625	0.0	0.0	0.857421875	0.0	0.0	0.1925048828125	0.89306640625	0.492919921875	1.2138671875	1.35546875	0.486083984375	0.451904296875	1.3564453125	0.44482421875	1.380859375	0.2626953125	1.7880859375	0.927734375	0.0	0.0	0.0	0.2822265625	0.06744384765625	0.0	1.4072265625	0.0	0.1307373046875	0.818359375	0.2353515625	0.548828125	0.0	1.904296875	2.1796875	0.54150390625	1.587890625	0.1162109375	2.19921875	0.09759521484375	1.5302734375	1.9697265625	0.0	0.0	0.9072265625	0.7041015625	0.0	0.98681640625	1.84765625	1.0810546875	0.0	0.49609375	0.0	1.5068359375	0.0	0.10076904296875	1.5087890625	2.248046875	0.0	0.85595703125	0.0035724639892578125	1.0283203125	0.8505859375	0.98486328125	0.0	0.0140838623046875	0.0	1.1103515625	0.97705078125	0.374755859375	0.5205078125	0.0	1.20703125	1.3681640625	0.0	0.85302734375	0.51513671875	0.0350341796875	1.099609375	0.0	0.869140625	1.1455078125	0.390625	0.82568359375	0.90087890625	0.0	1.2470703125	0.67724609375	0.64599609375	1.4267578125	1.8310546875	0.0777587890625	0.0	0.5107421875	0.3779296875	0.75048828125	0.0	0.82763671875	1.3544921875	0.214599609375	0.85205078125	0.97705078125	0.62158203125	1.83984375	0.244384765625	0.69677734375
1.1484375	1.908203125	0.0	1.0107421875	0.0	0.0	0.0	0.0	0.67431640625	0.0	2.34375	0.044586181640625	0.0	0.0	0.0	0.0	2.84375	1.7060546875	1.0185546875	0.0	0.83447265625	0.0	0.01617431640625	0.0	0.0	0.689453125	0.09759521484375	1.4619140625	0.0	0.0	0.6904296875	0.0	0.0	0.91259765625	2.912109375	0.57080078125	1.296875	0.0	2.18359375	0.1331787109375	0.0	2.029296875	0.0	1.33203125	0.5947265625	0.0	0.0	3.611328125	0.05316162109375	0.0	0.0	0.0	0.0	0.0	2.046875	2.22265625	1.1728515625	1.62890625	0.0	0.69775390625	0.0	3.529296875	0.9189453125	0.0	0.0	1.0771484375	0.99072265625	0.0	0.288330078125	0.158203125	1.234375	3.181640625	1.21484375	0.0	0.0	0.77734375	2.78515625	0.52685546875	3.595703125	0.0	0.0	0.0	0.53466796875	2.40234375	0.01470184326171875	3.271484375	0.0	0.0	1.306640625	1.2724609375	1.9853515625	0.0	0.0	0.0	0.0	0.0	1.447265625	0.0	1.13671875	0.0	0.0	0.0	0.04327392578125	2.314453125	3.1484375	0.0	2.693359375	0.468017578125	0.26123046875	0.020599365234375	0.5537109375	0.03204345703125	2.189453125	1.4384765625	0.994140625	0.7978515625	0.0	2.552734375	2.2734375	1.8251953125	0.4052734375	1.91015625	1.171875	0.884765625	0.0	0.350341796875	0.0	0.0
1.90625	0.62060546875	0.0	0.87060546875	0.0	2.482421875	1.5615234375	0.0	0.0	0.0	0.75048828125	0.94189453125	0.4716796875	1.2470703125	0.5927734375	0.84228515625	0.7158203125	0.07440185546875	0.0	0.36474609375	0.36328125	2.763671875	0.0	1.892578125	0.0	1.1455078125	0.7587890625	0.388671875	0.0	0.1221923828125	0.546875	0.0	0.0	0.97265625	0.484619140625	0.0	1.9013671875	0.0	2.630859375	0.0	0.95703125	0.46484375	0.0	0.0	0.0	1.384765625	0.50537109375	0.0	1.7841796875	0.0	0.0	1.076171875	0.0	2.314453125	1.919921875	0.5869140625	0.0	2.916015625	1.3134765625	1.791015625	0.366455078125	0.0	1.666015625	0.888671875	0.0	0.0	0.90478515625	0.51025390625	0.0	0.0	2.025390625	0.72119140625	1.3271484375	0.437255859375	1.53125	1.15625	0.55029296875	1.298828125	1.626953125	1.3916015625	0.0	2.681640625	1.953125	2.140625	0.73779296875	0.96142578125	3.244140625	0.0	0.0	0.0	0.96826171875	0.0	1.5966796875	0.0	0.52880859375	3.55859375	1.384765625	0.53515625	1.0625	0.87158203125	0.6103515625	0.0	0.78662109375	2.0	0.418701171875	0.0	3.205078125	0.0	0.0	0.0	0.26611328125	3.279296875	1.740234375	1.298828125	0.0	0.0533447265625	0.0	0.296875	0.0	2.294921875	0.6181640625	0.0	0.39501953125	0.80517578125	1.669921875	1.2470703125	0.83642578125	1.4404296875
0.64697265625	0.8916015625	0.55859375	0.50537109375	0.0	2.00390625	0.0	0.9970703125	0.0	0.81201171875	0.92822265625	1.189453125	0.212646484375	0.0	1.408203125	0.0	0.0	0.77001953125	0.314697265625	1.4248046875	2.3125	0.375	0.5361328125	0.0	0.0	0.404541015625	0.0	0.91259765625	0.74462890625	0.0	0.97216796875	0.0	0.0	1.12890625	2.048828125	0.4150390625	0.20263671875	0.591796875	0.0	0.0	0.748046875	0.5966796875	0.0	1.85546875	0.62548828125	0.0	1.466796875	0.841796875	1.9130859375	1.09375	0.0	1.5908203125	2.83203125	1.267578125	2.21875	0.0	0.45947265625	0.421630859375	0.0	0.251708984375	0.0	0.0	0.0	0.20556640625	1.9296875	0.0	1.037109375	0.499755859375	0.0	0.0	0.0	0.4794921875	1.4619140625	0.5771484375	1.3369140625	0.0	0.56494140625	0.0	1.4150390625	0.0	0.0	0.311767578125	1.1640625	2.05078125	1.658203125	1.806640625	0.0	1.0693359375	0.541015625	0.0	1.4306640625	0.0	0.0	0.505859375	0.82568359375	0.0	0.0654296875	0.0	0.0	0.0	0.0	0.685546875	0.0	1.4365234375	0.0	1.5458984375	0.0	0.0	0.0	0.0	0.0	0.93017578125	0.0	0.1741943359375	0.0784912109375	0.0	1.333984375	1.0322265625	0.0	0.93408203125	0.0	0.919921875	0.54296875	1.302734375	0.74951171875	1.45703125	1.34765625	0.0
0.0	0.38330078125	0.0	0.0	0.0	3.349609375	0.0	0.0	0.0	0.0	0.0	0.0	1.8916015625	1.7001953125	0.42626953125	0.0	0.0	0.0	0.031005859375	0.0	0.491943359375	3.873046875	0.6494140625	0.83056640625	0.420654296875	2.24609375	3.412109375	0.0	0.0	3.8359375	0.0	5.44140625	0.0	1.7490234375	0.0	0.0	1.6259765625	0.0	0.0	4.48046875	0.413818359375	1.595703125	1.1533203125	0.0	0.0	0.0	1.3017578125	0.0	0.0	0.0	0.337158203125	2.72265625	0.0	0.32958984375	0.0	0.0	1.681640625	0.0	0.96337890625	0.0	0.0	0.0	0.138427734375	1.0595703125	0.0	0.0	2.115234375	0.0	1.9677734375	0.63525390625	1.2080078125	0.0	0.0	0.5068359375	1.4140625	1.2763671875	0.0	0.0	1.9736328125	0.798828125	1.390625	0.0	1.0732421875	0.0	0.83544921875	0.0	0.0	1.271484375	0.0	0.251953125	0.1510009765625	0.0	2.376953125	0.0	0.0	2.55859375	0.0	0.0	1.3232421875	0.73193359375	0.0	0.0	0.398193359375	0.0	1.955078125	0.0	3.71484375	1.1279296875	0.36572265625	1.509765625	1.154296875	0.0	0.0	0.0	0.0	0.73388671875	0.0	0.0	0.0	0.0	0.77294921875	0.0	0.830078125	0.312255859375	0.0	0.0	0.0	0.66748046875
1.3505859375	0.82666015625	0.0	0.62890625	1.822265625	1.23046875	0.658203125	1.16015625	0.0	0.2144775390625	2.017578125	0.39990234375	0.0	0.0	0.0	1.0341796875	0.14794921875	0.25	1.8310546875	0.0	0.91552734375	0.408447265625	0.0	1.5087890625	0.321533203125	1.052734375	0.0	1.3603515625	0.317626953125	0.0	1.7265625	0.126708984375	0.8662109375	0.615234375	0.15771484375	0.448974609375	1.33984375	1.0673828125	2.705078125	1.259765625	1.080078125	0.0	0.0	0.47216796875	0.420166015625	0.88037109375	0.7509765625	0.354736328125	1.171875	0.0	0.0	0.689453125	0.0	0.0	0.047119140625	2.46484375	1.5439453125	0.55322265625	1.6357421875	0.2435302734375	1.2841796875	1.8916015625	2.01171875	0.06024169921875	0.0	0.0	1.5703125	0.0	0.0	0.0	0.447509765625	1.3115234375	0.0	1.0341796875	0.0	0.0	0.0	1.1728515625	0.98583984375	0.3623046875	0.59375	1.50390625	0.0	1.8603515625	0.2470703125	1.2265625	0.07855224609375	1.1318359375	0.931640625	1.0302734375	0.47021484375	0.0	0.7099609375	0.0	0.99853515625	0.0	0.97021484375	0.1519775390625	0.11199951171875	1.412109375	1.6142578125	0.454345703125	0.53369140625	1.7451171875	1.578125	0.0	0.2247314453125	0.0	0.44189453125	0.93505859375	0.0	1.6259765625	1.5107421875	1.3671875	0.0	0.0	0.0	1.181640625	0.0	1.501953125	1.7275390625	0.358642578125	0.53564453125	0.27490234375	0.0	2.3203125	0.0	1.17578125
1.681640625	0.0	0.39794921875	0.654296875	1.4697265625	1.4541015625	0.6689453125	1.0166015625	0.0	0.0	1.2763671875	1.310546875	0.1331787109375	1.0068359375	0.0	0.71044921875	0.6826171875	0.1402587890625	0.342041015625	0.91015625	0.349365234375	1.4169921875	0.0	0.2049560546875	0.13916015625	0.313720703125	0.69775390625	0.6962890625	0.0	0.6142578125	0.986328125	0.89794921875	0.74072265625	0.9189453125	0.0	0.65283203125	0.8759765625	0.0	1.2373046875	0.0	1.1171875	0.24169921875	0.265869140625	0.035003662109375	0.0	1.3203125	0.1502685546875	0.0	1.1640625	0.654296875	0.67919921875	0.86767578125	0.446533203125	1.01171875	1.150390625	1.25	1.7568359375	1.2919921875	1.3671875	0.9462890625	0.8203125	0.274658203125	1.1181640625	1.4365234375	0.0	0.0	0.5390625	0.53173828125	0.0	0.383544921875	1.857421875	1.142578125	0.0	0.74853515625	0.9853515625	0.962890625	0.0	0.85595703125	2.298828125	2.23828125	0.0	1.90625	0.98779296875	0.9775390625	1.435546875	0.05889892578125	0.2452392578125	0.8818359375	0.0	1.525390625	0.68798828125	0.35498046875	0.4736328125	0.0	1.0888671875	0.814453125	0.75537109375	0.0	0.59130859375	0.31591796875	1.6650390625	0.0	1.1513671875	0.814453125	0.615234375	0.90478515625	1.0869140625	0.156982421875	0.0	0.9130859375	0.66259765625	1.833984375	1.384765625	0.81591796875	0.0	0.0	0.0	0.136474609375	0.0	1.060546875	1.4677734375	0.0	0.0	0.1468505859375	1.162109375	0.95751953125	0.74365234375	1.404296875
1.0439453125	0.0	0.4345703125	0.055633544921875	0.82373046875	0.76513671875	0.4638671875	1.38671875	0.525390625	0.0	1.439453125	1.705078125	0.0	0.16064453125	0.167724609375	1.2265625	0.93017578125	0.0	0.8076171875	0.0	1.5537109375	1.0419921875	0.0	0.2156982421875	0.00196075439453125	1.02734375	0.587890625	0.634765625	1.08984375	0.473876953125	1.166015625	0.0875244140625	0.76806640625	1.453125	0.496337890625	0.336181640625	1.111328125	0.58984375	1.5654296875	0.0	1.4580078125	0.5517578125	0.08319091796875	0.12493896484375	0.0	0.0	0.78466796875	0.0	1.7900390625	1.142578125	0.82958984375	0.49365234375	1.0859375	0.84912109375	1.84765625	0.80517578125	1.4130859375	0.56884765625	0.2149658203125	1.091796875	0.681640625	0.94482421875	0.11505126953125	0.95166015625	0.0	0.0	2.154296875	0.5771484375	0.437255859375	0.0	0.2333984375	2.646484375	0.0	0.34375	0.0	1.1201171875	0.77880859375	1.134765625	0.311279296875	0.71826171875	0.0	1.3974609375	1.1572265625	1.7021484375	1.017578125	0.427978515625	0.68212890625	0.2335205078125	0.0	1.13671875	1.10546875	0.007205963134765625	0.0	0.396484375	0.458740234375	0.0	0.712890625	0.35986328125	0.53662109375	0.0	0.63232421875	0.0	1.48828125	0.0	0.0	1.3671875	0.0	0.0	1.0751953125	0.60986328125	1.3203125	0.671875	0.712890625	0.193603515625	1.0458984375	0.329345703125	0.1563720703125	1.1669921875	0.0	1.6650390625	0.369873046875	0.0	0.9951171875	1.3935546875	0.0	0.53662109375	1.4208984375	0.10601806640625
0.0	3.12109375	0.810546875	3.73828125	1.4609375	0.243408203125	0.0	0.0	0.01015472412109375	0.0	0.0	0.1368408203125	0.0	0.58544921875	1.7197265625	0.0	1.0	0.0	0.0	0.0	1.0517578125	1.369140625	0.173095703125	0.0	0.0	0.61083984375	1.2041015625	0.0	0.0	0.032958984375	0.0	0.2237548828125	0.0	1.9306640625	0.0	0.0	1.8515625	0.0	0.273193359375	0.0	0.0	2.51953125	0.0	2.3515625	0.0	0.0	0.0	0.0	2.140625	1.1591796875	0.0	0.0	2.8203125	2.642578125	2.759765625	0.0	0.541015625	1.9462890625	0.0	1.6982421875	0.0	0.0	0.0	2.9453125	1.1875	0.0	0.0	0.55517578125	0.0574951171875	0.2900390625	1.4775390625	1.6611328125	2.28515625	0.0	1.3115234375	1.533203125	0.9228515625	1.6796875	0.0	2.6171875	0.76025390625	0.0	2.76953125	0.0	0.471923828125	0.0	1.19921875	0.0	1.9619140625	0.0	1.10546875	1.4443359375	0.0	2.080078125	0.0	0.0	0.0	0.332763671875	0.09783935546875	0.0	0.0	0.0	1.220703125	0.0	0.0	2.55078125	0.443115234375	0.0	1.28515625	0.0	1.4951171875	0.053009033203125	0.0	0.0	2.318359375	0.0	0.83740234375	0.287109375	0.0	1.9697265625	0.0	0.0	1.0380859375	1.8779296875	3.5703125	0.0	1.1396484375	0.0
1.4306640625	0.0	0.465087890625	0.0	0.70166015625	1.154296875	0.85107421875	0.97021484375	0.18212890625	0.255126953125	1.6044921875	1.8017578125	0.0	0.0	0.0	1.07421875	0.173095703125	0.6416015625	2.044921875	0.0	1.65625	0.453857421875	0.0	0.57421875	0.0	0.0	0.220458984375	0.2445068359375	0.0	0.0	1.474609375	0.0989990234375	1.125	1.3857421875	0.6083984375	1.4501953125	0.65380859375	0.83544921875	1.2197265625	0.0	0.319580078125	0.18115234375	0.30029296875	0.017791748046875	0.0	1.3173828125	0.74365234375	0.0	1.8720703125	1.29296875	1.1435546875	0.7607421875	0.869140625	0.47705078125	1.2099609375	1.228515625	2.4765625	0.630859375	1.1298828125	1.0576171875	1.5947265625	1.0107421875	1.9033203125	1.4296875	0.0	0.0	1.53125	0.9658203125	0.429931640625	0.0	0.47265625	1.96875	0.0	0.351806640625	0.0	0.286376953125	0.8603515625	0.0	1.7802734375	1.1884765625	0.0	1.68359375	0.55029296875	1.404296875	1.19921875	1.455078125	0.27392578125	0.218017578125	0.0	1.3076171875	1.5322265625	0.0	0.5380859375	0.0	0.93359375	1.0283203125	0.609375	0.73095703125	0.30029296875	0.413330078125	0.64599609375	0.6328125	0.859375	1.2587890625	0.33984375	0.7998046875	0.397216796875	0.0	0.9208984375	0.0	0.68994140625	1.28515625	1.359375	0.7802734375	0.285400390625	0.74462890625	0.77587890625	1.595703125	0.141357421875	1.4482421875	1.423828125	0.65380859375	1.130859375	1.0361328125	0.391845703125	1.6533203125	0.462646484375	0.16455078125
0.9306640625	0.0	0.148193359375	0.0	0.0	0.74072265625	0.5322265625	1.0703125	0.0037212371826171875	0.0	2.119140625	1.3662109375	1.435546875	1.3505859375	0.63037109375	0.499755859375	0.86083984375	0.0	1.5908203125	0.0	0.8193359375	1.7421875	0.09869384765625	0.221923828125	0.6318359375	1.1728515625	0.8447265625	0.96728515625	1.5751953125	0.53173828125	1.3759765625	0.0	1.0517578125	0.76123046875	0.2548828125	0.0	0.794921875	0.056243896484375	1.587890625	0.0	1.20703125	0.1248779296875	0.1644287109375	1.044921875	0.2646484375	0.1829833984375	0.36474609375	0.0	1.0517578125	1.1650390625	1.5615234375	1.2607421875	0.34326171875	0.78369140625	1.728515625	0.446044921875	1.9423828125	1.060546875	0.595703125	1.0302734375	0.6650390625	0.28369140625	1.1884765625	0.8564453125	0.0	0.1995849609375	1.873046875	0.370849609375	0.7890625	0.0	0.0	2.32421875	0.1314697265625	0.66748046875	0.0	0.625	0.8896484375	1.875	1.890625	1.248046875	0.254150390625	1.39453125	1.080078125	2.31640625	1.0869140625	0.6611328125	1.748046875	0.260009765625	0.0	2.203125	1.060546875	0.0	0.74072265625	0.2384033203125	0.12353515625	0.52880859375	1.6787109375	0.61767578125	0.6220703125	0.033782958984375	0.669921875	0.0	1.16796875	1.31640625	0.0	0.17578125	1.2783203125	0.27490234375	0.08282470703125	1.26171875	0.85498046875	0.5703125	0.626953125	1.4599609375	0.63427734375	0.0	0.117431640625	1.06640625	0.482421875	1.49609375	1.2783203125	0.263427734375	0.46875	0.271240234375	0.0	0.9169921875	0.6845703125	0.0
0.79248046875	1.22265625	0.0	1.2529296875	0.71240234375	1.5830078125	0.95458984375	2.083984375	0.0	2.125	0.51708984375	0.0	0.0	0.0	0.0	2.056640625	0.0	1.736328125	2.01953125	2.193359375	0.0	0.0	0.0	0.98193359375	0.66162109375	0.54296875	0.0	1.3037109375	0.0	0.0	0.456787109375	0.0	1.6552734375	1.123046875	0.0	1.369140625	0.0	1.6162109375	0.2420654296875	0.90673828125	0.44580078125	0.0	0.0	1.890625	2.154296875	0.9453125	0.78759765625	1.6650390625	1.94140625	0.57421875	0.0	0.5546875	0.0	0.8291015625	0.0	1.3388671875	0.31298828125	0.0	1.7734375	0.0	2.197265625	1.19921875	2.62890625	0.0	0.4267578125	0.0	1.8271484375	0.984375	0.0	0.0	0.0	0.0	0.0	0.09210205078125	0.0	0.0	0.0	1.4619140625	1.7763671875	0.0	0.0	1.44140625	0.0	2.3828125	0.0	1.1220703125	0.38818359375	0.97509765625	1.802734375	0.0	0.0	0.22705078125	0.5185546875	0.0	1.0712890625	1.5087890625	0.47900390625	0.6796875	0.0	1.77734375	1.3681640625	1.306640625	0.0	1.09765625	0.17919921875	0.96630859375	0.0	0.53369140625	0.0	0.0	0.0	2.169921875	1.080078125	0.0	0.0	0.78125	0.30615234375	1.240234375	0.0	0.1290283203125	0.7783203125	1.169921875	0.146728515625	1.0673828125	0.082763671875	3.548828125	1.2412109375	0.0
1.111328125	0.57275390625	0.0	0.68115234375	1.17578125	0.81787109375	0.0	0.5859375	0.0	0.242919921875	2.13671875	0.0	0.0	0.0	0.0	1.044921875	0.284423828125	0.63623046875	1.5283203125	0.0	2.205078125	0.0	0.0	1.8359375	0.9736328125	0.859375	0.0	0.404052734375	0.0	0.0	1.759765625	0.0	0.85009765625	1.4384765625	1.412109375	0.73779296875	1.2314453125	1.0302734375	1.8837890625	0.59716796875	1.109375	0.138427734375	0.0	0.0	0.708984375	1.54296875	0.76513671875	1.1962890625	2.23046875	0.0	0.0	0.5703125	0.0	0.3701171875	0.393310546875	2.953125	0.69140625	0.057891845703125	1.4072265625	0.0	1.34765625	2.361328125	2.134765625	0.474609375	0.207275390625	0.0	2.19140625	0.0	0.1376953125	0.0	0.0	1.603515625	0.0	0.96142578125	0.0	0.11395263671875	0.26708984375	0.0290374755859375	0.7939453125	0.0	0.0	0.6298828125	0.0	1.001953125	0.0	1.0419921875	0.0	0.79541015625	0.07391357421875	0.73388671875	0.5029296875	0.0	0.97216796875	0.0	0.69384765625	0.0	1.3310546875	0.27392578125	0.0	1.509765625	0.0	0.3505859375	0.56689453125	0.96484375	1.3798828125	0.0	0.0	0.0	1.2939453125	0.65478515625	0.052215576171875	1.4970703125	1.115234375	0.89599609375	0.0	1.876953125	0.09075927734375	1.951171875	0.2391357421875	1.76953125	2.7890625	0.7109375	0.56005859375	1.2646484375	0.0	2.80078125	0.0	0.662109375
1.1435546875	1.8603515625	0.0	0.0	0.0	0.9609375	0.0	0.0	0.0	0.0	1.8056640625	0.2291259765625	0.0	0.0	0.0	0.0	0.37060546875	0.2359619140625	3.47265625	0.91650390625	1.875	0.0	0.51318359375	2.373046875	1.5166015625	1.189453125	1.28125	0.0	0.0	0.75830078125	1.8603515625	3.849609375	0.0	1.732421875	0.1356201171875	0.51904296875	2.5625	0.955078125	1.248046875	1.994140625	0.36181640625	2.87109375	0.0	0.0	0.0	1.376953125	1.2421875	0.0	0.0	0.0	0.48193359375	1.703125	0.0	0.0	0.10943603515625	0.98828125	0.55859375	0.0	2.275390625	0.0	1.7958984375	0.0	2.673828125	1.5556640625	0.0	0.67724609375	3.07421875	0.0	1.650390625	2.408203125	1.9619140625	0.1505126953125	0.0	0.52978515625	0.12030029296875	1.4521484375	0.0	0.0	1.9892578125	0.48388671875	0.0	0.0	0.0	0.0	0.0	0.40234375	0.0	0.95068359375	0.0	0.62744140625	0.9892578125	0.0	1.5302734375	0.0	1.14453125	0.86572265625	0.0322265625	0.01483154296875	0.93505859375	0.31591796875	0.454833984375	0.0	0.0	0.953125	3.76953125	0.0	2.44921875	0.2137451171875	0.70947265625	1.515625	0.60107421875	0.5634765625	0.392822265625	1.201171875	0.0	2.8359375	0.0	0.0	0.84521484375	0.1795654296875	1.818359375	0.0	1.4716796875	2.017578125	0.0	0.255615234375	0.0	1.5224609375
1.181640625	2.095703125	0.0	0.86865234375	2.462890625	2.033203125	0.78369140625	0.401123046875	0.0	1.556640625	0.70947265625	0.0	0.295166015625	0.0	0.0	1.5849609375	0.0	1.8115234375	1.0654296875	1.0087890625	0.291259765625	0.0	1.1875	3.287109375	0.6533203125	0.0	0.0	1.8037109375	0.0	0.0	1.916015625	0.7734375	0.9697265625	1.470703125	0.0	1.9609375	0.0	0.947265625	0.53662109375	0.80859375	0.8515625	0.0	0.0	0.576171875	0.321044921875	1.064453125	0.94287109375	1.814453125	2.30078125	0.0	0.0	1.5185546875	0.0	0.8896484375	0.0	1.7919921875	0.28564453125	1.64453125	2.41015625	0.91357421875	0.7509765625	2.17578125	2.3671875	0.61669921875	0.0	0.0	1.60546875	0.0	0.0738525390625	0.310302734375	0.0540771484375	0.291748046875	0.5146484375	0.28564453125	0.0	0.0	0.0	0.0933837890625	0.173828125	0.0	0.215576171875	1.537109375	0.0	1.279296875	0.46435546875	0.201171875	0.06317138671875	1.193359375	0.267578125	0.0	0.490966796875	0.0	0.60888671875	0.0	0.77001953125	1.8583984375	0.280029296875	0.31640625	0.0	1.5546875	0.80224609375	1.4833984375	0.0	1.83203125	1.2822265625	0.0	0.0	0.023101806640625	0.87060546875	0.0	0.0	2.49609375	1.05078125	0.0	0.2568359375	0.376708984375	0.0	1.5205078125	0.0	0.0980224609375	0.73291015625	0.55859375	0.33837890625	0.74658203125	0.221923828125	2.0	0.0	1.3134765625
1.705078125	0.1353759765625	0.0	0.48046875	0.55615234375	1.1728515625	0.5068359375	1.44921875	0.0	0.85107421875	1.5009765625	2.359375	0.0	0.0	0.0	1.09765625	1.0419921875	0.8046875	1.90625	0.0	0.87353515625	0.09271240234375	0.828125	0.457275390625	0.0	0.947265625	0.0	2.236328125	0.2056884765625	0.0	1.90625	0.0	0.06988525390625	1.66796875	1.3447265625	0.5537109375	1.046875	1.90234375	1.36328125	0.0	1.42578125	0.5029296875	0.0	1.4560546875	0.87841796875	1.08203125	1.001953125	0.90478515625	2.234375	0.0	0.0	1.95703125	1.078125	0.75634765625	2.26953125	0.75146484375	1.78125	0.363525390625	0.07550048828125	0.86181640625	1.251953125	1.306640625	1.28125	0.6376953125	0.01824951171875	0.0	1.2353515625	0.0	0.73388671875	0.0	0.0955810546875	1.7294921875	0.09063720703125	1.0439453125	1.060546875	0.0	0.53564453125	0.0	2.14453125	0.0	0.0435791015625	0.54833984375	0.75341796875	2.83984375	1.4072265625	1.5595703125	0.49267578125	1.3330078125	0.0	0.67431640625	1.515625	0.0	0.049591064453125	0.0	0.9326171875	0.437255859375	0.8193359375	0.0	0.0	0.0	0.57470703125	0.08990478515625	0.62890625	1.45703125	1.3544921875	0.76171875	0.0	0.79345703125	0.335205078125	0.0	0.5673828125	1.568359375	0.210205078125	0.78076171875	0.0	0.351806640625	1.3046875	1.8515625	0.0	1.38671875	0.65185546875	0.44482421875	0.943359375	1.845703125	0.0	0.5498046875	0.0	0.0
0.654296875	1.1015625	0.1766357421875	0.0	0.72021484375	2.078125	0.0	0.0	0.0	0.0	1.6455078125	1.0927734375	0.0	0.170654296875	0.0	0.49462890625	0.0	0.1951904296875	2.03515625	0.273193359375	2.064453125	0.90234375	0.0	1.763671875	0.5927734375	0.182373046875	1.4638671875	0.0	0.0	0.5810546875	1.1103515625	4.2421875	0.0	1.7578125	0.0	0.392822265625	2.326171875	0.1490478515625	0.57470703125	2.021484375	0.451904296875	1.4423828125	0.0	0.0	0.0	0.890625	1.0615234375	0.0	0.0	0.0	0.0682373046875	1.470703125	0.0	0.44287109375	0.363037109375	0.59619140625	2.1640625	0.11981201171875	1.7783203125	0.0	1.4755859375	0.0	1.94140625	1.8291015625	0.0	0.0	1.421875	0.0	0.744140625	1.3935546875	2.07421875	0.0	0.0	0.37646484375	0.42431640625	0.8466796875	0.0	0.0	1.49609375	2.263671875	0.0	1.150390625	0.0	0.0	0.83154296875	0.0	0.0	0.81884765625	0.0	1.1015625	0.7294921875	0.0	1.8447265625	0.0	1.2646484375	1.3388671875	0.0	0.2880859375	0.74951171875	0.57080078125	0.036529541015625	0.0545654296875	0.5087890625	0.8291015625	2.486328125	0.0	2.306640625	0.0	0.8662109375	1.5224609375	0.3203125	0.8603515625	0.474609375	0.884765625	0.0	1.369140625	0.289794921875	0.0	0.0	0.33251953125	1.5458984375	0.0	1.611328125	1.421875	0.36962890625	0.76611328125	0.1602783203125	1.6728515625
1.0576171875	0.0	0.0	0.106201171875	0.32568359375	1.0341796875	1.0048828125	1.3291015625	0.050628662109375	0.0458984375	0.705078125	1.95703125	0.410888671875	0.75048828125	0.0	0.9794921875	0.2481689453125	0.0	2.296875	0.0	0.49169921875	1.5380859375	0.0	0.05316162109375	0.28662109375	1.0654296875	0.42431640625	1.5458984375	1.8349609375	1.2138671875	1.8203125	0.5419921875	1.587890625	0.0	1.3447265625	0.85546875	0.435302734375	0.58984375	1.0390625	0.0	0.485595703125	0.334716796875	2.9296875	1.28125	0.1002197265625	0.359130859375	0.0	0.0	2.173828125	0.85009765625	1.009765625	0.0	0.2353515625	0.0	0.188720703125	0.8916015625	1.8994140625	0.74267578125	0.42138671875	0.5126953125	1.4677734375	1.7900390625	0.4912109375	0.0	0.274658203125	0.560546875	1.2294921875	0.0	0.26123046875	0.0	0.69384765625	0.94580078125	0.0	0.85791015625	0.35693359375	0.681640625	0.51806640625	1.2236328125	1.056640625	0.476806640625	0.0	0.5146484375	0.8583984375	2.255859375	0.39697265625	1.005859375	0.5029296875	0.0	0.0	1.7607421875	1.3203125	0.0	0.0	0.161865234375	0.0	0.0	1.3212890625	1.380859375	1.5810546875	0.5458984375	1.0830078125	0.0	1.107421875	1.4755859375	0.0	0.16455078125	0.48681640625	0.93212890625	0.08062744140625	0.9697265625	0.57080078125	1.4775390625	1.1162109375	0.6806640625	1.490234375	0.0	0.0	0.546875	0.0	1.3623046875	0.468505859375	0.9326171875	0.7822265625	0.04266357421875	0.274658203125	0.1990966796875	0.263916015625	1.3896484375
0.0	0.0	0.0	0.0	0.0	0.0	0.89794921875	0.0	0.0	0.0	0.0	0.01316070556640625	1.6884765625	0.86181640625	0.0	0.0	0.9580078125	0.0	2.86328125	0.0	0.0006852149963378906	2.08984375	1.251953125	1.990234375	1.576171875	0.58349609375	0.98388671875	1.3701171875	0.456298828125	0.64501953125	0.1651611328125	0.66455078125	2.173828125	0.43017578125	0.0	0.0	1.041015625	1.48828125	1.7666015625	0.982421875	1.712890625	0.0	2.92578125	0.0	0.533203125	0.0	0.548828125	1.5888671875	0.0	0.0	1.912109375	0.751953125	0.0	0.414306640625	0.0	0.0	1.1494140625	0.2359619140625	2.029296875	1.1923828125	0.0	0.517578125	2.87890625	0.0	0.0	2.3671875	3.76171875	0.0	0.384033203125	0.160400390625	0.0	2.583984375	0.0	1.111328125	0.0	1.1357421875	0.36865234375	0.0	1.3837890625	0.5859375	0.5498046875	0.0	0.08502197265625	1.060546875	0.0	1.2578125	1.359375	0.9326171875	0.27783203125	0.445556640625	0.0	0.0	2.39453125	0.0	0.0	0.97802734375	2.986328125	0.0	1.458984375	1.64453125	0.0	0.04278564453125	1.7607421875	0.352294921875	0.607421875	0.0	3.15234375	0.6904296875	0.0	0.0	0.6689453125	0.2313232421875	0.047607421875	1.7666015625	0.0	0.0	0.0	0.0	0.0	0.740234375	0.8896484375	0.1566162109375	0.0	0.0	0.0	0.0	0.0	0.0
0.57421875	1.515625	0.0	1.6103515625	1.2392578125	2.5078125	1.7392578125	1.2255859375	0.0	3.2265625	0.0	0.1309814453125	1.181640625	0.0	0.91259765625	1.2138671875	0.0	1.4814453125	1.21875	3.001953125	0.69140625	0.0	1.2275390625	1.58984375	0.0	1.50390625	0.0	1.6142578125	1.69140625	0.0	1.384765625	0.411865234375	0.11602783203125	0.0	1.2177734375	1.6259765625	0.0	1.6201171875	0.0	0.7919921875	2.01953125	0.0	0.0	2.880859375	2.408203125	1.2080078125	1.2216796875	1.5390625	1.9150390625	0.37744140625	0.0	2.392578125	1.9248046875	1.630859375	0.0	0.35693359375	0.0	1.837890625	0.89208984375	0.0	1.5419921875	1.162109375	0.0	0.0	1.92578125	0.0	0.0	0.0	0.0	0.0	0.0	0.0	0.397216796875	0.6474609375	1.7451171875	0.0	0.0	1.1474609375	0.0	0.0	0.0	0.4052734375	0.0	1.9892578125	0.91015625	0.0	1.9794921875	2.25	1.9951171875	0.307373046875	0.884765625	0.33837890625	0.151611328125	0.0	0.7841796875	0.2027587890625	0.0	0.0	0.0	0.2236328125	1.9990234375	1.330078125	0.0	1.9677734375	0.0	0.748046875	0.0	0.00720977783203125	0.163330078125	0.0	0.0	2.55859375	0.0	0.0	0.0	0.0	1.017578125	0.73291015625	0.0	0.0	1.0302734375	0.0	0.0386962890625	0.0	1.2353515625	1.794921875	0.0	0.0
0.2093505859375	0.0	1.021484375	0.0	0.2171630859375	1.44921875	0.0	3.046875	0.10675048828125	0.0	1.23046875	0.468505859375	0.79638671875	0.9833984375	0.431396484375	0.65283203125	0.0	0.0	0.9990234375	0.0	0.873046875	1.8544921875	0.0	0.0	0.0	0.81396484375	0.71044921875	0.1983642578125	0.29541015625	1.8037109375	0.896484375	1.0517578125	1.0458984375	0.71630859375	0.0	0.0	0.220703125	0.0	1.25	0.0	1.158203125	0.6845703125	0.5224609375	0.61767578125	0.0	0.0	0.0	0.0	0.86767578125	0.486083984375	1.2080078125	0.77001953125	0.150390625	0.64013671875	1.173828125	0.31591796875	2.48046875	0.0	0.5546875	0.58251953125	0.13720703125	0.0	0.0	1.0849609375	0.38330078125	0.0	1.4248046875	0.0	0.67236328125	0.280029296875	1.23046875	0.52978515625	0.0	0.99609375	0.26171875	0.88330078125	0.426025390625	0.388427734375	0.216064453125	0.54443359375	1.462890625	0.322021484375	1.5615234375	0.8203125	0.8017578125	0.054168701171875	0.049774169921875	0.6201171875	0.0	1.326171875	0.0	0.1995849609375	0.2125244140625	0.0	0.0296783447265625	0.0	1.4775390625	0.0	0.533203125	1.201171875	0.06329345703125	0.0	1.4404296875	0.0	0.2939453125	0.47998046875	0.0	0.0	1.0390625	0.310302734375	0.740234375	0.2103271484375	0.08489990234375	0.167236328125	0.1219482421875	0.0	0.259033203125	0.0	0.0	0.6962890625	0.14208984375	0.0	0.277587890625	1.3388671875	0.0	0.1053466796875	1.7412109375	1.0361328125
0.0728759765625	1.3056640625	0.006549835205078125	0.615234375	0.0	0.0	0.0	0.0	0.0	0.0	0.0	0.0	1.384765625	0.83251953125	3.32421875	0.70263671875	0.281494140625	0.0	0.0	2.423828125	0.75439453125	1.875	0.0	0.8994140625	0.0	1.4140625	0.0	0.0	0.0	0.36474609375	0.0	0.0	0.0	0.0	0.0	0.43603515625	1.1484375	0.0	1.7060546875	0.0	1.6455078125	0.0	0.495849609375	1.298828125	0.0	0.0	0.0	0.091796875	0.453125	1.5595703125	0.0	0.8544921875	1.330078125	2.908203125	2.990234375	0.0	0.0	1.20703125	0.0	0.260009765625	0.0	0.0	0.0	0.0	0.66552734375	0.0	1.5302734375	1.1630859375	0.0	0.0	0.0	0.005428314208984375	0.662109375	1.4375	1.1083984375	0.0	2.62109375	3.119140625	1.4189453125	1.6953125	0.0	2.01953125	2.5390625	3.431640625	1.3037109375	1.302734375	3.234375	0.0	0.68212890625	0.0	0.0	0.0	1.0205078125	0.0	1.3330078125	2.30078125	0.56591796875	0.43603515625	0.0	0.0	1.51953125	0.0	0.0	1.7822265625	0.0	0.75537109375	2.158203125	0.0	0.0	0.0	0.0	3.216796875	0.77880859375	2.5546875	0.0	0.0	1.1123046875	0.0	0.0	1.1201171875	0.0	0.0	0.0	0.0	1.2763671875	1.994140625	3.11328125	0.0
1.41796875	1.7880859375	0.0	1.0732421875	1.744140625	1.0732421875	0.0	0.0	0.0	0.53662109375	1.4267578125	2.451171875	0.0	0.374267578125	0.0	1.7353515625	1.1806640625	1.724609375	1.236328125	0.447265625	1.9306640625	0.0	0.0	2.37890625	0.0	0.0	0.9697265625	0.0	0.0	0.0	1.576171875	1.3095703125	0.0	1.1328125	0.364013671875	0.4833984375	1.1591796875	0.15673828125	0.43115234375	0.8310546875	0.0	3.302734375	0.0	0.0	0.0	0.7861328125	0.06964111328125	0.6923828125	0.3623046875	0.0	0.0	1.3291015625	0.0	0.0	0.0	1.33203125	2.126953125	2.193359375	0.0	0.0	1.798828125	0.390625	1.103515625	2.109375	0.5546875	0.223876953125	0.147216796875	0.0	0.041107177734375	2.75390625	1.8818359375	0.8994140625	0.79150390625	0.5302734375	0.082275390625	0.677734375	0.0	0.0	0.216064453125	1.693359375	0.0	0.0	0.0	0.0	0.0	0.64599609375	0.099609375	0.0	0.0	0.0	2.310546875	0.1339111328125	0.1732177734375	0.0	1.8388671875	0.2236328125	0.0	1.6767578125	0.0	0.0	0.0	0.92626953125	0.0	1.9736328125	3.240234375	0.0	2.234375	0.0	1.9580078125	0.57177734375	0.7490234375	1.150390625	0.32861328125	0.732421875	0.0	0.69482421875	0.55859375	1.482421875	0.99462890625	1.234375	0.96923828125	1.4169921875	0.44677734375	0.51416015625	2.205078125	1.70703125	0.0	0.72900390625
1.4853515625	0.0	0.1904296875	0.587890625	1.1923828125	1.3681640625	1.6005859375	1.5419921875	0.19873046875	0.76025390625	1.1962890625	1.7490234375	0.0	0.0	0.277587890625	2.185546875	0.71875	0.95947265625	1.828125	0.1387939453125	0.3759765625	0.143798828125	0.0	1.11328125	0.1463623046875	0.0	0.17822265625	0.525390625	0.1676025390625	0.0	1.11328125	0.0	1.1796875	1.5	0.483154296875	1.7060546875	0.3857421875	1.34375	1.4111328125	0.1185302734375	1.7138671875	0.068603515625	0.0	1.7744140625	0.0	0.9326171875	0.60498046875	0.0	2.0625	0.5986328125	0.0	0.974609375	0.412109375	0.5869140625	0.7587890625	1.0068359375	2.337890625	0.363525390625	1.6826171875	1.1826171875	1.568359375	1.10546875	1.71875	1.041015625	0.0	0.377685546875	0.391845703125	0.06744384765625	0.7314453125	0.018463134765625	0.270751953125	1.197265625	0.0	0.07098388671875	0.0	0.0	0.0	0.0	0.5400390625	0.734375	0.0	1.5302734375	0.430419921875	1.4853515625	0.254638671875	0.6943359375	0.477294921875	0.87060546875	0.0	0.7998046875	0.47314453125	0.1956787109375	0.6982421875	0.0	0.701171875	0.9921875	0.30224609375	0.83251953125	0.0	1.0390625	1.4560546875	0.0	0.242919921875	1.2685546875	0.477294921875	0.8056640625	0.0	0.12744140625	0.9794921875	0.2353515625	0.63427734375	1.322265625	1.12890625	0.323486328125	0.0	0.485595703125	0.363525390625	1.9921875	0.0	0.2607421875	0.44091796875	0.69091796875	0.95556640625	1.353515625	0.234619140625	1.71484375	0.472900390625	1.2060546875
0.0	1.2060546875	0.032440185546875	0.0	0.81298828125	1.5009765625	0.0	0.0	1.4296875	0.0	0.0	1.0322265625	1.8720703125	0.0469970703125	0.050537109375	0.0	1.412109375	0.379638671875	0.5400390625	0.0	1.4150390625	2.287109375	1.6904296875	1.0703125	1.6044921875	1.283203125	2.189453125	0.23486328125	0.0	0.666015625	0.49951171875	0.0	1.3740234375	0.0	0.0	0.0	0.89404296875	0.205078125	2.595703125	1.0654296875	0.6689453125	1.6064453125	0.7841796875	1.5654296875	0.0	0.0	0.0	0.0	0.455078125	0.0	0.0	0.0	0.0	0.0	0.0	0.65087890625	0.55859375	0.583984375	0.0	0.0	0.0	0.0	0.2120361328125	0.119140625	0.0	1.4140625	0.0	0.0	1.2080078125	1.203125	0.55322265625	1.0537109375	0.0	0.93994140625	0.0	0.900390625	0.0	0.084716796875	0.445068359375	0.0	1.630859375	0.0	0.0	1.115234375	0.0	0.31982421875	0.33056640625	0.0	1.4072265625	0.0	0.0	0.0	0.96240234375	0.0	0.0	1.439453125	2.80859375	1.537109375	1.6806640625	0.287353515625	2.279296875	0.0	0.56201171875	0.0	0.0	0.0	2.56640625	0.0	0.79248046875	0.25146484375	0.84716796875	0.0	0.0	0.1978759765625	0.97607421875	0.348876953125	0.0	0.0	0.0	0.0	0.0	0.61181640625	1.603515625	1.15234375	0.0	0.0	0.0	0.34423828125
0.93408203125	0.131103515625	0.64697265625	0.281005859375	0.71240234375	1.94140625	1.220703125	1.44140625	0.0	0.8759765625	0.53173828125	0.0	0.7333984375	0.0	0.14892578125	1.453125	0.908203125	1.6982421875	1.751953125	1.396484375	0.83837890625	0.0	0.587890625	0.3134765625	0.50244140625	0.0	0.0	0.5673828125	0.0	0.0	0.211181640625	0.0	0.837890625	1.6787109375	0.6142578125	1.548828125	0.0	1.2919921875	0.5126953125	0.0	1.013671875	0.0	0.0	1.3662109375	0.8173828125	0.73388671875	1.01953125	0.0	2.533203125	2.314453125	0.0	0.86474609375	1.3125	0.66943359375	0.2978515625	0.97412109375	0.9697265625	0.615234375	1.4677734375	0.0	1.4912109375	0.861328125	1.9306640625	1.220703125	1.212890625	0.0	1.5087890625	1.455078125	0.10577392578125	0.0	0.0	0.6767578125	0.0	0.0	0.0	0.0	0.75927734375	0.288818359375	1.7470703125	0.0	0.0	1.697265625	0.477294921875	1.4716796875	1.24609375	0.4677734375	0.6591796875	0.0	0.78955078125	0.0	0.41650390625	0.0	0.95361328125	0.0	0.82958984375	0.8193359375	0.1817626953125	0.0	0.0	0.7890625	1.458984375	0.43017578125	0.0	1.4599609375	0.0	0.93896484375	0.0	0.0	0.5029296875	0.0	0.0	1.904296875	1.73828125	0.0	0.0	0.298828125	0.2281494140625	2.013671875	0.07403564453125	0.305419921875	1.4873046875	0.84765625	0.58154296875	0.9951171875	0.5234375	2.78515625	1.2001953125	0.0
1.642578125	1.6728515625	0.0	0.80029296875	0.83984375	1.5830078125	0.0	0.0	0.0	1.1767578125	0.8173828125	0.6455078125	0.0	0.0	0.0	1.11328125	1.25	0.36474609375	2.775390625	0.5986328125	0.59423828125	0.0987548828125	1.0185546875	2.07421875	0.0	1.3564453125	0.0	1.533203125	0.0	1.3779296875	2.0078125	1.90625	1.3076171875	0.18603515625	0.11505126953125	0.0	2.02734375	2.30859375	3.189453125	2.0859375	2.224609375	0.1961669921875	0.49853515625	0.59130859375	1.23046875	1.5927734375	1.9765625	0.58544921875	1.0703125	0.0	0.0	1.6201171875	0.0	0.06243896484375	0.02117919921875	1.25	0.14306640625	0.41015625	1.1875	0.0	1.6787109375	0.55615234375	2.28515625	0.0	0.0	0.0	1.7470703125	0.0	0.0	0.4453125	1.12109375	0.0	0.4150390625	2.15234375	3.2578125	0.0	0.0	0.0	0.152587890625	0.0	0.669921875	0.072265625	0.0	2.234375	0.0	1.673828125	0.54833984375	2.900390625	0.67626953125	0.2052001953125	1.5234375	0.0	1.4443359375	0.0	1.259765625	0.0	0.59228515625	0.0	0.6875	0.383544921875	3.0234375	1.3076171875	0.0	0.76708984375	2.578125	0.0	0.475341796875	0.78564453125	0.0	0.0	0.0	2.33984375	1.0849609375	1.44140625	0.0	1.115234375	0.0	0.0	0.0	0.0	1.4814453125	0.0	0.0	0.105224609375	0.0	0.056365966796875	0.0	1.0107421875
0.51220703125	0.0	0.0	0.6337890625	0.0	0.0	0.0	1.8759765625	1.1611328125	0.0	2.07421875	0.3154296875	0.66748046875	0.1361083984375	0.2095947265625	1.005859375	1.0615234375	0.0	0.97265625	0.0867919921875	0.50390625	0.67333984375	0.0	0.0	0.0	0.7646484375	0.74267578125	0.344482421875	0.50048828125	0.4853515625	0.0	0.0	1.61328125	1.5048828125	0.494873046875	0.0	0.11431884765625	1.0185546875	1.5185546875	0.0	0.218994140625	1.181640625	0.0	0.74951171875	0.3896484375	0.0	0.0	0.0	1.8017578125	0.317138671875	0.413818359375	0.0	0.74365234375	0.0	2.1640625	1.6923828125	1.1376953125	0.0	0.0	1.0859375	0.7080078125	0.68505859375	0.94580078125	1.720703125	0.83056640625	0.0	1.853515625	0.53076171875	0.66748046875	0.0	1.1064453125	1.3173828125	0.12310791015625	0.0	0.71923828125	1.1533203125	1.66015625	1.1357421875	2.423828125	0.07489013671875	0.1553955078125	0.712890625	0.9560546875	2.712890625	0.49072265625	1.244140625	1.1572265625	0.0	0.0	1.486328125	0.377685546875	0.6435546875	0.0	0.0	0.728515625	0.1282958984375	0.94580078125	0.93212890625	0.4072265625	0.0	1.21875	0.0	0.479248046875	0.88916015625	0.0	1.189453125	0.0	0.0	0.740234375	0.728515625	1.1962890625	0.0	1.5126953125	0.57275390625	0.08184814453125	0.0	1.181640625	1.8759765625	0.9013671875	1.86328125	0.273193359375	1.6220703125	0.52978515625	1.2080078125	0.13232421875	2.392578125	1.2470703125	0.0
0.50537109375	3.041015625	1.1474609375	0.94677734375	0.0	1.2255859375	0.0	0.392822265625	0.0	2.921875	0.74609375	0.0	1.083984375	0.0	0.0	0.0	0.0	2.265625	0.2529296875	2.994140625	3.0234375	0.0	2.65625	0.359375	0.0	1.5224609375	0.0	0.258056640625	0.0	0.0	3.96875	0.0	0.0	0.464599609375	2.38671875	1.9912109375	0.0	0.212890625	0.0	0.0	0.0	0.0	0.0	2.12109375	2.501953125	2.17578125	2.021484375	1.810546875	0.150146484375	0.0	0.0	2.43359375	3.82421875	0.568359375	0.84521484375	2.734375	0.0	1.814453125	0.0	0.0	0.0	1.1357421875	0.153564453125	0.0	2.408203125	0.0	0.0	0.0	0.0	0.0	0.0	0.0	0.0	0.90673828125	1.62109375	0.0	0.31201171875	0.0	3.1484375	0.0	0.0	0.0	0.0	0.376953125	2.63671875	0.91650390625	1.1240234375	3.181640625	0.333740234375	0.06915283203125	1.767578125	0.0	0.0	1.4482421875	0.31494140625	0.0	1.0361328125	0.0	0.0	0.02630615234375	0.0	2.08203125	0.0	1.916015625	1.76953125	0.0	0.0	0.240966796875	0.0	0.0	0.0	3.18359375	0.1961669921875	0.0	0.0	0.4521484375	1.6083984375	1.095703125	1.8671875	0.0	5.16015625	0.380859375	0.0	0.0	0.281005859375	3.0390625	0.0	0.0
0.17919921875	1.5048828125	0.0	1.4033203125	0.0	1.43359375	0.56103515625	0.0853271484375	0.0	3.625	0.0	0.0	0.0	0.0	0.67919921875	2.380859375	0.52099609375	2.998046875	1.3466796875	4.7734375	0.0	0.0	1.30859375	1.7138671875	1.32421875	1.216796875	0.0	0.0	0.0	0.6552734375	0.49072265625	0.0	1.9365234375	1.931640625	0.0	0.501953125	0.0	1.326171875	0.0	2.98828125	2.73828125	0.0	0.0	3.390625	2.94140625	1.0498046875	3.0390625	0.5380859375	0.0	0.0	0.0	2.505859375	0.0	1.32421875	0.0	0.759765625	0.0	0.77001953125	3.533203125	0.0	1.6611328125	0.0	2.04296875	1.0146484375	1.2373046875	0.0	0.0	0.0	0.0	0.0	0.0	0.0	0.11785888671875	0.0	0.0	0.0	0.0	0.0	1.5615234375	0.0	0.0	0.0	0.0	0.276611328125	0.0	0.0	0.06317138671875	2.12890625	0.884765625	0.1861572265625	0.0	0.0	1.6787109375	0.0	1.31640625	1.431640625	0.0	0.0	0.0	1.3408203125	2.796875	0.0	0.0	2.234375	0.0	0.0	0.0	0.0	0.0	0.2607421875	0.0	2.244140625	0.7958984375	0.0	0.0	2.26953125	0.0	0.0	1.6875	0.0	2.640625	1.25	0.0	0.1416015625	0.0	4.765625	0.0	0.0
1.458984375	0.0	0.0	0.0	0.75732421875	0.0	0.024383544921875	1.1416015625	0.0	0.0	1.1796875	2.009765625	0.0	0.0	0.0	0.1995849609375	1.662109375	0.0	1.6171875	0.0	1.310546875	0.0	0.005466461181640625	0.2264404296875	0.0	0.280029296875	0.55615234375	2.330078125	0.489013671875	0.0	2.134765625	0.0	0.1280517578125	1.443359375	1.1328125	0.537109375	1.427734375	1.923828125	1.6806640625	0.0	1.4208984375	0.9052734375	0.0	0.0	0.27294921875	1.23828125	0.79443359375	0.35546875	2.3984375	0.0	0.14794921875	1.654296875	1.0009765625	0.4990234375	2.34375	0.99267578125	0.0	0.2088623046875	0.0	1.7861328125	0.38720703125	1.3017578125	1.5927734375	1.0751953125	0.0	0.0	2.2734375	0.049102783203125	0.24169921875	0.0	0.1787109375	2.5703125	0.18896484375	0.270751953125	1.380859375	1.533203125	0.94873046875	0.367431640625	1.6552734375	0.78271484375	0.0	0.783203125	0.68603515625	2.701171875	1.9658203125	1.087890625	0.0	0.5361328125	0.0	0.59765625	1.48828125	0.0	0.004451751708984375	1.1064453125	0.75341796875	0.0	0.4521484375	0.0	0.7529296875	0.0	1.5185546875	0.34619140625	1.7216796875	0.9482421875	0.81396484375	1.0078125	0.231689453125	0.46337890625	0.439697265625	0.25439453125	1.2998046875	1.46875	0.5263671875	0.85888671875	0.630859375	0.0	0.7841796875	1.9248046875	0.0	2.865234375	0.96826171875	0.76513671875	0.413330078125	1.712890625	0.22412109375	0.4345703125	0.76025390625	0.0
2.0390625	1.5791015625	0.0	0.5126953125	0.0	0.0	0.0	0.0	0.0	0.0	0.82080078125	0.0	0.168212890625	0.2415771484375	0.0	0.16796875	0.173095703125	0.0	0.0	1.1142578125	0.261474609375	1.6123046875	0.173095703125	1.5751953125	1.458984375	3.3125	1.9814453125	0.0	0.0	2.220703125	0.0	0.1513671875	0.0	2.2890625	0.0	0.0	2.7109375	0.0	0.9853515625	3.1015625	0.7802734375	1.0869140625	0.0	0.314208984375	0.0	2.251953125	1.4541015625	0.0	0.0	0.0	0.98388671875	1.3115234375	0.0	2.6484375	0.5625	2.2734375	1.0302734375	0.0	1.1689453125	0.0	0.0	0.0	1.40234375	1.7451171875	0.0	0.0	1.46484375	0.50439453125	0.55126953125	0.93994140625	1.986328125	0.1273193359375	0.7490234375	0.36767578125	0.0	1.6083984375	0.00030875205993652344	0.5244140625	2.95703125	2.857421875	0.3994140625	1.4765625	0.250244140625	0.0270233154296875	0.685546875	0.0	4.33984375	1.685546875	0.0	1.3359375	0.47900390625	0.0	1.0576171875	0.0	1.056640625	1.8134765625	1.873046875	0.0	0.400146484375	0.4921875	1.447265625	0.0	0.82861328125	0.0	2.13671875	0.0	3.134765625	0.0	0.0	1.7919921875	0.367919921875	0.7783203125	0.99658203125	1.6865234375	0.0	1.58984375	0.0	0.0	0.1876220703125	0.0	4.01953125	0.0	0.0	0.450439453125	0.0	0.822265625	0.0	0.0
0.39013671875	0.0	0.2325439453125	0.0	0.56396484375	1.8994140625	0.0	0.14794921875	0.265869140625	0.9287109375	1.5185546875	2.71484375	1.396484375	1.056640625	2.09765625	0.0	1.9189453125	0.483154296875	0.0	0.1478271484375	2.375	2.01171875	0.0	0.04888916015625	0.0	0.440673828125	0.72802734375	0.55810546875	0.60302734375	0.0	0.5966796875	0.0	0.0	0.74560546875	1.2177734375	0.0	0.0	1.49609375	0.0	0.0	1.7734375	2.9296875	0.0	0.0	0.058197021484375	0.0	1.2470703125	1.9453125	2.998046875	0.0	0.1279296875	2.193359375	2.15234375	0.7744140625	0.277099609375	0.0	0.20751953125	0.97900390625	0.0	1.712890625	0.09393310546875	0.0	0.634765625	1.732421875	2.287109375	0.5576171875	0.361328125	0.0	0.0	1.0185546875	0.0	0.6728515625	2.48046875	0.0	1.34765625	1.1298828125	0.0	0.0	0.37451171875	1.0791015625	0.0	0.0	0.0	1.2158203125	0.8056640625	0.0	0.0	0.0	0.0	0.0	1.830078125	0.55029296875	0.60888671875	1.1806640625	0.0	0.0	0.4404296875	0.0975341796875	0.0	0.0	0.352294921875	0.0	0.277099609375	3.037109375	0.0	1.349609375	0.587890625	0.0	1.5390625	0.0	0.80615234375	0.0	0.0	0.0	0.0	0.0	2.5	1.73828125	1.87109375	1.111328125	0.0	1.998046875	0.364501953125	1.7734375	1.412109375	0.9365234375	1.4775390625	0.0
0.0	1.0439453125	2.57421875	0.57177734375	2.296875	0.0	0.0	0.0	2.306640625	0.0	0.0	0.0	1.8662109375	2.2578125	1.6181640625	0.0	0.1424560546875	0.247802734375	0.0	0.0	0.211181640625	3.046875	0.37353515625	0.0	1.7333984375	0.6025390625	1.759765625	0.0	0.0	1.4970703125	0.0	0.0	0.0	0.0	0.0	0.0	0.0	0.0	0.0	0.0	0.0	2.375	2.384765625	1.9951171875	0.0	0.0	0.0	0.0	0.96533203125	2.4765625	1.3642578125	0.0	0.85400390625	0.0	0.0	0.71533203125	0.296875	0.0114593505859375	0.0	0.6708984375	0.0	0.0	0.0	1.4716796875	1.576171875	0.0	0.0	0.0	0.89501953125	1.7392578125	1.501953125	0.0	1.275390625	0.0	0.0	1.3642578125	0.0	0.69873046875	0.0	2.6953125	1.2763671875	0.0	1.919921875	0.295654296875	0.0	0.0	0.91796875	0.0	2.732421875	0.0	0.0	1.4150390625	0.0	2.39453125	0.0	0.0	0.99267578125	3.390625	0.415283203125	0.0	1.1904296875	0.0	0.12469482421875	0.0	0.0	0.24462890625	1.146484375	0.0	0.8056640625	2.154296875	1.236328125	0.0	0.0	0.0	3.494140625	0.0	0.0640869140625	0.0	0.0	0.0	0.0	0.9384765625	1.5703125	0.474853515625	1.169921875	0.0	1.25390625	0.0
1.5771484375	0.0	0.0	0.09228515625	0.6650390625	1.0263671875	1.025390625	0.5400390625	0.525390625	0.6787109375	1.361328125	2.267578125	0.0	0.137939453125	0.6103515625	2.232421875	1.1025390625	0.55224609375	2.25	0.63232421875	0.65576171875	0.68017578125	0.0	0.611328125	0.296875	0.362060546875	0.53515625	0.54638671875	0.61474609375	0.0	0.89794921875	0.94384765625	0.6416015625	1.283203125	0.0	1.6396484375	1.142578125	0.9609375	1.103515625	0.0026035308837890625	1.68359375	0.352294921875	0.0274810791015625	1.2919921875	0.0	1.541015625	0.4287109375	0.0	1.884765625	1.146484375	0.8134765625	1.2333984375	0.74560546875	0.86474609375	1.5185546875	0.80517578125	2.123046875	0.591796875	0.99365234375	1.4306640625	1.705078125	0.38671875	1.640625	1.23046875	0.0	0.2030029296875	0.7421875	0.3828125	0.62646484375	0.0	0.350341796875	1.15625	0.1356201171875	0.0	0.239990234375	0.2205810546875	0.20751953125	0.1143798828125	0.98388671875	1.630859375	0.0	1.7041015625	1.01171875	2.080078125	0.494384765625	0.0408935546875	0.3564453125	0.1802978515625	0.0	1.41015625	1.8359375	0.04632568359375	0.96728515625	0.0	0.99267578125	1.2763671875	0.0	1.14453125	0.0	0.92529296875	1.58203125	0.0	0.53271484375	0.9453125	0.0	1.517578125	0.6982421875	0.343017578125	0.320068359375	1.099609375	1.0244140625	0.99658203125	1.1279296875	0.5830078125	0.0	0.92041015625	0.80859375	1.3642578125	0.0	0.79931640625	0.73095703125	0.0	1.478515625	1.3017578125	0.96728515625	1.44921875	1.4814453125	0.68505859375
0.6044921875	0.63720703125	0.68359375	1.3193359375	3.357421875	3.01171875	2.0546875	0.93212890625	0.0	5.7265625	0.0	0.0	0.759765625	0.0	0.33837890625	1.640625	0.0	3.888671875	0.353271484375	4.3359375	0.243408203125	0.0	1.2001953125	1.638671875	1.8134765625	0.0	0.0	0.498291015625	0.482666015625	0.0	1.5498046875	0.4873046875	0.40576171875	0.75	0.0	2.599609375	0.0	2.03125	0.0	2.072265625	2.1484375	0.0	0.0	0.181884765625	3.39453125	2.619140625	3.361328125	0.392578125	0.93310546875	2.37109375	0.0	2.796875	1.5751953125	1.828125	0.0	0.1058349609375	0.0	1.26953125	2.10546875	0.0	2.044921875	0.2276611328125	1.39453125	0.0	1.5263671875	0.34130859375	0.0	0.0	0.0	0.0	0.0	0.0	1.009765625	0.0	0.0	0.0	0.0	0.2244873046875	0.0	0.0	0.0	1.615234375	0.0	0.0	1.2529296875	0.0	0.0	2.7734375	2.080078125	0.0	0.0	1.00390625	2.400390625	0.0	0.92529296875	0.5126953125	0.0	0.0	0.0	1.521484375	2.802734375	3.736328125	0.0	1.2666015625	0.0	1.736328125	0.0	1.8037109375	0.3896484375	0.1412353515625	0.0	1.564453125	0.0	0.0	0.0	0.0	1.69921875	0.494140625	1.2353515625	0.0	2.29296875	0.0	0.0	0.0	1.3896484375	3.03125	1.1884765625	0.0
0.0	0.49365234375	3.26171875	0.0	0.71240234375	0.0	0.0	0.0	2.486328125	0.0	0.0	0.865234375	0.81201171875	0.0	0.76611328125	0.0	0.331787109375	0.0	0.0	0.0	0.0	1.322265625	4.921875	0.0	0.0	1.4130859375	2.279296875	0.0	0.0	1.62109375	0.0	2.080078125	0.0	0.0	0.0	0.0	0.081298828125	0.0	0.0	0.0	0.0	3.072265625	2.080078125	3.615234375	0.0	0.0	0.0	0.0	0.0	0.0	2.85546875	0.0	0.5400390625	0.0	0.1524658203125	0.0	1.072265625	0.0	0.0	0.0	0.0	0.0	0.0	0.0	1.3779296875	0.0	0.0	0.0	1.537109375	1.7490234375	2.97265625	0.0	0.0	0.84814453125	3.123046875	0.78662109375	0.177490234375	0.0	0.0	0.0	4.9921875	0.0	3.384765625	0.0	0.0	0.0	0.0	0.0	2.1875	0.0	0.0	1.322265625	0.0	1.5478515625	0.0	0.0	2.42578125	0.0	3.240234375	0.0	3.296875	0.0	0.84326171875	0.0	1.083984375	0.0	0.367431640625	0.880859375	0.0	0.0	0.420166015625	0.0	0.0	0.0	2.861328125	0.0	0.0	0.0	0.0	0.0	0.0	0.205322265625	1.98828125	2.2109375	0.0	0.0	0.0	1.771484375
1.1962890625	1.474609375	0.0	0.0	0.0	0.0	0.0	0.0	1.1611328125	0.0	1.6318359375	0.6513671875	0.0	0.0	0.0	0.0	2.03515625	1.2578125	1.560546875	1.25390625	0.10931396484375	0.0	3.107421875	0.0	0.52001953125	2.759765625	0.470703125	0.59814453125	0.0	0.0	0.0	0.0	0.0	0.0	0.6435546875	0.0	2.853515625	0.0	4.56640625	0.0	0.0	3.068359375	0.0	0.296875	0.0	0.0	0.0	0.0	0.0	0.0	0.556640625	0.0	0.0	0.0	2.201171875	1.533203125	0.0	0.0	0.0	0.0	0.0	1.2978515625	1.0322265625	0.0	0.251708984375	1.9892578125	1.01953125	0.306396484375	0.90087890625	0.783203125	2.037109375	1.8525390625	0.77490234375	0.69140625	2.376953125	1.2998046875	0.52392578125	0.71484375	0.318115234375	0.0	0.6455078125	0.94775390625	2.166015625	0.89892578125	0.5654296875	2.294921875	2.314453125	0.0	1.3359375	0.0	1.8408203125	0.0	0.05352783203125	0.0	0.0296783447265625	1.3505859375	2.00390625	0.038787841796875	1.60546875	0.0	2.81640625	0.0	0.0	1.9052734375	5.49609375	0.0	3.6015625	0.7119140625	0.0	0.12255859375	0.18603515625	0.0	2.494140625	2.302734375	0.0	0.0	0.0	1.1044921875	2.328125	0.289794921875	0.0	0.0	2.86328125	3.328125	0.0	0.0	0.0	0.0
1.94921875	0.0	0.369140625	0.0	1.29296875	0.91796875	1.208984375	1.3017578125	0.0	0.022613525390625	1.451171875	1.8642578125	0.56591796875	0.95458984375	0.0924072265625	1.1875	1.1142578125	0.0	1.8994140625	0.0	0.6171875	0.94970703125	0.0	0.58154296875	0.0	0.433349609375	0.359619140625	0.7607421875	0.6484375	0.029815673828125	1.5029296875	0.1934814453125	0.1766357421875	0.51513671875	0.3359375	0.9794921875	1.3173828125	0.91259765625	1.4833984375	0.0	1.283203125	0.207275390625	0.0	0.0	0.0	0.7314453125	0.33642578125	0.0	1.53515625	0.99853515625	1.0556640625	1.291015625	0.93701171875	0.68896484375	0.841796875	0.94287109375	1.759765625	0.321044921875	0.994140625	1.3916015625	1.40625	0.81201171875	1.330078125	0.92822265625	0.0	0.0	2.166015625	0.54345703125	0.0	0.0	0.34814453125	1.9521484375	0.0	0.70751953125	0.0	1.048828125	0.5810546875	1.2529296875	1.5244140625	0.9384765625	0.0	1.2275390625	0.75830078125	1.9541015625	1.3994140625	0.9619140625	0.1551513671875	0.513671875	0.0	1.8134765625	1.1533203125	0.0	0.4873046875	0.6357421875	0.94189453125	0.362060546875	0.7294921875	0.262939453125	0.6787109375	0.0	0.560546875	0.0	1.3447265625	2.00390625	0.5107421875	0.9072265625	0.2086181640625	0.12744140625	0.42236328125	0.70068359375	0.53955078125	1.3642578125	1.1328125	0.876953125	0.3203125	0.0	0.3349609375	1.3193359375	0.0	2.234375	1.0693359375	0.1240234375	0.30419921875	0.505859375	0.0	1.578125	0.99267578125	0.287109375
1.8486328125	0.61865234375	0.0080718994140625	0.0	1.60546875	0.51513671875	0.29638671875	1.1875	0.0	0.0	1.794921875	0.5	0.6787109375	1.17578125	0.0	0.9580078125	0.6796875	0.0	1.4658203125	0.0	0.0	1.298828125	0.060272216796875	1.30078125	0.492431640625	0.497802734375	0.1649169921875	0.8291015625	1.3486328125	0.467529296875	1.984375	0.0	0.134765625	0.275634765625	0.0	0.0	1.0703125	0.79833984375	2.283203125	0.0	1.1318359375	0.0	0.0	0.1923828125	0.0	0.0	0.81103515625	1.0390625	1.2705078125	0.0	0.12030029296875	1.166015625	0.0	1.2744140625	0.966796875	1.162109375	1.310546875	1.0869140625	0.65234375	1.7080078125	0.156494140625	0.97509765625	1.3857421875	0.441162109375	0.0	0.0	2.734375	0.0	0.0	0.0	0.0	1.541015625	0.0	1.3662109375	0.0	0.6435546875	0.7255859375	0.96875	0.0	0.521484375	0.63916015625	1.037109375	0.01082611083984375	2.314453125	1.43359375	1.1005859375	1.53515625	0.4873046875	0.479736328125	1.1171875	1.1796875	0.0	0.353759765625	0.07733154296875	0.8330078125	0.00494384765625	1.5400390625	0.1116943359375	0.360595703125	0.0	0.8369140625	0.0	1.3251953125	1.201171875	0.9462890625	0.0	0.70751953125	0.059417724609375	0.00879669189453125	0.0	0.40478515625	0.97412109375	0.1630859375	1.7724609375	0.0	0.0	0.0	1.111328125	0.0	2.748046875	0.63232421875	0.40283203125	0.0	0.0	0.0	0.6552734375	0.435546875	0.0
0.9677734375	0.0	0.0	0.421630859375	0.439697265625	0.488525390625	0.0	0.8583984375	0.0	1.02734375	1.44140625	0.0	0.0	0.0	0.0	0.77099609375	0.0310516357421875	1.451171875	1.55859375	0.0	2.318359375	0.0	0.0	1.3232421875	0.0	0.0	0.0	0.95703125	0.0	1.541015625	2.478515625	0.0	0.76953125	1.5654296875	1.318359375	0.47216796875	0.4814453125	2.056640625	0.5673828125	0.41455078125	1.9814453125	0.0	0.0	0.0	1.19140625	1.869140625	1.6259765625	2.171875	1.59375	0.0	0.0	1.390625	0.0	0.90625	0.328125	1.3212890625	0.0	0.1314697265625	1.1171875	0.44482421875	1.3408203125	1.7802734375	2.849609375	0.2861328125	0.0	0.0	2.66796875	0.0	0.0	0.0	0.0	0.93212890625	0.0655517578125	1.4755859375	0.0	0.211181640625	1.0224609375	0.0	0.0963134765625	1.1806640625	0.0	0.0863037109375	0.0	0.98486328125	1.1728515625	1.0771484375	0.0	1.234375	0.00476837158203125	0.2349853515625	0.0	0.0	1.025390625	0.0	0.7568359375	0.0	0.65673828125	0.0	0.0	1.6103515625	0.0	2.15234375	0.067626953125	0.6953125	0.9462890625	0.0	0.0	0.1661376953125	0.84912109375	0.0	0.0	1.3310546875	0.99462890625	1.0029296875	0.0	0.81201171875	0.50927734375	0.89794921875	0.091796875	0.65625	2.947265625	1.49609375	0.0	1.0712890625	0.0	2.0546875	0.0	0.0
1.1962890625	0.0	0.5654296875	0.4345703125	1.1181640625	1.6787109375	0.470947265625	1.5390625	0.06439208984375	1.2138671875	1.2939453125	1.8017578125	0.0	0.0	0.0	1.2265625	0.4541015625	1.0361328125	1.8974609375	0.0	1.9921875	0.08245849609375	0.0	0.388427734375	0.0	0.0	0.1591796875	0.1502685546875	0.0	0.2271728515625	2.205078125	0.0	0.89501953125	1.9208984375	1.3154296875	1.01171875	0.39990234375	1.8330078125	0.5390625	0.07354736328125	1.1162109375	0.373046875	0.0	0.0	0.0	1.1044921875	1.15234375	0.0	2.662109375	0.0	0.0	1.41796875	0.873046875	0.5869140625	0.54248046875	1.3095703125	2.208984375	0.468017578125	0.460205078125	0.0	1.93359375	0.1375732421875	1.576171875	1.5947265625	0.61767578125	0.0	0.308349609375	0.0	0.281005859375	0.0	0.0	0.568359375	0.0	0.1678466796875	0.1932373046875	0.0	0.0	0.0	0.1279296875	1.3984375	0.0	1.2431640625	0.0	1.6455078125	0.87646484375	1.2607421875	0.0	0.468505859375	0.0	1.0869140625	1.693359375	0.0	1.15625	0.0	0.69384765625	0.52783203125	0.0	0.481689453125	0.0	0.365966796875	0.2449951171875	0.66796875	0.113525390625	1.1982421875	0.416259765625	0.99658203125	0.0	0.0	2.34375	0.0	0.261474609375	0.951171875	0.326416015625	0.0	0.0	1.4951171875	1.5185546875	1.6171875	0.0574951171875	0.34912109375	1.7490234375	0.95947265625	1.109375	1.689453125	1.48046875	2.248046875	0.0	0.0
0.1259765625	0.0	1.134765625	0.0	0.0	1.9345703125	0.337646484375	1.5302734375	1.50390625	0.0	0.0	1.7529296875	1.3544921875	1.4267578125	1.8271484375	0.0	0.061676025390625	0.0	1.837890625	1.5791015625	0.0	2.248046875	0.0	0.0	0.0	0.0	1.61328125	1.39453125	0.0	0.580078125	0.0	2.63671875	3.009765625	0.30126953125	0.0	0.0	0.0	1.2001953125	0.0	0.0	0.0	1.138671875	0.0	1.599609375	0.0	0.0	0.0	0.0	0.0	0.0	2.166015625	1.3095703125	0.0	0.0	2.232421875	0.0	2.806640625	0.0	0.794921875	0.529296875	0.8056640625	0.0	1.4931640625	2.404296875	0.0	0.308349609375	0.0	0.0	1.494140625	0.98974609375	3.611328125	0.0	0.0	0.6201171875	2.51953125	1.6240234375	0.0	0.0	3.234375	0.0	1.34765625	0.0	1.2109375	0.0	0.11962890625	0.0	0.2127685546875	0.0	0.0	0.0	0.6728515625	1.033203125	0.11041259765625	0.0	0.0	0.1282958984375	1.4228515625	0.29345703125	2.66015625	0.1011962890625	1.80859375	0.0	0.438720703125	0.281494140625	0.0	0.341064453125	1.470703125	0.0	0.0	0.0	1.607421875	0.7138671875	0.260986328125	0.253173828125	0.04644775390625	0.0	1.2841796875	0.0	0.0	1.1240234375	0.0	1.017578125	0.0	1.3369140625	0.7763671875	0.0	0.431884765625	0.65869140625
0.0	0.0	0.2919921875	0.0	0.0	0.0	0.0	0.0	1.595703125	0.0	0.0	0.0	0.295654296875	0.0	0.0	0.0	0.490478515625	0.73974609375	2.814453125	0.0	0.0	0.0	1.5869140625	0.0	1.8505859375	1.802734375	2.1328125	1.5283203125	0.3896484375	2.583984375	0.0	0.0	1.75390625	0.0	0.0	0.0	0.0	2.14453125	0.0	0.0	0.0	2.693359375	2.380859375	0.0	0.57861328125	0.0	0.0	1.25390625	0.0	0.0	2.888671875	0.0	0.0	0.0	0.0	2.8046875	0.0	0.0	0.0	0.0	0.0	2.865234375	0.0	0.0	0.058441162109375	0.140869140625	4.06640625	0.0	1.998046875	0.27001953125	1.5947265625	1.7333984375	0.0	0.0	0.0	1.8974609375	0.9521484375	0.71630859375	1.162109375	0.0	1.927734375	0.0	2.482421875	1.32421875	0.0	0.0	1.43359375	0.0	0.0	2.103515625	0.0	2.47265625	0.0	2.54296875	0.0	0.0	2.90234375	0.58642578125	3.955078125	0.0	0.57177734375	0.0	0.1024169921875	0.0	3.326171875	0.0	2.380859375	0.56787109375	0.361328125	2.822265625	0.564453125	0.0	3.064453125	0.0	2.2578125	0.736328125	0.0	0.0	0.0	0.293701171875	0.0	3.916015625	1.021484375	0.3271484375	0.0	0.0	1.017578125	1.1484375
0.0	1.791015625	0.26904296875	0.0	0.1058349609375	0.0	0.0	0.0	1.408203125	0.0	0.018218994140625	1.9462890625	0.368896484375	0.004261016845703125	0.0	0.0	0.0	0.492431640625	1.6708984375	0.0	0.0	0.0	0.0	0.352294921875	1.4423828125	0.91455078125	2.1875	0.0	0.0	0.397216796875	0.44921875	3.67578125	1.0390625	0.0	0.0	0.0	0.0	1.8095703125	1.0390625	1.5654296875	0.0	3.841796875	0.0	1.7607421875	0.0	0.0	0.0	2.1640625	0.0	0.0	0.0	0.0	0.0	0.0	0.0	1.4560546875	2.791015625	0.0	0.0	0.0	0.0	0.0	0.77392578125	1.4716796875	0.0	2.650390625	0.0	0.0	0.64599609375	4.08203125	2.748046875	0.0	0.0	0.0	0.0	1.6318359375	0.0	0.0	0.9892578125	0.0	0.15966796875	0.0	0.0	0.0	0.0	0.0	0.0	0.0	1.017578125	0.0	0.0	0.0	0.55419921875	0.0833740234375	0.0	0.0	0.5107421875	3.232421875	1.876953125	0.0	1.7822265625	0.0	0.0	1.41796875	2.37109375	0.0	4.22265625	0.0	0.703125	2.3984375	0.66650390625	0.0	0.90869140625	0.0	0.0	0.2763671875	0.12359619140625	0.0	1.1640625	0.0	0.0	4.52734375	0.88037109375	0.8466796875	0.11444091796875	0.0	0.0	1.1875
0.306884765625	3.017578125	0.0	3.275390625	0.0	0.0	0.0	0.0	0.0	0.0	3.298828125	0.0	0.0	0.0	0.0	0.0	1.8076171875	0.271240234375	0.0	0.53662109375	3.216796875	0.462158203125	0.0	1.6337890625	0.8232421875	2.83984375	1.0205078125	0.0	0.0	4.36328125	2.76953125	2.12109375	0.0	1.0986328125	0.0	0.0	3.0703125	0.0	1.744140625	0.54541015625	0.0	1.953125	0.1083984375	0.0	0.0	0.0	0.35009765625	0.67626953125	0.0	0.0	0.5703125	0.0	0.0	4.0078125	1.6591796875	3.298828125	0.0	3.294921875	0.0	0.0	0.0	1.0224609375	0.0	2.28515625	0.0	0.0	2.91015625	0.08258056640625	0.7724609375	0.91943359375	2.265625	1.345703125	2.154296875	0.0	0.18408203125	1.5595703125	0.26025390625	0.39208984375	0.0	3.078125	1.0888671875	0.0	0.84521484375	0.0	1.6640625	0.0	0.5595703125	1.61328125	2.16796875	2.265625	0.0	0.0	0.0	0.0	2.8828125	0.0	1.04296875	0.323974609375	0.0	0.0	1.640625	0.0	1.5439453125	0.0	3.759765625	0.0	2.673828125	0.0	0.0	1.109375	0.0	0.248779296875	0.373779296875	2.791015625	0.0	1.2109375	0.841796875	0.0	1.2197265625	0.10504150390625	1.408203125	0.0	1.18359375	1.234375	0.0	0.0	0.0	0.0
0.0	0.0	3.064453125	0.0	0.0	0.55419921875	1.21484375	0.689453125	3.828125	0.0	0.0	3.927734375	1.7099609375	0.9453125	3.177734375	1.263671875	2.474609375	0.0	1.23046875	0.0	0.054534912109375	2.251953125	0.2462158203125	0.0	0.0	2.447265625	1.142578125	0.4482421875	2.896484375	0.720703125	0.0	1.74609375	3.326171875	1.5478515625	0.0	0.0	0.0	1.7861328125	0.0	0.87158203125	0.6044921875	0.67529296875	1.6728515625	4.01953125	0.0147857666015625	0.0	0.03857421875	0.0	0.0	0.49853515625	1.2841796875	1.896484375	2.095703125	0.0	0.744140625	0.0	4.34375	0.0	0.0	0.0	1.658203125	0.0	0.0	0.60693359375	1.5068359375	0.2347412109375	0.0	0.0	0.3759765625	0.0	0.0	0.0	0.0	0.0	2.66796875	0.4619140625	0.2227783203125	0.0	2.853515625	0.0	0.0	0.0	1.9990234375	0.0	0.0	0.1917724609375	0.415771484375	0.0	0.0	1.4208984375	0.0	1.7412109375	0.0	0.0	0.0	0.0	0.0	0.0	3.00390625	0.0	0.159912109375	0.0	1.1396484375	0.56298828125	0.0	1.833984375	0.314453125	0.5380859375	0.96875	1.3125	3.560546875	0.0	0.0	0.0	1.2470703125	0.0	0.2529296875	0.0	0.0	0.0296630859375	0.0	0.0	0.282958984375	0.0	0.99658203125	0.58056640625	1.416015625	0.0
1.869140625	0.0	0.0	0.493896484375	2.18359375	1.666015625	0.7177734375	0.47998046875	0.0	0.352783203125	1.7060546875	1.5029296875	0.19970703125	1.4287109375	0.11541748046875	1.564453125	0.328857421875	0.6982421875	1.060546875	0.04388427734375	1.2607421875	1.263671875	0.0	1.3544921875	1.0166015625	0.0	0.394775390625	0.62890625	0.1444091796875	0.0	1.23828125	0.0	0.61767578125	1.0146484375	1.0	1.1533203125	0.701171875	0.03692626953125	1.0400390625	0.0	1.7822265625	0.783203125	0.0	0.0	0.0	1.1982421875	0.65185546875	0.0	2.80078125	1.5546875	0.369140625	1.404296875	0.2393798828125	1.1181640625	0.52783203125	1.3232421875	1.5673828125	1.5087890625	1.115234375	1.4765625	1.7431640625	1.0703125	1.451171875	1.0400390625	0.12469482421875	0.0	1.2998046875	0.861328125	0.1851806640625	0.74365234375	0.2249755859375	1.8447265625	0.77685546875	0.141357421875	0.0	0.75537109375	0.19580078125	0.64208984375	0.94873046875	1.4716796875	0.0	1.849609375	0.50341796875	1.1572265625	0.921875	0.18505859375	1.06640625	0.0	0.0	0.59326171875	2.171875	0.0	0.68359375	0.456298828125	1.2392578125	1.271484375	0.57421875	1.3583984375	0.0	0.278564453125	0.09222412109375	0.2724609375	0.599609375	1.279296875	0.207275390625	0.355224609375	0.429443359375	0.0	0.9208984375	0.861328125	1.3486328125	1.048828125	1.0302734375	0.6884765625	0.2440185546875	0.0	0.0	2.216796875	0.0	1.4228515625	1.3134765625	0.2413330078125	0.8232421875	0.89208984375	1.0615234375	1.904296875	1.337890625	0.49853515625
