0.0	1.662109375	1.0078125	0.51513671875	0.9990234375	0.0015039443969726562	0.1031494140625	0.0	0.2607421875	2.015625	0.828125	0.1300048828125	0.0194091796875	0.0	1.4609375	1.54296875	0.55615234375	2.435546875	0.15283203125	0.87646484375	0.751953125	0.36572265625	0.80078125	0.2296142578125	0.81298828125	0.400390625	0.433837890625	0.0	1.611328125	0.01568603515625	0.240966796875	0.5166015625	0.0	0.0	0.0	1.6953125	0.384521484375	1.232421875	0.0	0.0	0.431640625	0.0	1.7763671875	0.0	0.0	0.0	0.75439453125	0.0	0.734375	0.5166015625	0.1573486328125	0.0	1.08203125	0.0	0.0	1.5029296875	1.791015625	1.009765625	0.59619140625	0.0	0.0	0.0	0.0	2.220703125	0.434814453125	0.7421875	0.0	0.0	0.583984375	0.0	0.7109375	0.53369140625	1.3037109375	0.0	1.4306640625	0.25146484375	0.3125	0.41357421875	0.81884765625	0.98095703125	1.103515625	0.59033203125	0.0	0.439453125	1.255859375	0.441650390625	1.5185546875	1.6884765625	0.0	0.0	0.0	0.330810546875	0.95263671875	1.376953125	0.0	0.86083984375	0.0	0.642578125	0.0	0.0	1.2021484375	0.0	0.0	0.2406005859375	0.94287109375	0.0777587890625	0.0	0.0	0.0	1.1689453125	0.62646484375	0.0	0.49658203125	2.146484375	1.658203125	2.392578125	0.64794921875	0.0	2.103515625	0.6796875	0.10198974609375	1.359375	1.3681640625	0.79296875	0.0	1.212890625	0.2459716796875	0.25244140625
0.0	1.1533203125	0.0	0.73193359375	0.0	0.4638671875	0.83740234375	0.0	0.1778564453125	1.375	0.94970703125	0.1705322265625	0.0235137939453125	0.6982421875	0.45849609375	1.3720703125	1.0068359375	1.4091796875	0.15576171875	0.8916015625	0.0	1.3310546875	1.5966796875	0.0	0.028839111328125	0.0	0.07867431640625	0.04827880859375	1.427734375	0.0230712890625	1.4873046875	0.0	0.0	0.0	0.365478515625	0.0	1.3564453125	0.0	1.0244140625	0.0	1.32421875	0.0	0.0	0.0	0.1790771484375	0.0	0.47900390625	0.0	1.119140625	0.161865234375	0.87744140625	0.1297607421875	0.90966796875	0.0	0.421630859375	1.81640625	0.70263671875	0.1759033203125	0.0	0.47265625	0.0	0.132568359375	0.0	1.1376953125	0.0	0.50830078125	0.775390625	0.69921875	1.5439453125	0.0	0.405517578125	0.076904296875	1.43359375	0.0	0.7080078125	0.2432861328125	0.3291015625	0.286376953125	0.0	1.3623046875	0.0	0.623046875	0.44921875	0.60009765625	1.78125	0.87548828125	0.58447265625	1.384765625	0.0	0.0	0.0	1.2255859375	0.0	0.66845703125	0.0	0.128662109375	0.417724609375	0.0347900390625	0.378662109375	0.034698486328125	0.0	0.0	0.0	0.39697265625	1.1650390625	0.1668701171875	1.240234375	0.0	0.172119140625	0.0	0.0	0.18408203125	0.91552734375	0.42578125	0.99072265625	0.67919921875	1.6943359375	0.0	1.22265625	0.364013671875	0.5244140625	0.0	0.25732421875	0.218017578125	0.0	1.1767578125	1.94921875	0.29833984375
1.2421875	1.076171875	0.49853515625	0.56298828125	1.845703125	0.388916015625	0.59619140625	1.9609375	1.357421875	0.41552734375	0.7978515625	0.82861328125	0.51513671875	0.0	0.0	0.0	1.0810546875	0.2318115234375	0.029937744140625	1.0654296875	0.93212890625	0.97509765625	0.0	0.0	0.0	0.6650390625	0.33251953125	1.7412109375	0.330322265625	0.0	0.0	0.385009765625	1.8798828125	0.0	0.265380859375	1.2744140625	0.84716796875	0.0	0.0	0.10595703125	0.0	2.939453125	0.0	0.0	0.26318359375	0.12432861328125	0.84716796875	0.57958984375	0.59716796875	1.763671875	0.4453125	0.0	0.0	1.4287109375	1.5810546875	0.54296875	1.4892578125	0.0	0.73486328125	1.0419921875	2.41015625	0.810546875	0.0	0.93603515625	0.0	1.7177734375	0.39697265625	0.468994140625	2.462890625	1.326171875	0.6826171875	0.47119140625	0.0	0.0	2.107421875	0.91162109375	0.802734375	0.9404296875	0.67578125	1.33203125	0.90478515625	0.1131591796875	0.0	0.0	0.5693359375	0.0	1.0400390625	0.62939453125	0.227783203125	0.0	0.079833984375	0.303955078125	0.0	1.015625	0.54296875	1.466796875	1.28515625	0.0	0.8818359375	0.0	1.2578125	0.0	0.0	0.0	0.212890625	0.0	0.0	1.8505859375	0.0	0.0	1.76171875	0.0	0.1142578125	2.185546875	0.315673828125	0.66796875	1.791015625	0.0	0.0	0.2117919921875	0.0	0.287353515625	1.138671875	1.9169921875	0.01593017578125	1.1572265625	0.84619140625	0.0
0.0	0.0	0.384033203125	0.0	2.12890625	0.0	0.0	0.0	0.0	0.30810546875	0.0	0.0	3.291015625	0.0	0.0	0.7607421875	0.0	1.4912109375	0.0	0.0	0.0	0.0	0.0	0.0	0.35693359375	1.890625	0.0	0.0	0.0	1.138671875	0.0	2.060546875	0.73193359375	0.2396240234375	0.0	1.3232421875	0.0	3.712890625	0.0	0.0	0.0	0.0	2.5390625	0.0	0.0	0.0	0.06927490234375	0.0	0.0	0.0	0.6171875	0.0	0.0	0.0	0.0	4.45703125	1.7373046875	2.1640625	0.0	0.0	3.40234375	0.0	0.0	0.80859375	0.50634765625	0.0	0.0	0.0	0.0	0.0	2.384765625	0.0	0.0	2.35546875	0.095703125	0.0	0.0	0.0	0.0	2.798828125	0.1688232421875	0.0	1.9921875	0.0	0.10009765625	0.0	1.5625	1.0908203125	0.0	0.0	0.0	0.0	0.8388671875	0.0	0.0	2.431640625	1.3251953125	0.0	1.0947265625	0.0	0.0	0.0	0.0	0.0	0.15087890625	0.0	2.767578125	0.0	0.0	0.0	0.0	0.0	0.0	0.0	3.125	1.328125	4.12890625	0.0	0.0	2.275390625	0.30810546875	1.556640625	3.150390625	2.09375	1.38671875	0.6787109375	0.0	0.0
0.0	0.98876953125	0.0	0.431884765625	1.1923828125	0.5498046875	0.9990234375	0.0	0.26416015625	1.306640625	0.93408203125	1.181640625	0.0	0.0	0.0220794677734375	0.0	1.51953125	1.0146484375	0.28515625	0.904296875	0.837890625	1.1787109375	0.982421875	0.0	0.0	0.41552734375	0.0	0.1181640625	0.640625	0.85791015625	1.111328125	0.0	0.0	0.0	0.0	1.298828125	1.763671875	0.0	0.7841796875	0.0	1.3359375	0.7294921875	0.11553955078125	0.311279296875	0.100341796875	0.0	1.2626953125	0.0	1.478515625	2.41796875	0.72998046875	0.0	0.96484375	0.0	1.8603515625	0.71240234375	2.4609375	0.0	1.671875	1.4296875	0.0	0.0	0.0	0.78369140625	0.0	2.328125	0.72216796875	1.1474609375	1.8896484375	0.1295166015625	0.68359375	0.0	1.193359375	0.0	1.24609375	1.1376953125	0.96337890625	0.340087890625	0.448486328125	1.6240234375	0.0	0.8291015625	0.0	0.0	1.064453125	0.255859375	1.634765625	2.3359375	0.0	0.0	0.0	1.267578125	0.0	2.048828125	0.0	0.156005859375	0.384033203125	0.0	0.6787109375	0.82177734375	1.1279296875	0.0732421875	0.0	0.0	0.73974609375	0.0	0.77392578125	0.8564453125	0.5732421875	0.0	0.61083984375	0.0	0.1851806640625	1.333984375	0.0	1.919921875	1.4677734375	0.0	0.81396484375	0.873046875	0.0	0.0	0.0	0.39306640625	0.0	1.55859375	2.037109375	0.958984375
1.248046875	1.09765625	1.62109375	0.5595703125	1.095703125	0.0	0.54296875	1.32421875	0.57861328125	1.05859375	0.0	0.55322265625	0.5244140625	0.0	0.88818359375	1.34375	0.6640625	1.322265625	0.0	0.77490234375	0.0	0.76123046875	0.0	0.09979248046875	0.0	0.71533203125	0.92919921875	1.248046875	0.54052734375	0.0	0.91259765625	0.7021484375	2.0703125	0.0	0.11260986328125	0.98291015625	0.398193359375	0.66357421875	0.443115234375	0.0	0.82421875	0.5830078125	0.053741455078125	0.0	0.0	0.0	0.9716796875	0.0	1.1962890625	0.44970703125	1.2861328125	0.0	0.328369140625	0.322021484375	0.0	1.4755859375	1.3349609375	0.68701171875	0.0	0.275146484375	1.9658203125	0.92138671875	0.0	1.228515625	0.794921875	0.5703125	0.31982421875	2.529296875	1.2509765625	0.25830078125	1.5810546875	0.0	0.0	0.0	1.732421875	0.49609375	0.07568359375	0.84228515625	0.4912109375	1.4482421875	0.0987548828125	0.11968994140625	0.9140625	0.0	0.255126953125	0.0	0.56640625	0.13525390625	0.0	0.0	0.0	0.438720703125	0.0538330078125	0.353271484375	0.00931549072265625	1.7021484375	0.6982421875	0.63037109375	0.640625	0.147216796875	1.3642578125	0.0	0.0	0.0	0.9453125	0.0	0.4921875	0.880859375	0.0	0.72705078125	1.357421875	0.0	0.0	1.33984375	0.55224609375	2.14453125	1.1259765625	0.0	0.0	0.47119140625	0.351318359375	0.68408203125	0.72314453125	0.119873046875	0.1767578125	1.1708984375	0.89453125	0.751953125
0.0	0.0	1.9345703125	0.0	1.65625	0.0	0.0	1.3154296875	0.0	0.2587890625	0.0	0.0	0.876953125	0.0	0.0	1.3984375	0.0	1.5458984375	0.0	0.0	0.0	0.01451873779296875	0.1043701171875	0.0	0.7060546875	1.1943359375	0.0	0.0	0.69482421875	1.0380859375	0.0	0.9794921875	2.376953125	0.0	0.0	0.82470703125	0.0	2.787109375	0.0	0.0	0.0	0.0	0.47412109375	0.0	0.0	0.0	1.82421875	0.0	0.0	0.0	0.357666015625	0.1868896484375	0.0	0.0	0.0	1.908203125	0.63134765625	0.84423828125	0.0	0.77783203125	3.021484375	0.0	0.0	0.7548828125	0.7412109375	0.0	0.0	0.1527099609375	0.0	0.3916015625	1.6748046875	0.5791015625	0.0	1.501953125	0.1265869140625	0.0	0.390380859375	0.0	0.0	1.17578125	0.6337890625	0.0	0.830078125	0.0	0.09405517578125	0.0	0.08489990234375	0.38671875	1.443359375	0.0	0.0	0.0	1.09375	0.0	0.0	2.43359375	0.93603515625	0.35009765625	0.379638671875	0.0	0.0	0.0	0.0	0.0	0.0	0.0	0.062286376953125	0.0	0.0	0.0	0.0	0.0	0.05816650390625	0.226806640625	2.294921875	0.71142578125	2.197265625	0.0	0.0	2.30859375	0.78662109375	1.193359375	2.619140625	1.123046875	1.490234375	0.335693359375	0.0	0.0
0.0	0.65966796875	0.0	0.1444091796875	2.0859375	0.611328125	0.88330078125	0.0	0.499267578125	0.60400390625	0.66650390625	1.4345703125	0.0	0.0	1.1923828125	0.0	0.98193359375	0.77490234375	2.232421875	1.0078125	2.84765625	1.5146484375	0.365478515625	0.0	0.0	0.1685791015625	0.74609375	0.2498779296875	0.0	1.8203125	1.1533203125	0.10760498046875	0.0	0.0	0.0	1.572265625	1.9150390625	0.0	0.46923828125	0.0	1.7021484375	2.49609375	0.09234619140625	0.94580078125	0.364013671875	0.7255859375	1.34765625	0.0	1.365234375	3.490234375	0.392822265625	0.0	0.5029296875	0.31787109375	3.005859375	0.373046875	2.77734375	0.0	2.9765625	1.5107421875	0.0	0.11712646484375	0.0	0.36572265625	0.6015625	2.109375	0.5615234375	0.5625	2.916015625	1.0205078125	0.59765625	0.0	0.20458984375	0.0	1.90625	0.94873046875	1.14453125	0.4990234375	1.728515625	0.994140625	0.0	1.123046875	0.0	0.0	0.399169921875	0.0230865478515625	1.400390625	1.8896484375	0.0	0.0	0.0	0.9560546875	0.0	2.451171875	0.1812744140625	0.87109375	0.671875	0.0	1.1953125	0.7451171875	0.74267578125	0.0	0.26904296875	0.0	0.0	0.0	1.03125	1.7001953125	1.5986328125	0.0	0.52099609375	0.0	0.352294921875	2.001953125	0.0	1.5810546875	1.583984375	0.0	0.353759765625	0.73681640625	0.0	0.46240234375	0.0	1.3310546875	0.0	1.4609375	0.87548828125	0.58203125
0.275634765625	0.0	0.13330078125	0.0	1.876953125	0.166015625	0.038330078125	0.126708984375	0.381591796875	0.21728515625	0.11529541015625	0.0	1.70703125	0.0484619140625	0.343994140625	0.35107421875	0.0	0.85107421875	0.0012273788452148438	0.24853515625	1.08203125	0.0926513671875	0.0	0.0	0.78955078125	0.368896484375	0.317138671875	0.11724853515625	0.0	0.92333984375	0.0	1.525390625	0.927734375	0.9287109375	0.0	0.3388671875	0.0	1.7763671875	0.0	0.0	0.43896484375	1.392578125	1.5673828125	0.0	0.08087158203125	0.67919921875	0.56494140625	0.0306854248046875	0.984375	0.22607421875	1.1494140625	0.12188720703125	0.0	0.345703125	0.0	1.5595703125	0.61865234375	0.73388671875	1.4072265625	0.91845703125	1.806640625	0.0	0.0	1.1875	1.814453125	0.65673828125	0.0	0.8984375	0.0858154296875	0.970703125	0.87841796875	0.0	0.0	2.435546875	0.58935546875	0.10308837890625	0.390869140625	0.0	0.97705078125	0.763671875	0.480712890625	0.005214691162109375	0.53076171875	0.495849609375	0.8125	0.0	0.93017578125	1.259765625	0.900390625	0.0	1.2060546875	0.0	0.0	0.5224609375	0.059539794921875	1.0234375	1.7421875	0.40966796875	0.72216796875	0.0	0.0	0.0	1.0068359375	0.0	0.408203125	0.3154296875	1.5849609375	0.49560546875	0.98388671875	0.0	0.327880859375	0.0	0.0	1.861328125	1.6875	0.0	0.92919921875	0.62939453125	0.01136016845703125	1.0302734375	0.264404296875	0.83203125	1.5302734375	1.208984375	0.0	0.53271484375	0.0	0.0
0.0	0.0	0.9912109375	0.0	0.376220703125	0.5986328125	0.08154296875	0.0	0.43115234375	0.0	1.0400390625	0.6103515625	0.34375	1.107421875	0.515625	1.92578125	0.185791015625	0.712890625	0.35205078125	0.61181640625	0.370361328125	1.8017578125	0.05108642578125	0.0	0.0	0.0	0.0	1.65234375	0.0	0.374267578125	2.041015625	0.4453125	0.83154296875	0.0	0.59033203125	0.0	1.314453125	0.478515625	0.58056640625	0.0	0.7509765625	0.91455078125	0.0	0.0	0.434814453125	0.0	0.6923828125	0.0	0.708984375	0.91357421875	0.828125	0.443359375	0.0106201171875	1.2900390625	0.036529541015625	2.240234375	0.0	0.671875	0.88134765625	0.2900390625	1.6552734375	0.0	0.0	0.0	0.30126953125	0.0	1.333984375	0.2200927734375	1.3359375	0.0	1.0126953125	0.0	0.0	1.6611328125	1.2529296875	0.0	0.615234375	0.161376953125	0.0	1.41796875	0.0	0.355712890625	1.7802734375	0.10552978515625	0.229736328125	0.181884765625	0.62646484375	1.115234375	0.468505859375	0.0	0.12322998046875	0.0	0.0	0.84033203125	0.0	0.354736328125	1.205078125	0.0	0.7646484375	0.4345703125	0.0	0.0	0.0	0.1744384765625	0.71435546875	0.4794921875	1.5625	0.89111328125	0.0	0.010498046875	0.0	0.156005859375	1.0068359375	1.1611328125	1.22265625	0.62744140625	2.671875	0.64990234375	0.0	0.9072265625	1.099609375	1.0068359375	1.02734375	0.90185546875	0.92333984375	0.9970703125	0.493896484375	0.66796875
1.083984375	0.0	0.0	0.1810302734375	2.28125	0.0	0.669921875	0.96337890625	0.0	1.67578125	0.57861328125	0.61181640625	0.321044921875	0.0	0.0	0.0	0.0	1.0439453125	0.0	0.0	0.425048828125	0.08538818359375	0.0	0.0	0.2110595703125	1.537109375	1.294921875	0.6318359375	1.005859375	1.0146484375	0.1475830078125	0.38623046875	1.6953125	0.2012939453125	0.0	1.37890625	0.0	1.076171875	0.0	0.0	0.0	0.456298828125	1.3466796875	0.0	0.0	0.329345703125	0.52685546875	0.302734375	0.58056640625	0.6279296875	0.0	0.0	0.0	0.982421875	0.426513671875	0.8828125	1.349609375	0.912109375	1.419921875	0.0	2.265625	0.0	0.0	0.81201171875	1.1259765625	1.1025390625	0.0	0.468994140625	1.5556640625	0.8447265625	1.154296875	0.076171875	0.32421875	1.5947265625	1.71875	0.0	0.135009765625	1.1298828125	0.7998046875	0.73046875	0.77685546875	0.798828125	0.240234375	0.0	0.9140625	0.0	1.12890625	0.0	0.0	0.0	0.0	0.0	0.0	1.869140625	0.4072265625	2.13671875	0.0	0.0	1.14453125	0.0	1.2578125	0.0	0.129638671875	0.030792236328125	0.64013671875	0.56689453125	0.4921875	0.5166015625	0.1021728515625	0.685546875	1.3271484375	0.0	0.0	0.498291015625	1.59375	2.13671875	1.4677734375	0.0	0.455810546875	0.0	0.0	0.583984375	1.6611328125	1.7490234375	0.0	0.755859375	0.162841796875	0.11175537109375
0.0	0.7568359375	0.0	0.595703125	0.439697265625	1.1337890625	1.4580078125	0.0	0.916015625	0.7626953125	1.525390625	1.13671875	0.2509765625	0.91552734375	0.0	1.96484375	0.9326171875	0.8916015625	0.5625	1.3701171875	0.0	0.0	0.90087890625	0.0	0.73193359375	0.478515625	0.3056640625	0.0025787353515625	1.126953125	0.0	1.2421875	0.0	0.0	0.0	0.0	0.56103515625	1.3203125	0.300048828125	0.75244140625	0.0273895263671875	0.0	0.265380859375	0.9609375	0.0	0.0	0.386474609375	1.845703125	0.1021728515625	0.6796875	0.72314453125	0.0	0.0	1.388671875	1.2578125	0.51611328125	0.90771484375	0.0	0.149169921875	1.2802734375	0.0	0.232666015625	0.0	0.57421875	0.6171875	0.15478515625	1.4443359375	0.8046875	0.0	0.923828125	0.187744140625	0.75341796875	0.75390625	0.7841796875	0.061187744140625	0.489990234375	0.0	0.48974609375	0.0	1.064453125	0.78662109375	0.0	1.484375	0.0	0.51513671875	1.9169921875	0.3876953125	1.47265625	1.1162109375	0.0	0.0	0.5830078125	0.32275390625	0.89892578125	2.94921875	0.0	0.438720703125	0.0	0.0	0.0	0.0	1.23828125	0.0	0.0	0.43994140625	0.96630859375	0.86181640625	0.0	0.5654296875	0.0	0.81689453125	0.6943359375	0.0	1.462890625	1.234375	1.2041015625	0.9677734375	1.076171875	0.0	1.15234375	0.0	0.0	0.64794921875	1.0029296875	2.095703125	0.0	1.2734375	0.311279296875	0.62255859375
0.0	0.0	2.01171875	0.0	1.421875	0.0	0.0	0.43896484375	0.0	0.20849609375	0.0	0.0	1.3759765625	0.0	0.0	1.482421875	0.0098114013671875	1.1103515625	0.0	0.0	0.0	0.5390625	0.642578125	0.0	1.38671875	2.185546875	0.0	0.0	0.54541015625	0.34228515625	0.0	0.1614990234375	2.236328125	0.0	0.0	0.32568359375	0.0	2.484375	0.0	0.0	0.0	0.0	0.0	0.0	0.0	0.0	0.98828125	0.0	0.0	0.0	0.50634765625	0.2301025390625	0.0	0.243408203125	0.0	1.8759765625	0.2109375	0.9580078125	0.0	0.0	3.189453125	0.0	0.0	0.007843017578125	0.0	0.0	0.0	0.0	0.0	0.2464599609375	1.310546875	0.0	0.0	1.41015625	0.0	0.0	0.8857421875	0.0	0.0	0.91259765625	0.0	0.0	1.595703125	0.0	0.426025390625	0.0	1.0771484375	0.681640625	0.7978515625	0.0	0.0	0.0	0.79833984375	0.0	0.0	1.7822265625	0.63720703125	0.0	0.40576171875	0.0	0.0	0.0	0.0	0.0	0.0	0.0	0.1431884765625	0.0	0.0	0.0	0.0	0.0	0.7421875	0.0	2.203125	1.580078125	3.181640625	0.0	0.0	1.734375	0.73828125	0.93115234375	2.708984375	1.611328125	1.7548828125	0.27587890625	0.0	0.0
0.0	1.234375	0.185791015625	1.119140625	0.29296875	0.0	0.93701171875	0.43115234375	1.3994140625	1.828125	0.60888671875	0.79443359375	0.0	0.0	0.78125	0.90673828125	1.060546875	1.5244140625	0.0	0.9326171875	0.405517578125	0.76416015625	0.6611328125	0.0101470947265625	0.2471923828125	0.7958984375	0.873046875	0.1351318359375	1.228515625	0.3935546875	0.32470703125	0.2939453125	0.48046875	0.0	0.0	1.0009765625	0.841796875	0.630859375	0.98486328125	0.0	1.3642578125	0.1146240234375	0.0	0.18798828125	0.0	0.0	1.48046875	0.79833984375	0.467041015625	0.666015625	0.525390625	0.0	1.4658203125	0.0	0.497802734375	0.88720703125	0.6767578125	0.45556640625	0.0	0.15087890625	0.70458984375	1.0234375	0.60009765625	1.53515625	1.1640625	1.048828125	0.019195556640625	1.8291015625	1.6708984375	0.50537109375	0.64990234375	0.72216796875	0.80322265625	0.0	1.62109375	0.96484375	0.244873046875	0.8447265625	0.921875	0.339599609375	0.466796875	0.61474609375	0.0	0.177001953125	1.392578125	0.671875	0.5478515625	1.099609375	0.0	0.0	0.03875732421875	1.4423828125	0.0	1.2880859375	0.0	0.78466796875	0.10882568359375	1.1982421875	0.1949462890625	0.0	1.1298828125	0.14990234375	0.0	0.37744140625	0.48095703125	0.09954833984375	0.0	0.4892578125	0.0	0.80712890625	0.82177734375	0.0	0.49072265625	1.2548828125	1.16015625	1.2216796875	0.362060546875	0.0	1.13671875	0.58251953125	0.359130859375	0.1971435546875	0.49560546875	0.0	0.15625	1.166015625	0.65087890625	0.304443359375
0.0	0.94482421875	0.151123046875	0.36669921875	0.978515625	0.783203125	0.79248046875	0.0	0.445556640625	0.984375	0.97216796875	0.62646484375	0.75048828125	1.1259765625	0.74853515625	1.9609375	0.74609375	1.439453125	0.403564453125	1.2529296875	0.85791015625	0.55029296875	0.44873046875	0.0	0.363525390625	0.15673828125	0.9052734375	0.0975341796875	0.76318359375	0.341796875	1.3212890625	0.28564453125	0.2008056640625	0.0	0.1575927734375	0.640625	1.3642578125	0.0	0.724609375	0.0	1.1123046875	0.0	0.89404296875	0.336181640625	0.0855712890625	0.63037109375	1.0595703125	0.0	1.5380859375	1.169921875	0.27294921875	0.0	1.177734375	0.568359375	0.28857421875	0.9560546875	0.6708984375	0.1982421875	1.142578125	0.1986083984375	0.0	0.44873046875	0.0	1.423828125	0.7314453125	1.4619140625	0.3544921875	1.166015625	1.080078125	0.465087890625	0.62646484375	0.3720703125	1.2080078125	0.0	0.65185546875	0.6240234375	0.5830078125	0.256103515625	1.416015625	0.78857421875	0.0	1.349609375	0.0	0.76220703125	1.3515625	0.537109375	0.92578125	1.8701171875	0.0	0.0	0.0655517578125	0.96826171875	1.236328125	2.005859375	0.0	0.45068359375	0.427490234375	0.278076171875	0.0	0.763671875	1.4755859375	0.3359375	0.0	0.232666015625	1.173828125	0.55615234375	0.69384765625	0.1976318359375	0.403564453125	0.345458984375	0.68603515625	0.427978515625	1.021484375	1.177734375	0.79443359375	1.564453125	0.75	0.0	1.072265625	0.6357421875	0.0	0.42822265625	0.6669921875	0.171142578125	0.0	1.3291015625	1.193359375	1.4208984375
0.0	1.6064453125	1.19140625	0.0	1.36328125	0.1356201171875	0.0	0.107666015625	0.0	2.021484375	0.62060546875	0.2225341796875	0.0	0.0	0.0	0.0	2.44921875	2.5546875	0.0	0.68212890625	0.0	0.0	1.8037109375	0.0	0.0	0.366943359375	0.0	0.0	0.85400390625	0.30908203125	0.28466796875	0.0	0.184326171875	0.0	0.0	0.0	0.88037109375	0.98291015625	0.0	0.0	0.0	0.0	0.0	0.0	0.0	0.0	1.712890625	0.0	0.67822265625	0.0	0.0	0.0	1.345703125	0.408447265625	0.0	1.673828125	1.8779296875	0.0	0.0	0.0	0.0	0.0	0.0	0.861328125	0.0	1.162109375	0.0	0.0	0.12353515625	0.0	2.017578125	0.0	0.0	0.0	1.658203125	0.92919921875	0.253662109375	0.0	0.0	1.591796875	0.54541015625	0.0	0.0	0.0	1.54296875	0.0	0.8388671875	0.0	0.0	0.0	0.0	0.0	0.53466796875	0.7255859375	0.0	1.1865234375	0.0	0.0	1.2861328125	0.103271484375	1.173828125	0.0	0.0	0.99951171875	0.5	0.0	0.0	0.0	0.0	0.0	0.89794921875	0.0	0.0	0.11016845703125	0.787109375	2.892578125	1.6689453125	0.0	1.169921875	0.0	0.0	1.24609375	0.74462890625	0.0	0.0	2.525390625	1.259765625	0.0
0.50439453125	0.689453125	0.73681640625	0.94482421875	1.0546875	0.5478515625	0.70166015625	0.5068359375	0.62939453125	0.697265625	0.46337890625	0.59716796875	0.8466796875	1.2021484375	0.9970703125	2.1796875	0.25390625	0.86083984375	0.09735107421875	1.1962890625	1.1015625	1.1494140625	0.0	0.6220703125	0.64501953125	0.419189453125	1.1357421875	0.9462890625	0.662109375	0.113525390625	1.07421875	0.916015625	1.2841796875	0.70751953125	0.51611328125	0.71484375	0.890625	0.3349609375	1.0107421875	0.27001953125	1.0146484375	0.77685546875	0.73095703125	0.2374267578125	0.69677734375	0.767578125	1.109375	0.509765625	1.091796875	1.0634765625	0.89111328125	0.477294921875	0.765625	0.876953125	0.4677734375	0.89892578125	0.0968017578125	0.53466796875	1.580078125	0.60498046875	1.3623046875	0.77001953125	0.0	1.3486328125	1.333984375	0.69775390625	0.71240234375	1.9365234375	1.5234375	0.8828125	0.59814453125	0.77783203125	0.64599609375	0.363525390625	1.099609375	0.480712890625	0.6669921875	0.69140625	1.57421875	0.84521484375	0.053741455078125	1.158203125	0.73876953125	1.1533203125	1.0234375	0.82958984375	0.70703125	1.1640625	0.1317138671875	0.0	1.001953125	0.96728515625	0.84765625	0.85888671875	0.135498046875	0.76513671875	0.94140625	1.3369140625	0.1981201171875	0.53369140625	1.2939453125	0.7255859375	0.69970703125	0.0	0.92578125	0.160400390625	0.9609375	0.6220703125	0.286376953125	0.9013671875	0.97509765625	0.78955078125	1.0078125	1.4638671875	1.03515625	0.67822265625	0.77001953125	1.009765625	0.238037109375	0.9443359375	0.77734375	0.5634765625	0.89501953125	0.487060546875	0.39208984375	0.97021484375	0.74951171875	0.99365234375
0.049346923828125	0.6884765625	0.6298828125	1.0849609375	0.55859375	0.304443359375	0.266845703125	0.78515625	1.2666015625	0.8984375	0.916015625	1.220703125	0.348388671875	0.88818359375	0.921875	0.77294921875	0.7578125	0.85205078125	0.0	1.0546875	0.568359375	0.92431640625	0.0	0.174560546875	0.0	0.07635498046875	1.1435546875	1.1083984375	0.72998046875	0.428466796875	1.1640625	0.5146484375	1.3740234375	0.03564453125	0.43798828125	0.385986328125	1.13671875	0.1939697265625	0.92529296875	0.38671875	1.0830078125	0.94482421875	0.413330078125	0.5322265625	0.759765625	1.0087890625	0.497802734375	0.54638671875	1.2626953125	1.6826171875	0.734375	0.0	0.9951171875	0.52490234375	0.994140625	0.72998046875	0.0	0.274169921875	2.24609375	0.5322265625	1.0791015625	0.689453125	0.0	1.552734375	0.34375	1.14453125	0.230712890625	0.9052734375	1.4951171875	0.6728515625	0.92626953125	0.290283203125	0.059051513671875	0.0	1.375	0.7978515625	0.9111328125	0.634765625	1.166015625	0.8857421875	0.62548828125	1.267578125	0.006622314453125	0.282958984375	1.115234375	0.0	0.0	0.1318359375	0.0	0.0	0.83544921875	1.4228515625	0.552734375	0.06512451171875	0.306640625	0.42724609375	0.63525390625	1.337890625	0.556640625	0.441650390625	1.302734375	0.0684814453125	0.0	0.456787109375	1.2421875	0.1295166015625	1.134765625	0.8291015625	1.0263671875	0.90380859375	0.9970703125	0.4345703125	0.02496337890625	2.267578125	0.81298828125	0.73095703125	0.85400390625	1.287109375	0.42138671875	0.01209259033203125	0.4521484375	0.058837890625	0.56103515625	0.79931640625	0.0	1.2158203125	1.123046875	0.91796875
0.0	0.74267578125	0.1417236328125	0.2734375	0.0	0.0	0.1124267578125	0.0	1.76171875	1.9306640625	2.267578125	0.998046875	1.1533203125	0.11700439453125	0.0	1.3037109375	1.11328125	1.4365234375	0.0	0.18017578125	0.0	0.0	0.0	0.0	1.025390625	0.0	0.0	0.0	0.60302734375	0.0	0.5126953125	0.0	0.0	0.0	0.0	0.0	0.87548828125	1.5810546875	0.0	0.0	0.0	0.0	1.0068359375	0.0	0.0	0.0	1.1689453125	0.61181640625	0.60693359375	0.0	0.0	0.0	0.87744140625	1.0205078125	0.0	1.6591796875	0.0	1.10546875	1.23828125	0.0	1.0986328125	0.0	0.230224609375	1.4052734375	0.0	1.9755859375	0.0	0.0	0.0	0.6005859375	0.92041015625	0.9482421875	0.414306640625	0.0	0.0	0.0	0.0	0.85400390625	0.0	0.0	0.77197265625	0.9404296875	0.0	0.0	1.3671875	0.0	1.3173828125	0.0	0.0	0.0	0.31396484375	0.0	1.4306640625	0.0	0.0	0.38037109375	0.0	0.0	0.83349609375	0.0	0.389404296875	0.0	0.0	1.953125	1.2763671875	0.1358642578125	1.2001953125	0.0	0.0	0.0	0.0	0.0	1.5458984375	2.771484375	2.1953125	0.0	1.5869140625	0.150390625	1.7880859375	0.0	0.0	0.74072265625	1.7119140625	2.623046875	0.0	0.83154296875	0.0	0.117431640625
0.0	0.451171875	0.210205078125	0.5517578125	0.0	0.9521484375	0.740234375	0.0	0.96044921875	0.0	0.80859375	1.1640625	0.3046875	1.3818359375	0.53515625	2.3515625	0.64599609375	0.138671875	1.0419921875	1.3623046875	0.96923828125	0.77294921875	0.049407958984375	0.09918212890625	0.55029296875	0.0	0.904296875	1.0458984375	0.49267578125	0.0	1.474609375	0.67724609375	0.0	0.212646484375	0.73193359375	0.439697265625	1.6123046875	0.1292724609375	1.337890625	0.43359375	0.182373046875	0.0010766983032226562	1.6318359375	0.27978515625	1.361328125	0.6162109375	0.0	0.783203125	1.080078125	0.54296875	0.57470703125	0.49462890625	0.8701171875	1.1123046875	0.62353515625	1.2119140625	0.0	0.50830078125	1.783203125	0.347412109375	0.80029296875	0.310302734375	0.481689453125	1.0380859375	0.70654296875	0.02850341796875	1.10546875	1.447265625	1.3525390625	0.0	0.1607666015625	0.6552734375	0.84521484375	0.2154541015625	0.7978515625	0.0	0.3232421875	0.8310546875	1.1201171875	0.609375	0.5673828125	1.08984375	1.0068359375	1.138671875	0.4765625	1.28125	0.650390625	0.86474609375	0.084716796875	0.0018768310546875	0.9365234375	1.0390625	1.2939453125	0.5849609375	0.1773681640625	0.0	0.1163330078125	0.9794921875	0.0	0.2470703125	0.7548828125	0.6806640625	0.5498046875	0.0	0.98779296875	0.76513671875	0.5732421875	0.33203125	0.45556640625	1.2822265625	0.27392578125	1.0634765625	1.3544921875	1.3505859375	1.1728515625	0.8408203125	0.87939453125	1.0576171875	0.1688232421875	0.54931640625	0.7998046875	0.25732421875	0.472900390625	1.1533203125	0.62353515625	0.88037109375	0.0	0.54296875
0.86865234375	0.611328125	0.68701171875	0.763671875	1.318359375	0.54931640625	0.77099609375	0.0	0.173095703125	0.9443359375	1.017578125	0.6826171875	1.560546875	0.9228515625	0.3349609375	2.115234375	0.7841796875	0.91943359375	0.8291015625	0.99853515625	0.8134765625	0.6357421875	0.0	0.065185546875	0.30322265625	0.07421875	0.7109375	0.34033203125	1.1533203125	0.1719970703125	1.37109375	0.0	1.1142578125	0.2646484375	0.1688232421875	0.0	0.91357421875	0.0	0.290283203125	0.0	0.5751953125	0.057586669921875	0.427978515625	0.1505126953125	0.70849609375	1.05078125	1.0439453125	0.0306854248046875	0.9609375	1.6318359375	0.689453125	0.0	0.61083984375	0.68212890625	0.487060546875	0.7314453125	0.47705078125	0.1302490234375	2.009765625	0.034149169921875	0.0	0.0	0.0	0.9677734375	0.07647705078125	1.3564453125	0.51953125	1.2861328125	1.4375	0.78857421875	0.703125	0.287353515625	0.8173828125	0.9619140625	0.76318359375	0.157470703125	0.72216796875	0.70263671875	1.04296875	0.59130859375	0.0	1.4384765625	0.775390625	0.6962890625	0.7802734375	0.51806640625	0.748046875	0.92333984375	0.0	0.0	0.58642578125	0.307861328125	0.97314453125	1.49609375	0.5361328125	0.54833984375	0.1695556640625	0.293212890625	0.41650390625	0.701171875	1.2099609375	0.1689453125	0.1439208984375	0.418701171875	1.033203125	0.453857421875	1.68359375	0.4697265625	0.7724609375	0.28173828125	0.37060546875	0.2216796875	1.1123046875	0.9580078125	0.9853515625	1.5087890625	1.185546875	0.5595703125	0.9765625	0.0	0.0	0.252197265625	0.9091796875	1.107421875	0.0	1.091796875	1.0615234375	1.3798828125
0.0758056640625	0.39892578125	0.42431640625	0.0	2.224609375	0.0	0.0	1.5	0.3056640625	1.111328125	0.556640625	0.3486328125	0.6923828125	0.0	1.0693359375	0.2012939453125	0.298095703125	1.4482421875	0.64013671875	0.83984375	1.22265625	0.6044921875	0.0	0.0	0.0	0.9375	0.26708984375	1.1826171875	0.0	0.50732421875	0.263916015625	0.99951171875	0.57373046875	0.029388427734375	0.0	1.5654296875	0.54296875	1.115234375	0.0	0.0	0.03155517578125	1.3916015625	1.255859375	0.0	0.0	0.0	1.681640625	0.0	1.0537109375	0.87890625	0.0911865234375	0.0	0.164306640625	1.341796875	0.499755859375	1.4716796875	2.044921875	0.8115234375	1.5078125	0.0	1.1953125	0.0	0.0	1.37890625	0.325439453125	1.2197265625	0.0	0.3212890625	1.6162109375	0.61962890625	1.0166015625	0.0682373046875	0.0	0.0	1.708984375	0.2322998046875	0.460205078125	1.595703125	0.55322265625	1.3056640625	0.2239990234375	0.1094970703125	0.0	0.0	0.5234375	0.0	1.6083984375	1.462890625	0.0	0.0	0.0	0.0	0.349853515625	1.9677734375	0.0	1.466796875	0.494384765625	0.0	1.310546875	0.0	0.603515625	0.0	0.31591796875	0.0	0.1868896484375	0.0	1.0419921875	0.69091796875	0.0	0.0	1.4501953125	0.0	0.1817626953125	2.11328125	1.13671875	1.537109375	1.234375	0.0	0.0963134765625	0.451904296875	0.0	1.314453125	1.490234375	2.271484375	0.0	1.5546875	0.020599365234375	0.0
0.0	0.0	1.23828125	0.0	2.099609375	0.0	0.0	0.98193359375	0.0	0.2486572265625	0.0	0.0	0.58935546875	0.0	0.0	0.0	0.025726318359375	1.716796875	0.0	0.0	0.0	0.0982666015625	0.0	0.0	0.0	1.2353515625	0.0	0.265869140625	0.0	1.4951171875	0.0	0.95654296875	1.205078125	0.0	0.0	0.5263671875	0.0	3.33984375	0.0	0.0	0.0	0.6220703125	1.2626953125	0.0	0.0	0.0	1.48828125	0.0	0.0	0.0	0.634765625	0.0	0.0	0.20556640625	0.0	3.0	0.86962890625	1.3740234375	0.0	0.0308990478515625	3.451171875	0.0	0.0	0.966796875	1.0693359375	0.0	0.0	0.0	0.0	0.0	2.48828125	0.0	0.0	2.671875	0.806640625	0.0	0.6923828125	0.0	0.0	1.2119140625	0.51025390625	0.0	0.80517578125	0.0	0.0	0.0	0.0	0.0	0.94775390625	0.0	0.0	0.0	0.0	0.0	0.0	2.787109375	1.0517578125	0.0	1.890625	0.0	0.0	0.0	0.0	0.0	0.0	0.0	1.677734375	0.0	0.0	0.0	0.0	0.0	0.0	0.0	2.189453125	1.1455078125	3.18359375	0.0	0.0	1.681640625	0.1959228515625	1.0556640625	2.83984375	1.3876953125	0.4208984375	0.728515625	0.0	0.0
0.0	0.0	1.759765625	0.0	3.533203125	0.0	0.0	1.029296875	0.0	0.7021484375	0.0	0.0	0.0	0.0	0.0	0.0	0.0	2.5703125	0.0	0.0	0.0	0.0	2.0390625	0.0	0.0	2.83984375	0.0	0.0	0.0	1.470703125	0.0	0.8642578125	1.5849609375	0.0	0.0	0.0	0.0	5.23828125	0.0	0.0	0.0	0.0	0.0	0.0	0.0	0.0	0.0	0.0	0.0	0.0	0.414794921875	0.0	0.0	0.0	0.0	3.21875	0.362548828125	1.5849609375	0.0	0.0	3.7421875	0.0	0.0	0.0	0.67138671875	0.0	0.0	0.0	0.0	0.0	3.19921875	0.0	0.0	2.423828125	0.91357421875	0.0	0.3388671875	0.0	0.0	0.873046875	0.454345703125	0.0	0.7607421875	0.0	0.0	0.0	0.0	0.0	0.0	0.0	0.0	0.0	0.0	0.0	0.0	2.171875	0.0284881591796875	0.0	2.724609375	0.0	0.0	0.0	0.0	0.0	0.0	0.0	0.56591796875	0.0	0.0	0.0	0.0	0.0	0.0	0.0	3.888671875	0.0	2.578125	0.0	0.0	2.07421875	0.0	2.46875	2.484375	1.3330078125	0.994140625	0.471435546875	0.0	0.0
0.0	0.0	0.0	0.0	3.24609375	0.0	0.0	0.0	0.0	2.091796875	0.0	0.0	0.255126953125	0.0	0.0	0.2476806640625	0.0	1.736328125	0.0	0.0	0.0	0.0	0.04443359375	0.0	1.1123046875	2.826171875	0.0	0.0	0.0	2.513671875	0.0	1.2392578125	1.8330078125	0.87890625	0.0	2.21875	0.0	2.78125	0.0	0.0	0.0	0.0	2.2109375	0.0	0.0	0.0	1.0693359375	0.0	0.5498046875	0.0	0.0	0.0	0.0	0.0	0.0	2.177734375	1.8935546875	1.6455078125	0.0	0.0	1.4873046875	0.0	0.0	1.5859375	1.5849609375	0.284912109375	0.0	0.0	0.0	0.449951171875	1.626953125	0.0	0.26806640625	1.0302734375	0.415283203125	0.59521484375	0.0	0.0	0.0	1.501953125	0.0	0.0	0.0	0.0	1.28515625	0.0	1.951171875	1.3740234375	0.0	0.0	0.0	0.0	0.52734375	0.70458984375	0.0	1.6279296875	0.1593017578125	0.0	0.9287109375	0.0	0.0	0.0	0.0	0.259765625	0.1607666015625	0.0	1.009765625	0.0	0.0	0.0	0.76806640625	0.0	0.0	0.0	2.146484375	0.98583984375	1.6923828125	0.0	0.49169921875	1.2685546875	0.0	1.6962890625	2.50390625	0.9013671875	0.0	0.7890625	0.11651611328125	0.0
1.2685546875	1.78125	0.0	0.0	0.0	0.0782470703125	0.02520751953125	0.293212890625	0.79248046875	1.283203125	0.178955078125	0.0	2.12109375	0.0	2.595703125	0.399169921875	0.0	1.8232421875	1.056640625	0.0	1.3916015625	0.52783203125	0.0	0.0	0.0	0.053192138671875	0.1571044921875	0.0	0.0	0.96875	1.5537109375	1.640625	0.0	0.0	0.0	2.2578125	0.47802734375	1.15625	0.0	0.0	0.0	0.1768798828125	2.29296875	0.0	0.0	0.0	1.6669921875	0.0	0.0	0.0	0.0	0.150146484375	0.0	1.283203125	0.277587890625	2.623046875	0.9609375	1.6064453125	0.17919921875	0.0	1.8857421875	0.2127685546875	0.0	1.310546875	1.591796875	0.65087890625	0.0	0.0	2.033203125	0.0	0.58544921875	1.1513671875	0.0	0.51171875	1.111328125	0.0	0.0	0.09765625	1.505859375	1.2529296875	2.01953125	0.1964111328125	0.0	0.0	1.04296875	0.0	1.2109375	0.74462890625	0.0	0.0	0.471923828125	0.9541015625	0.7177734375	1.4013671875	0.0	1.96875	0.9150390625	0.2288818359375	1.5087890625	0.0	0.0	0.0	0.0	0.0	0.41455078125	0.0	0.861328125	0.0	0.0	0.0	0.0	0.0	1.1787109375	2.150390625	1.5322265625	0.70458984375	1.87109375	0.0	0.0	1.453125	1.1298828125	1.419921875	1.681640625	7.557868957519531e-05	0.9267578125	0.87109375	0.0467529296875	0.0
0.358642578125	0.70068359375	0.796875	0.45263671875	2.095703125	0.26904296875	0.0	0.8125	0.89453125	0.58447265625	0.0	0.372802734375	1.123046875	0.0	0.177001953125	0.045135498046875	1.150390625	1.3564453125	0.0	0.402099609375	0.7177734375	1.251953125	0.0	0.0	0.0	0.80419921875	0.0	0.1512451171875	1.0791015625	1.12890625	0.0	0.105224609375	1.478515625	0.0	0.0	1.458984375	0.0	0.59716796875	0.0	0.0	0.286376953125	1.8095703125	1.4931640625	0.149169921875	0.2301025390625	0.275146484375	2.5546875	0.0	0.229736328125	2.107421875	0.76513671875	0.0	0.0	1.0048828125	1.3466796875	0.091552734375	1.4462890625	0.0	2.59375	1.4130859375	0.180419921875	0.0	0.0	1.7783203125	0.14794921875	1.9384765625	0.0	1.1689453125	1.498046875	1.779296875	0.86572265625	0.03839111328125	0.0	0.0	1.41015625	1.09765625	1.7998046875	0.63427734375	1.4228515625	0.99853515625	0.40869140625	0.54541015625	0.0	0.0	1.08984375	0.1553955078125	1.3857421875	2.083984375	0.0	0.0	0.037384033203125	1.3369140625	0.345458984375	0.68115234375	0.6689453125	1.15234375	1.2578125	0.0205841064453125	0.9248046875	0.08685302734375	0.99755859375	0.251953125	0.0	0.0	0.10784912109375	0.0	0.70458984375	0.96240234375	0.48974609375	0.0	0.9169921875	0.0	0.72607421875	2.08984375	0.787109375	1.5947265625	1.662109375	0.0	0.0	1.640625	0.0	0.6865234375	1.173828125	0.81103515625	0.0	1.826171875	1.0546875	0.0
0.0	0.0	0.85791015625	0.0	4.03515625	0.0	0.0	0.463623046875	0.0	0.568359375	0.0	0.0	0.0	0.0	0.0	0.0	0.0	2.255859375	0.0	0.0	0.0	0.0	0.1993408203125	0.0	0.0	1.9921875	0.0	0.0	0.0	2.91015625	0.0	1.4482421875	1.8212890625	0.0	0.0	0.0	0.0	4.99609375	0.0	0.0	0.0	0.0	0.0	0.0	0.0	0.0	0.0	0.0	0.0	0.0	1.150390625	0.0	0.0	0.0	0.0	5.5625	1.662109375	2.310546875	0.0	0.443115234375	3.458984375	0.0	0.0	0.0	1.037109375	0.0	0.0	0.0	0.0	0.0	4.703125	0.0	0.0	5.1328125	1.1455078125	0.0	0.0	0.0	0.0	3.11328125	0.1470947265625	0.0	2.431640625	0.0	0.0	0.0	0.0	0.0	0.0	0.0	0.0	0.0	0.0	0.0	0.0	3.267578125	0.57666015625	0.0	3.42578125	0.0	0.0	0.0	0.0	0.0	0.0	0.0	4.0859375	0.0	0.0	0.0	0.0	0.0	0.0	0.0	3.546875	1.158203125	5.078125	0.0	0.0	0.99658203125	0.0	1.716796875	2.45703125	1.5234375	0.071533203125	0.05682373046875	0.0	0.0
0.28125	1.642578125	1.4560546875	1.958984375	1.416015625	0.360107421875	0.0	0.0	0.357177734375	0.0755615234375	0.05902099609375	1.4482421875	0.83544921875	0.71044921875	0.0	0.75439453125	1.2265625	0.74560546875	2.400390625	0.5380859375	0.6640625	1.6416015625	0.418701171875	0.814453125	0.0	0.57763671875	0.0	0.0	1.8369140625	0.82470703125	0.0	0.0	0.09234619140625	0.0	0.0	1.841796875	1.3681640625	0.9482421875	0.0	0.0	0.88916015625	1.4091796875	0.84228515625	0.56591796875	0.060028076171875	0.042022705078125	0.7724609375	0.29736328125	0.51953125	1.3310546875	0.82177734375	0.0	0.98046875	0.04193115234375	0.0	0.0	1.64453125	0.0	0.216552734375	0.7041015625	0.0	0.52392578125	0.0	1.5537109375	0.0257568359375	1.6474609375	0.0	0.0	0.0	1.9912109375	0.4228515625	1.052734375	0.426513671875	0.0	1.1015625	1.271484375	1.19140625	0.0	0.0	1.0546875	0.3076171875	0.231201171875	0.0	0.0	1.46875	1.0849609375	0.0	1.1279296875	0.0	0.0	0.26806640625	1.4560546875	0.409423828125	0.88818359375	0.361328125	1.556640625	0.318115234375	1.1259765625	0.0	0.35205078125	2.115234375	0.7041015625	0.386962890625	0.93603515625	0.90673828125	0.0	0.0	1.44140625	0.0	1.0732421875	1.2138671875	0.0	1.091796875	2.29296875	1.4267578125	2.03515625	0.200927734375	0.0	1.8095703125	1.25390625	0.494384765625	0.085693359375	0.79296875	0.0	0.0	1.802734375	0.2042236328125	0.51953125
0.60986328125	0.65625	0.456298828125	0.75732421875	0.1248779296875	0.11468505859375	0.0	0.0	0.68017578125	1.474609375	0.91259765625	0.2386474609375	1.90234375	0.08221435546875	1.486328125	1.1640625	0.0	0.923828125	1.1904296875	0.10223388671875	0.5185546875	0.7294921875	0.0	0.10223388671875	0.425537109375	0.0	0.0	0.0	0.41162109375	0.89990234375	0.83154296875	1.0751953125	0.0	0.0	0.0	0.5947265625	1.0439453125	1.4111328125	0.0	0.0	0.0	0.0	2.58984375	0.0	0.0	0.0	0.325927734375	0.0	0.39208984375	0.0	0.0	0.57470703125	0.0	1.796875	0.0	2.60546875	0.81494140625	1.203125	0.5029296875	0.0	2.072265625	0.0	0.03826904296875	0.69677734375	1.12109375	0.58203125	0.0	0.5888671875	0.73193359375	0.177978515625	0.40087890625	1.6142578125	0.0	1.337890625	0.490966796875	0.0	0.28857421875	0.814453125	0.314208984375	1.14453125	1.9443359375	0.3564453125	0.377197265625	0.0	1.5498046875	0.0	1.234375	0.0	0.073974609375	0.0	0.4091796875	0.42138671875	1.236328125	0.08795166015625	0.0	1.4130859375	0.53955078125	0.0	0.6015625	0.0	0.1507568359375	0.1407470703125	0.0	0.861328125	0.9736328125	0.0	1.619140625	0.0	0.0	0.0	0.0	0.283203125	1.59765625	2.04296875	2.41015625	0.60595703125	2.87890625	0.2705078125	0.1650390625	1.0966796875	0.9013671875	0.732421875	1.7841796875	0.67822265625	0.9619140625	0.84619140625	0.0750732421875	0.0
0.0	1.4931640625	1.17578125	1.314453125	0.01076507568359375	0.369384765625	0.62255859375	1.181640625	1.322265625	0.48388671875	0.1512451171875	1.111328125	0.0	1.2373046875	0.59765625	1.947265625	0.27587890625	0.59423828125	0.41943359375	1.44140625	0.93017578125	1.9326171875	0.1214599609375	0.66748046875	0.349365234375	0.09954833984375	1.177734375	1.1474609375	0.7607421875	0.0	1.404296875	0.491455078125	0.40771484375	0.45166015625	0.86376953125	1.0595703125	1.6455078125	0.1090087890625	1.43359375	0.47314453125	1.0341796875	0.7431640625	0.356689453125	0.0	0.82568359375	0.358642578125	0.3056640625	0.1505126953125	0.85693359375	1.1337890625	1.2626953125	0.431396484375	1.310546875	0.0	0.0	1.3291015625	0.0	0.88037109375	0.8603515625	0.716796875	0.91552734375	1.3095703125	0.1094970703125	1.6669921875	0.75146484375	0.19287109375	1.2333984375	1.6279296875	1.1083984375	0.0	0.7177734375	0.026092529296875	0.494384765625	0.0	1.5859375	0.52490234375	0.9580078125	0.0	0.6142578125	1.30078125	0.64208984375	0.650390625	0.50732421875	1.0087890625	1.1962890625	1.1572265625	0.0	0.2529296875	0.0	0.0	0.46630859375	1.13671875	0.0	0.0418701171875	0.0	0.393310546875	0.45654296875	1.95703125	0.37158203125	0.3427734375	0.84033203125	0.351318359375	0.27978515625	0.0	1.158203125	0.208740234375	0.70703125	0.880859375	0.0	0.76025390625	0.94287109375	0.355712890625	0.6142578125	1.228515625	0.410888671875	1.3798828125	0.52978515625	1.0009765625	0.4560546875	0.52880859375	1.306640625	0.0	0.53369140625	0.0	0.34228515625	1.056640625	1.271484375	0.482421875
0.0	0.619140625	0.80615234375	0.669921875	1.5595703125	0.22314453125	0.0	1.0751953125	0.0	0.662109375	0.28271484375	0.28076171875	0.24951171875	0.0	0.8037109375	0.857421875	0.1126708984375	1.11328125	0.0	0.6357421875	0.62060546875	1.1650390625	0.0	0.0126190185546875	0.0	0.1485595703125	0.0	1.1953125	0.1937255859375	0.64990234375	0.49951171875	1.8515625	1.728515625	0.249755859375	0.0	2.0	0.4228515625	1.380859375	0.0	0.0	0.0	1.5478515625	1.4365234375	0.0	0.144775390625	0.0	0.349365234375	0.0	1.0205078125	0.60693359375	0.46826171875	0.0	0.24951171875	0.64697265625	0.0	1.7744140625	0.57470703125	1.1806640625	0.0	0.2086181640625	2.828125	0.72607421875	0.0	2.11328125	0.90966796875	0.2362060546875	0.0	0.0	0.3974609375	0.0	1.1728515625	0.51123046875	0.0	0.09307861328125	1.8388671875	0.314208984375	0.59814453125	0.0	0.261962890625	2.044921875	1.25390625	0.0	0.51318359375	0.0	0.56494140625	0.0	0.173583984375	0.35498046875	0.0	0.0	0.0	0.226318359375	1.1025390625	0.0	0.0	1.2060546875	1.3662109375	1.1435546875	0.8876953125	0.223388671875	0.0	0.0	0.0	0.0	0.50146484375	0.0	0.468017578125	0.70166015625	0.0	0.0	1.0400390625	0.0	0.0	0.97021484375	1.162109375	1.51171875	1.9599609375	0.354736328125	0.0	0.755859375	0.521484375	1.451171875	1.658203125	0.98681640625	0.1290283203125	1.072265625	0.052734375	0.0
0.8876953125	1.1015625	0.0	0.0	0.406494140625	0.393798828125	0.849609375	0.0	0.5771484375	1.31640625	1.4443359375	0.28173828125	0.46630859375	1.0615234375	1.529296875	2.041015625	0.12939453125	1.1826171875	0.0	0.353759765625	0.669921875	0.0	0.0	0.0	1.0302734375	0.71533203125	1.7158203125	0.273193359375	0.0	0.96728515625	1.4375	0.78857421875	0.71533203125	0.48193359375	0.042022705078125	1.412109375	0.7880859375	0.10443115234375	0.11370849609375	0.175048828125	0.0	0.0	1.5908203125	0.1494140625	0.0	0.9169921875	1.4365234375	0.494384765625	0.794921875	0.0	0.0	0.236572265625	1.076171875	1.9453125	1.275390625	0.8525390625	0.0	0.873046875	1.9736328125	0.0	1.6640625	0.68115234375	0.447998046875	1.2734375	1.1240234375	1.4208984375	0.0	0.0	1.87109375	0.55224609375	0.5087890625	1.8720703125	0.654296875	0.0	0.328857421875	0.151123046875	0.0	0.814453125	1.8896484375	0.0	0.4931640625	1.6337890625	0.0	0.51416015625	1.4765625	0.0	0.3505859375	0.0	0.2164306640625	0.0	1.2412109375	0.87158203125	1.8544921875	1.94140625	0.0	0.853515625	0.0	0.6826171875	0.5390625	0.8115234375	1.736328125	0.0281982421875	0.0	1.005859375	0.5380859375	0.580078125	0.59130859375	0.0	0.0	0.01499176025390625	0.513671875	0.9794921875	1.0673828125	0.84521484375	0.5419921875	0.441650390625	0.58935546875	0.376708984375	0.7294921875	0.0	0.0	0.95654296875	1.0341796875	1.193359375	0.7060546875	0.93115234375	0.9130859375	0.8671875
1.1572265625	1.1376953125	1.9384765625	1.583984375	0.86083984375	0.0	0.78466796875	1.380859375	0.88427734375	0.8359375	0.80517578125	1.263671875	0.0	0.0	0.0	0.0	0.62646484375	0.654296875	0.9990234375	0.8857421875	0.748046875	1.5146484375	0.0	0.0	0.0	0.1761474609375	0.6650390625	2.29296875	0.060791015625	0.0	0.09857177734375	0.442138671875	0.5380859375	0.0	0.258056640625	0.611328125	0.91748046875	1.1865234375	0.65625	0.04083251953125	0.0	2.41796875	0.0	0.0	0.234130859375	0.0	0.1968994140625	0.5888671875	0.302978515625	1.1640625	0.74853515625	0.0	0.1915283203125	1.232421875	0.266845703125	0.93115234375	1.0595703125	0.81689453125	0.1912841796875	0.0560302734375	3.17578125	0.7783203125	0.0	1.1865234375	0.46240234375	0.407470703125	0.52978515625	1.228515625	1.5078125	0.0	0.9853515625	0.6240234375	0.0	0.0	2.564453125	0.1907958984375	1.1044921875	0.8427734375	0.708984375	1.228515625	1.51953125	0.1558837890625	0.254638671875	0.0	0.4755859375	0.0	0.0	0.0	0.0	0.0	0.1339111328125	0.2066650390625	0.0	0.4892578125	0.2244873046875	1.482421875	0.54248046875	0.37841796875	1.091796875	0.0	0.81201171875	0.0	0.0	0.0	1.052734375	0.11749267578125	0.0	1.7578125	0.0	0.97802734375	1.404296875	0.0	0.41748046875	2.41015625	0.65380859375	1.6025390625	1.42578125	0.4912109375	0.0	0.0	0.79150390625	0.5009765625	1.1103515625	2.1328125	0.509765625	0.8876953125	0.0	0.0
0.0	0.0	1.775390625	0.0	4.24609375	0.0	0.0	1.0078125	0.0	0.0	0.0	0.0	0.0	0.0	0.0	0.0	0.0	2.755859375	0.0	0.0	0.0	0.0	0.495361328125	0.0	0.0	2.822265625	0.0	0.0	0.0	3.220703125	0.0	2.7734375	3.130859375	0.0	0.0	0.0	0.0	6.8515625	0.0	0.0	0.0	0.0	0.0	0.0	0.0	0.0	0.0	0.0	0.0	0.0	2.248046875	0.0	0.0	0.0	0.0	6.71484375	1.4462890625	2.646484375	0.0	2.16796875	5.0234375	0.0	0.0	0.295166015625	1.1015625	0.0	0.0	0.0	0.0	0.0	5.57421875	0.0	0.0	4.015625	0.12274169921875	0.0	0.0	0.0	0.0	3.74609375	0.08563232421875	0.0	3.025390625	0.0	0.0	0.0	0.0	0.0	0.0	0.0	0.0	0.0	0.0	0.0	0.0	3.068359375	2.14453125	0.0	2.755859375	0.0	0.0	0.0	0.0	0.0	0.0	0.0	4.53515625	0.0	0.0	0.0	0.0	0.0	0.0	0.0	3.966796875	0.08807373046875	6.03515625	0.0	0.0	2.890625	0.0	2.05078125	3.33203125	1.75390625	0.5283203125	0.289794921875	0.0	0.0
0.0950927734375	0.6572265625	0.94140625	0.93994140625	0.6591796875	1.0634765625	0.75732421875	0.0843505859375	1.03515625	0.5478515625	0.4384765625	1.123046875	0.83251953125	0.6025390625	0.73486328125	2.19921875	0.31689453125	0.298583984375	0.1861572265625	1.30078125	0.93505859375	0.6279296875	0.0	0.6650390625	0.712890625	0.0	0.87060546875	0.88037109375	0.8916015625	0.0	1.2529296875	1.283203125	1.1650390625	1.0166015625	0.38330078125	0.671875	0.94482421875	0.36083984375	1.0751953125	0.44091796875	0.74560546875	0.498291015625	0.51904296875	0.591796875	0.9306640625	0.908203125	0.54736328125	0.8994140625	0.92919921875	1.2529296875	0.96875	0.41552734375	1.0732421875	0.392578125	0.369140625	0.83642578125	0.0	0.270751953125	1.03515625	0.9833984375	1.0234375	0.80078125	0.64013671875	1.1767578125	1.654296875	0.4580078125	0.350830078125	2.529296875	1.2998046875	1.2177734375	0.51806640625	0.921875	0.708984375	0.2666015625	0.953125	0.0	0.2174072265625	0.41552734375	1.7861328125	0.87109375	0.182861328125	1.0068359375	0.178955078125	1.40234375	0.59716796875	1.5439453125	0.50048828125	1.3173828125	0.404052734375	0.040435791015625	1.642578125	0.78125	0.6904296875	0.99462890625	0.26953125	0.08660888671875	0.5556640625	1.970703125	0.0	0.289794921875	0.650390625	1.0966796875	0.66943359375	0.0	0.269287109375	0.2161865234375	0.1295166015625	0.52587890625	0.8681640625	0.96484375	0.5703125	0.77490234375	0.689453125	1.2119140625	0.6884765625	0.84619140625	0.60498046875	1.1728515625	0.0	1.0458984375	0.51513671875	0.61376953125	0.151123046875	0.349853515625	0.6064453125	0.5654296875	0.0	0.82421875
0.24755859375	0.66357421875	0.0	0.0	0.0	0.0	0.267578125	0.0	1.607421875	1.591796875	1.2529296875	0.2259521484375	2.13671875	0.0	1.0078125	1.1630859375	0.393798828125	1.3828125	1.70703125	0.049163818359375	0.202392578125	0.0	0.1297607421875	0.0	1.5634765625	0.1297607421875	0.0	0.0	0.0	0.0	0.0	0.0772705078125	0.0	0.0	0.0	0.12310791015625	0.477783203125	1.470703125	0.0	0.0	0.0	0.0	2.2734375	0.0	0.0	0.0	1.0546875	0.75927734375	0.0	0.0	0.064697265625	0.53125	0.031219482421875	1.4072265625	0.0	1.5947265625	0.0	0.833984375	1.369140625	0.0	0.9453125	0.0	0.360107421875	1.3759765625	0.2734375	0.426025390625	0.0	0.0	0.25341796875	0.445556640625	0.0	1.3388671875	1.146484375	1.1611328125	0.257080078125	0.0	1.0087890625	1.787109375	1.2578125	0.0	1.0009765625	0.47216796875	0.0179443359375	0.0	1.2900390625	0.458740234375	1.1357421875	1.0458984375	0.55712890625	0.0	0.74267578125	0.019073486328125	0.39501953125	0.260498046875	0.047607421875	0.11236572265625	0.1055908203125	0.0	0.337158203125	0.0	0.0	0.2381591796875	0.00637054443359375	1.0947265625	1.25390625	0.318603515625	0.446044921875	0.0	0.0	0.1280517578125	0.0	0.55810546875	1.8134765625	2.853515625	2.470703125	0.0	0.9931640625	0.189208984375	1.4580078125	1.1591796875	0.95166015625	0.65673828125	2.00390625	1.97265625	0.8427734375	0.4794921875	0.0	0.0
0.97705078125	0.9736328125	0.25634765625	0.83740234375	0.66259765625	0.85693359375	1.013671875	0.0	0.471435546875	0.287353515625	0.290283203125	1.2548828125	0.7783203125	0.93310546875	0.69873046875	1.6552734375	0.255126953125	0.58740234375	0.1339111328125	1.5517578125	1.078125	1.572265625	0.2088623046875	0.366943359375	0.66650390625	0.0445556640625	1.3125	1.31640625	0.8173828125	0.0	1.6953125	0.72314453125	1.1669921875	0.68798828125	0.85107421875	0.8798828125	1.1083984375	0.0	1.39453125	0.505859375	0.970703125	0.29931640625	0.43212890625	0.1676025390625	0.6923828125	0.39892578125	0.048553466796875	0.6181640625	1.5556640625	1.69921875	0.61279296875	0.342041015625	0.755859375	1.072265625	1.037109375	0.9208984375	0.0706787109375	0.66455078125	1.7607421875	0.73095703125	1.1884765625	0.685546875	0.50732421875	0.7451171875	0.744140625	0.1099853515625	1.048828125	1.7255859375	1.1748046875	0.708984375	0.388671875	0.8564453125	0.99609375	0.0	1.1611328125	0.0	0.51611328125	0.994140625	0.625	0.82275390625	0.05767822265625	1.201171875	1.103515625	1.2578125	0.9130859375	0.76123046875	0.9521484375	0.51904296875	0.0	0.0	0.71435546875	1.30859375	0.8515625	0.0	0.0	0.0189971923828125	0.07427978515625	1.458984375	0.0	0.07745361328125	1.2880859375	0.65771484375	1.0625	0.070068359375	1.041015625	0.1668701171875	0.0	0.30126953125	0.58984375	1.216796875	0.9072265625	0.95703125	1.15625	1.2197265625	1.5751953125	0.58203125	0.96240234375	1.0830078125	0.09991455078125	0.873046875	1.1376953125	0.10015869140625	0.67138671875	1.0439453125	0.6884765625	1.041015625	0.0	1.1640625
1.267578125	1.2578125	1.33984375	1.005859375	0.494140625	0.259521484375	0.8583984375	0.0	1.3388671875	0.458984375	0.9482421875	1.7099609375	0.76220703125	0.69970703125	1.5751953125	1.48046875	0.546875	0.5947265625	0.99365234375	1.1240234375	1.3310546875	1.1240234375	0.0	0.132568359375	0.01474761962890625	0.0	1.435546875	1.1337890625	0.035797119140625	0.0	0.97216796875	0.64990234375	0.07965087890625	0.277099609375	0.67626953125	1.109375	1.318359375	0.56298828125	0.8994140625	0.294677734375	1.2060546875	0.953125	0.0	0.53173828125	0.65185546875	0.447509765625	0.276611328125	0.8935546875	1.0107421875	1.640625	0.292236328125	0.4580078125	0.83349609375	0.87646484375	0.99462890625	0.72705078125	0.07098388671875	0.53759765625	1.5185546875	0.345703125	1.25390625	1.208984375	1.0634765625	1.2236328125	1.0029296875	0.85888671875	0.1717529296875	2.0390625	1.0732421875	1.0078125	0.658203125	1.4208984375	0.092041015625	0.0	1.7060546875	0.0	0.69970703125	0.1966552734375	1.21484375	0.41015625	0.95458984375	0.947265625	0.273681640625	0.77587890625	0.8486328125	0.921875	0.0	0.0	0.0	0.0	1.1640625	1.5234375	0.521484375	0.1495361328125	0.09326171875	0.54833984375	0.0	2.134765625	0.0	0.11810302734375	1.44921875	0.6845703125	1.0927734375	0.454833984375	0.82666015625	0.0	0.0	0.475830078125	0.2041015625	1.3212890625	0.99658203125	0.7998046875	1.2919921875	1.6279296875	2.025390625	0.5703125	0.3662109375	1.34375	0.751953125	0.828125	1.248046875	0.5283203125	0.2447509765625	0.1651611328125	0.5712890625	0.873046875	0.0	0.85986328125
0.0	0.39208984375	1.0390625	0.447265625	0.86181640625	0.6484375	0.654296875	0.0	0.338134765625	0.97314453125	0.75146484375	0.63818359375	1.1650390625	1.5419921875	1.0419921875	2.43359375	0.07513427734375	1.1064453125	0.52783203125	1.2333984375	0.93212890625	0.185302734375	0.0	0.1239013671875	1.314453125	0.0	1.1201171875	0.0867919921875	1.3544921875	0.305419921875	1.8427734375	0.3291015625	0.619140625	1.015625	0.423095703125	0.0	1.2607421875	0.0	0.3486328125	0.04681396484375	0.6572265625	0.0	0.30517578125	0.396728515625	0.1790771484375	1.234375	0.890625	0.4365234375	0.97900390625	1.09375	0.0	0.0	1.05078125	0.80224609375	0.61767578125	0.75390625	0.0	0.3720703125	2.1328125	0.0	0.0	0.0	0.220947265625	1.2314453125	0.03497314453125	1.3857421875	0.293212890625	1.33203125	1.541015625	1.2109375	0.35498046875	0.437744140625	1.3466796875	0.31884765625	0.1798095703125	0.79296875	0.1904296875	0.83349609375	1.1376953125	0.0	0.146728515625	1.7041015625	0.57470703125	1.05078125	1.236328125	0.68896484375	1.197265625	1.31640625	0.06085205078125	0.0	0.86572265625	0.27099609375	1.7255859375	0.9326171875	0.0	0.0	0.0	0.41357421875	0.0	0.5751953125	0.95458984375	0.546875	0.591796875	0.8896484375	0.23974609375	0.67822265625	1.8974609375	0.0	0.93017578125	0.0	0.67724609375	0.72509765625	0.51025390625	1.0126953125	0.9130859375	1.0869140625	0.5732421875	0.54296875	0.97900390625	0.0	0.0	0.685546875	1.0283203125	0.2459716796875	0.0	1.0224609375	0.77734375	1.705078125
0.0	0.0	3.4921875	0.0	3.3203125	0.0	0.0	0.8017578125	0.0	1.576171875	0.0	0.0	0.60546875	0.0	0.0	0.0	0.0	3.3515625	0.0	0.0	0.0	0.0	0.0	0.0	0.0	2.208984375	0.0	0.0	0.0	2.546875	0.0	2.5390625	0.80908203125	0.0	0.0	0.58642578125	0.0	6.3125	0.0	0.0	0.0	0.0	0.2159423828125	0.0	0.0	0.0	1.724609375	0.0	0.0	0.0	1.0830078125	0.0	0.0	0.0	0.0	4.67578125	1.7880859375	2.515625	0.0	1.0	3.708984375	0.0	0.0	0.450927734375	1.5830078125	0.0	0.0	0.0	0.0	0.0	3.953125	0.0	0.0	2.751953125	0.298095703125	0.0	0.0	0.0	0.0	2.056640625	1.0283203125	0.0	0.9228515625	0.0	0.0	0.0	0.08489990234375	0.0	0.08819580078125	0.0	0.0	0.0	0.0	0.0	0.0	2.673828125	0.75341796875	0.0	2.958984375	0.0	0.0	0.0	0.0	0.0	0.0	0.0	2.078125	0.0	0.0	0.0	0.0	0.0	0.0	0.0	3.193359375	1.509765625	4.234375	0.0	0.0	3.705078125	0.0	2.73046875	3.734375	0.72265625	0.1708984375	0.3564453125	0.0	0.0
0.0	0.86181640625	0.048797607421875	0.0	1.68359375	0.0	0.0	0.80712890625	0.18798828125	1.3330078125	0.76416015625	0.85400390625	0.0	0.0	0.27685546875	0.0	1.5283203125	0.6572265625	0.05389404296875	0.92236328125	0.023773193359375	0.29638671875	0.57177734375	0.0	0.0	0.265625	0.64404296875	0.365478515625	0.0	1.1328125	0.6435546875	0.0	0.8291015625	0.0	0.0	0.0	1.5751953125	0.295166015625	0.0	0.0	0.04571533203125	0.50927734375	0.0	0.0	0.0	0.0	0.0	0.0	1.427734375	0.81494140625	1.1171875	0.0	0.79541015625	0.0	0.0	1.62890625	1.763671875	0.0	0.0	0.80078125	0.0	0.0	0.0	0.115478515625	0.0	1.6142578125	0.0	0.0	0.91259765625	0.298583984375	1.5830078125	0.0	0.0	0.0	1.7685546875	0.81298828125	0.0	0.0	0.0	1.86328125	0.0	0.0	0.0	0.0	0.57080078125	0.0	0.0	0.0	0.0	0.0	0.0	0.0	0.0	0.12548828125	0.1842041015625	1.130859375	0.1981201171875	0.0	1.3408203125	0.68701171875	0.0	0.0	0.0	0.82470703125	1.1787109375	0.0	1.2529296875	0.7607421875	0.0	0.0	1.193359375	0.0	0.0	0.033355712890625	0.84814453125	0.642578125	1.1416015625	0.0	0.92236328125	0.0	0.0	0.0	0.0	0.0	0.0	1.6884765625	1.8857421875	0.64453125
0.0	0.0	1.4248046875	0.0	1.6259765625	0.2183837890625	0.0	0.0	0.45361328125	0.0	0.1473388671875	0.0	0.798828125	0.7255859375	0.9921875	0.88916015625	0.267333984375	1.5068359375	0.0	0.0877685546875	0.798828125	1.123046875	0.2471923828125	0.0	0.0	0.0	0.0	0.0	0.0	1.84765625	0.7392578125	1.0283203125	0.78955078125	0.0	0.0	0.845703125	0.0	1.6142578125	0.0	0.0	0.5625	0.8466796875	1.2578125	0.0	0.0	0.0	1.771484375	0.0	1.130859375	0.25341796875	0.83984375	0.0	0.2384033203125	0.70947265625	0.0	2.390625	1.7802734375	0.59765625	0.97509765625	0.474365234375	0.64013671875	0.0	0.0	1.02734375	0.69287109375	0.6103515625	0.0	0.0	0.58837890625	0.52685546875	1.671875	0.0	0.0	0.24658203125	1.1064453125	0.0	0.40380859375	0.0	0.0	1.7646484375	0.030731201171875	0.0	0.794921875	0.0	0.389404296875	0.0	0.91796875	2.025390625	0.0	0.0	0.0	0.0	0.23193359375	0.51416015625	0.0	1.685546875	1.3564453125	0.0	0.71240234375	0.68017578125	0.0	0.0	0.0	0.0	0.1846923828125	0.0	1.9384765625	0.078369140625	0.0	0.0	0.0	0.0	0.4599609375	1.3623046875	1.8330078125	1.5703125	2.333984375	0.0	0.0	1.76171875	0.0638427734375	1.7978515625	1.12109375	0.1285400390625	0.0	2.033203125	0.0	0.0
0.0758056640625	1.6396484375	0.1595458984375	0.9208984375	0.5048828125	0.779296875	0.4443359375	0.1451416015625	0.4775390625	0.92333984375	0.60205078125	0.6904296875	0.0	1.2001953125	0.71923828125	1.0615234375	0.83447265625	1.1904296875	0.0	1.20703125	1.1259765625	1.7646484375	0.82421875	0.0	0.0	0.0	0.90869140625	0.333984375	1.1748046875	0.685546875	1.2841796875	0.2025146484375	0.04052734375	0.0	0.311767578125	0.98876953125	1.439453125	0.0	0.7958984375	0.0	1.3447265625	0.63232421875	0.1910400390625	0.0	0.44384765625	0.249267578125	0.324951171875	0.0	1.189453125	1.4921875	0.51171875	0.1495361328125	1.224609375	0.0	0.4560546875	1.1865234375	1.046875	0.249267578125	0.9814453125	0.440673828125	0.0	0.6494140625	0.0	1.1259765625	0.495361328125	0.66796875	0.425537109375	0.0	1.25390625	0.0	0.814453125	0.272216796875	0.0074615478515625	0.0	1.4580078125	0.74169921875	0.73193359375	0.0	0.0	1.5078125	0.26025390625	0.6953125	0.11572265625	0.483154296875	1.419921875	0.77734375	0.0	0.483642578125	0.0	0.0	0.0	1.3515625	0.389892578125	0.457275390625	0.0	0.84130859375	0.67236328125	1.3955078125	0.54736328125	0.6298828125	0.9765625	0.035980224609375	0.0	0.12335205078125	1.0244140625	0.0	0.57666015625	0.6689453125	0.0	0.213134765625	0.368408203125	0.0	0.50244140625	1.7861328125	0.619140625	1.20703125	1.1328125	0.221435546875	0.7412109375	0.61181640625	0.72314453125	0.08770751953125	0.431396484375	0.0	0.0	1.5	1.529296875	0.321533203125
0.0	0.71044921875	0.44873046875	0.0	0.9599609375	0.117431640625	0.0	0.62548828125	0.1363525390625	1.0244140625	0.0	0.0789794921875	0.666015625	0.0	0.85791015625	0.485595703125	0.89990234375	1.5361328125	0.0	0.7470703125	0.0	0.76123046875	0.51953125	0.0	0.0	1.15234375	0.0	0.47705078125	0.0	0.0	0.060577392578125	1.0185546875	1.712890625	0.0	0.0	0.82666015625	0.1695556640625	1.3994140625	0.53759765625	0.0	0.419921875	0.443115234375	0.541015625	0.0	0.0	0.0	1.38671875	0.0	0.9794921875	0.0	1.111328125	0.0	0.52685546875	0.244873046875	0.0	1.87109375	1.4150390625	0.90869140625	0.0	0.63427734375	1.0419921875	0.0	0.0	1.5869140625	0.955078125	0.2369384765625	0.0	0.68994140625	0.6796875	0.1644287109375	1.3486328125	0.0	0.0	0.0	1.3798828125	0.96240234375	0.53369140625	0.55517578125	0.0	1.66796875	0.0	0.0	0.01485443115234375	0.0	0.748046875	0.37548828125	1.3916015625	1.654296875	0.0	0.0	0.0	0.30224609375	0.0	0.0	0.0	0.935546875	1.3076171875	0.0887451171875	0.6767578125	0.0	0.1878662109375	0.0	0.0	0.06658935546875	0.7607421875	0.0	1.0341796875	0.0	0.0	0.0	1.0234375	0.0	0.638671875	0.52734375	1.5009765625	0.623046875	1.732421875	0.0	0.0	1.6455078125	0.1812744140625	0.91943359375	0.98193359375	0.04302978515625	0.399169921875	1.896484375	0.81396484375	0.09716796875
1.3486328125	1.021484375	4.1484375	0.0	4.65234375	0.0	0.0	0.79150390625	0.0	1.49609375	0.0	0.0	3.47265625	0.0	0.0	0.0	0.0	1.8583984375	0.0	0.0	0.0	0.0	0.09814453125	0.0	0.0	2.2578125	0.0	0.0	0.0	2.447265625	0.0	1.7802734375	0.491943359375	0.0	0.0	0.1527099609375	0.0	4.69921875	0.0	0.0	0.0	0.498779296875	0.0	0.0	0.0	0.0	0.0019741058349609375	0.0	0.0806884765625	0.0	1.54296875	0.0	0.0	0.0	0.0	3.2890625	2.31640625	1.462890625	0.0	1.4013671875	2.55859375	0.0	0.0	1.2421875	1.216796875	0.0	0.0	0.0	0.0	1.216796875	3.115234375	0.0	0.0	0.59716796875	2.30859375	0.237060546875	0.0	0.0	0.0	2.810546875	1.5791015625	0.0	0.373046875	0.0	0.0	0.0	0.0	0.0	0.0	0.0	0.0	0.0	0.0	0.0	0.0	2.72265625	0.9853515625	0.0	2.52734375	0.0	0.0	0.0	0.0	0.0	0.0	0.0	1.2529296875	0.0	0.0	0.0	1.01953125	0.0	0.0	0.0	2.3359375	3.833984375	3.798828125	0.0	0.0	2.17578125	0.0	1.5556640625	2.373046875	0.0	0.0	1.673828125	0.0	0.0
0.0	0.63720703125	0.15673828125	0.69921875	2.24609375	0.263916015625	0.2359619140625	0.0	0.10650634765625	1.1630859375	0.021148681640625	1.0009765625	0.278564453125	0.0	0.794921875	0.0	1.2021484375	1.166015625	2.181640625	0.72509765625	1.98828125	1.392578125	0.05609130859375	0.0082855224609375	0.0	0.6279296875	0.1705322265625	0.0	1.150390625	1.6611328125	0.1845703125	0.147216796875	0.0	0.0	0.0	1.921875	1.0517578125	0.263427734375	0.0	0.0	0.437255859375	1.705078125	1.5693359375	0.415283203125	0.298095703125	0.56298828125	1.4580078125	0.0	1.1181640625	2.38671875	0.488037109375	0.0	0.5654296875	0.430908203125	1.4296875	0.416748046875	2.970703125	0.0	2.33203125	1.46484375	0.0	0.0	0.0	1.3671875	0.34033203125	2.2265625	0.0	0.64892578125	1.8359375	1.0234375	0.434814453125	0.0	0.7568359375	0.0	1.6669921875	1.2587890625	1.373046875	0.6015625	1.2705078125	1.4990234375	0.2059326171875	1.2568359375	0.0	0.0	0.9970703125	0.415283203125	1.998046875	2.17578125	0.0	0.0	0.0	1.181640625	0.19189453125	1.6015625	0.341552734375	1.4931640625	0.88330078125	0.0	0.52197265625	0.92236328125	1.298828125	0.7138671875	0.615234375	0.0	0.280029296875	0.0	0.287353515625	0.8818359375	0.92431640625	0.0	0.73046875	0.0	0.5205078125	1.638671875	1.1025390625	1.791015625	1.5244140625	0.0	1.177734375	1.509765625	0.0	0.94287109375	0.406494140625	0.60009765625	0.0	1.8203125	0.6884765625	0.403076171875
1.001953125	1.4560546875	1.0419921875	1.4111328125	0.384521484375	1.0234375	0.837890625	0.0	0.8955078125	0.0848388671875	0.4853515625	1.3916015625	0.68994140625	0.6220703125	0.446533203125	1.1455078125	0.75927734375	0.0	1.751953125	1.4970703125	1.2744140625	1.76953125	0.0	0.309326171875	0.0	0.0	0.67822265625	1.376953125	0.60302734375	0.0	0.77685546875	0.2734375	0.0	0.06610107421875	1.1650390625	0.51171875	2.095703125	0.128173828125	0.85009765625	0.496337890625	0.7431640625	1.4765625	0.0	0.419189453125	0.9873046875	0.430908203125	0.44873046875	0.430419921875	0.8095703125	1.78515625	0.5556640625	0.4853515625	0.80224609375	0.99853515625	0.47802734375	0.295166015625	0.0	0.363037109375	1.7392578125	0.5810546875	0.6611328125	1.0146484375	0.041595458984375	0.73828125	0.65966796875	0.71484375	0.55859375	1.501953125	0.89453125	0.54150390625	0.29833984375	1.12109375	0.10137939453125	0.0	1.2900390625	0.68994140625	1.1748046875	0.330078125	0.254638671875	0.76611328125	0.7333984375	0.64501953125	0.13427734375	0.37548828125	0.71044921875	1.15625	0.00958251953125	0.0	0.0	0.0	0.9580078125	1.3349609375	0.91162109375	0.0	0.49609375	0.0249481201171875	0.72216796875	1.5322265625	0.3046875	0.425048828125	1.279296875	0.6982421875	1.001953125	0.1429443359375	0.564453125	0.07049560546875	0.0	1.1572265625	0.1724853515625	0.87158203125	0.37744140625	0.1844482421875	1.505859375	2.248046875	0.212890625	0.71484375	1.0009765625	1.1240234375	0.290283203125	0.74072265625	0.95703125	0.330322265625	0.303955078125	0.68017578125	0.11328125	0.89453125	0.1962890625	0.1624755859375
0.0	0.0	0.0	0.0	2.591796875	0.0	0.0	0.156494140625	0.0	2.46875	0.0	0.0	1.94921875	0.0	0.90576171875	0.0	0.0	1.3779296875	0.0	0.0	0.0	0.0	0.0	0.0	0.366455078125	1.0048828125	0.0	0.0	0.0	1.642578125	0.0	3.076171875	1.560546875	0.6279296875	0.0	0.7939453125	0.0	4.16796875	0.0	0.0	0.0	0.0	1.767578125	0.0	0.0	0.0	0.0	0.0	0.0291595458984375	0.0	0.79541015625	0.0	0.0	0.0	0.0	4.91015625	0.0	2.51171875	0.0	0.90576171875	4.8046875	0.0	0.0	1.201171875	1.6298828125	0.0	0.0	0.0	0.0	0.0	2.576171875	0.0	0.0	3.853515625	0.26953125	0.0	0.0	0.0	0.0	2.078125	1.3427734375	0.0	0.7001953125	0.0	0.0	0.0	0.184326171875	0.0	0.386474609375	0.0	0.0	0.0	0.0	0.0	0.0	1.0947265625	0.8388671875	0.0	1.8896484375	0.0	0.0	0.0	0.0	0.0	0.0648193359375	0.0	3.5625	0.0	0.0	0.0	0.0	0.0	0.0	0.0	3.912109375	0.0	3.833984375	0.0	0.0	1.9677734375	0.0	1.28515625	3.15234375	1.5419921875	0.73779296875	0.0	0.0	0.0
0.0	0.6484375	0.54443359375	0.395263671875	0.92626953125	0.49755859375	0.30224609375	1.2177734375	0.521484375	0.44921875	0.45263671875	0.3349609375	0.41845703125	0.9111328125	1.2841796875	1.416015625	0.63916015625	1.0419921875	0.327392578125	1.177734375	1.4853515625	1.384765625	0.0	0.275390625	0.0	0.0	0.69384765625	1.212890625	0.2286376953125	0.1793212890625	1.3486328125	0.55517578125	1.478515625	0.2247314453125	0.54296875	0.71630859375	1.1572265625	0.0	0.82373046875	0.2320556640625	1.26953125	0.87744140625	0.68359375	0.339111328125	0.951171875	0.93212890625	0.69677734375	0.2320556640625	1.2763671875	1.5126953125	0.94189453125	0.08837890625	0.78857421875	0.63134765625	0.685546875	0.89794921875	0.46630859375	0.3544921875	2.10546875	1.037109375	0.47900390625	0.86376953125	0.0	1.7998046875	0.31494140625	0.86572265625	0.53466796875	1.1748046875	1.732421875	0.0	0.76513671875	0.2471923828125	0.31884765625	0.0	1.3349609375	0.79541015625	1.130859375	0.440673828125	1.193359375	1.1357421875	0.04486083984375	1.01953125	0.62255859375	0.433349609375	0.619140625	0.669921875	0.384033203125	1.259765625	0.0	0.0	0.65869140625	0.93603515625	0.64453125	0.66455078125	0.0067901611328125	0.401123046875	1.1220703125	1.3720703125	0.60009765625	0.94189453125	0.9697265625	0.28759765625	0.360595703125	0.0	1.080078125	0.272705078125	1.517578125	0.9384765625	0.383544921875	0.40771484375	0.830078125	0.408203125	0.5859375	1.5986328125	0.304931640625	0.880859375	0.68505859375	0.92041015625	0.192138671875	0.6318359375	0.490966796875	0.335205078125	0.64453125	0.337158203125	0.0	1.248046875	1.34375	0.71435546875
0.0	0.56298828125	0.162353515625	0.0	1.291015625	1.2919921875	0.96044921875	0.0	0.006641387939453125	0.392578125	0.4482421875	1.1201171875	0.0	0.1009521484375	0.0	1.1884765625	1.4580078125	1.576171875	1.1826171875	1.029296875	1.189453125	1.8310546875	1.3984375	0.0	0.0	0.391357421875	0.1529541015625	0.2337646484375	1.224609375	0.5791015625	1.4453125	0.0	0.06378173828125	0.0	0.0	1.470703125	1.44140625	0.0	1.1201171875	0.0	0.8525390625	0.395263671875	0.3076171875	0.2294921875	0.0	0.062042236328125	1.630859375	0.0	1.1806640625	2.2421875	0.0	0.0	1.3203125	0.962890625	1.50390625	1.04296875	1.7744140625	0.0	1.224609375	0.1248779296875	0.0	0.0	0.0	0.8564453125	0.0	1.13671875	0.3515625	0.0	1.9580078125	0.3466796875	0.58935546875	0.061248779296875	1.00390625	0.0	1.7021484375	0.0	1.23828125	0.0	0.76953125	1.111328125	0.0	1.220703125	0.0	0.005496978759765625	1.455078125	0.623046875	1.310546875	2.423828125	0.0	0.0	0.0	1.0693359375	0.460205078125	2.939453125	0.0	0.432861328125	0.0	0.0	0.1436767578125	0.499267578125	1.2763671875	0.0	0.0	0.0	0.0	0.1890869140625	0.0	0.52734375	0.382568359375	0.0	0.08563232421875	0.0	0.826171875	0.0	0.802734375	2.171875	1.451171875	0.0	0.302734375	0.89404296875	0.0	0.68505859375	0.2900390625	0.482421875	0.0	2.12890625	0.83154296875	1.177734375
0.2587890625	0.87451171875	0.7490234375	1.1982421875	0.9921875	0.6708984375	0.75439453125	0.93603515625	0.18798828125	0.77783203125	0.8505859375	0.39111328125	0.18115234375	0.5400390625	0.0	1.9482421875	0.70068359375	0.83251953125	1.03515625	0.9091796875	1.130859375	1.2353515625	0.78076171875	0.0	0.1270751953125	0.426513671875	0.82080078125	0.8359375	1.5244140625	0.0	0.5830078125	0.1265869140625	0.287109375	0.0	0.39794921875	0.548828125	1.068359375	0.2041015625	0.92529296875	0.279296875	0.456787109375	0.537109375	0.0	0.06329345703125	0.59814453125	0.2181396484375	0.198974609375	0.0	0.306640625	0.393310546875	0.94580078125	0.291748046875	0.94482421875	0.0	0.0	0.99560546875	0.1685791015625	0.1798095703125	0.61962890625	0.7890625	0.42626953125	0.58740234375	0.0	1.0419921875	0.342529296875	0.4541015625	1.2509765625	1.380859375	1.58984375	0.0	0.693359375	0.0	0.8876953125	0.0	1.2734375	0.86767578125	1.296875	0.0	0.95263671875	1.359375	0.0156097412109375	0.7177734375	0.72998046875	0.90185546875	1.4599609375	1.099609375	0.81005859375	1.306640625	0.0	0.0	0.1837158203125	0.51904296875	0.333740234375	1.0908203125	0.350341796875	0.51318359375	0.955078125	0.916015625	0.282470703125	0.3779296875	1.125	0.0281982421875	0.0	0.0	1.259765625	0.10321044921875	0.85546875	0.81640625	0.42236328125	1.0654296875	0.87060546875	0.0	1.4296875	0.041107177734375	0.61669921875	1.4580078125	1.1689453125	0.40380859375	0.75048828125	0.383544921875	0.83447265625	0.0	0.68896484375	1.2412109375	0.281982421875	1.22265625	1.306640625	0.136474609375
0.0	0.6982421875	0.480712890625	1.2236328125	0.94580078125	0.328125	0.5673828125	0.0	1.09375	1.115234375	1.08203125	1.87109375	0.5029296875	0.495849609375	0.45947265625	0.3603515625	1.080078125	0.716796875	0.12469482421875	1.01953125	0.732421875	0.87255859375	0.003204345703125	0.0	0.0	0.0	0.84619140625	0.9033203125	1.0869140625	0.269287109375	0.927734375	0.0	0.50830078125	0.0	0.0	0.0	1.033203125	0.29736328125	0.68798828125	0.0	0.8720703125	1.142578125	0.0219879150390625	0.6796875	0.72900390625	0.88623046875	0.9013671875	0.412353515625	0.89990234375	2.27734375	0.67529296875	0.0	0.974609375	0.7060546875	1.291015625	0.32470703125	0.048492431640625	0.08966064453125	2.453125	0.69091796875	0.043121337890625	0.0	0.0	1.0751953125	0.0	1.5810546875	0.08380126953125	0.908203125	1.54296875	1.2490234375	0.96630859375	0.2529296875	0.0	0.3984375	1.85546875	0.1142578125	1.298828125	0.495361328125	1.06640625	0.94482421875	0.7880859375	1.4140625	0.0	0.0	1.171875	0.015777587890625	0.044677734375	0.0	0.0	0.0	0.63623046875	1.4072265625	0.2186279296875	0.14013671875	0.491455078125	0.445068359375	0.07098388671875	1.0498046875	0.775390625	0.246826171875	1.23046875	0.2178955078125	0.174560546875	0.78564453125	1.064453125	0.0	0.397705078125	0.7939453125	1.1923828125	0.5478515625	0.76416015625	0.0	0.74169921875	2.306640625	1.5283203125	0.61181640625	1.029296875	0.990234375	0.6279296875	0.272216796875	0.30029296875	0.216796875	0.5478515625	1.01171875	0.0	1.146484375	0.153564453125	1.013671875
0.0	1.703125	0.5537109375	0.65771484375	0.40283203125	0.86474609375	0.37744140625	1.3623046875	1.0947265625	0.2236328125	0.38134765625	0.385986328125	0.045928955078125	0.4208984375	0.93310546875	0.8603515625	0.8642578125	0.31787109375	1.2421875	1.4921875	1.9697265625	1.8232421875	0.17724609375	0.0	0.0	0.06561279296875	0.37646484375	0.88623046875	0.19287109375	0.0	1.005859375	0.5205078125	0.65478515625	0.0	0.70654296875	1.2158203125	1.4287109375	0.0	1.1298828125	0.1865234375	1.845703125	1.4462890625	0.493896484375	0.316162109375	0.984375	0.081298828125	0.005931854248046875	0.0501708984375	0.8759765625	1.8955078125	1.4296875	0.0	0.76611328125	0.09759521484375	0.896484375	1.052734375	1.0498046875	0.0252838134765625	1.923828125	1.6162109375	0.0	0.9599609375	0.0	1.2294921875	0.1513671875	0.416748046875	1.0185546875	1.26171875	1.8994140625	0.298583984375	0.5458984375	0.08343505859375	0.1829833984375	0.0	1.578125	0.95166015625	1.0029296875	0.456298828125	0.34326171875	1.1142578125	0.0	0.25146484375	0.27880859375	0.149169921875	0.4267578125	1.216796875	0.426025390625	1.90625	0.0	0.0	0.48291015625	1.443359375	0.0	0.71826171875	0.472412109375	0.0	1.0009765625	1.5703125	0.47607421875	0.33203125	0.31103515625	0.297119140625	0.0972900390625	0.0	0.904296875	0.0	0.8271484375	1.1748046875	0.39404296875	0.45361328125	0.97021484375	0.0	1.0537109375	1.955078125	0.0	1.5771484375	0.63916015625	0.56494140625	0.0	0.99658203125	0.70849609375	0.0	0.0	0.984375	0.0	1.26953125	1.3037109375	0.05926513671875
0.0	1.9033203125	0.0	0.0	0.69140625	0.45361328125	0.0	0.0	0.126953125	0.81640625	0.0	0.73681640625	0.1300048828125	0.082763671875	1.5478515625	0.0	1.322265625	1.61328125	0.0	0.6357421875	1.748046875	1.220703125	1.015625	0.059600830078125	0.0	0.0	0.07965087890625	0.0	1.0849609375	2.0546875	1.314453125	0.5859375	0.0	0.0	0.0	2.90234375	1.017578125	0.0	0.0	0.0	1.9501953125	1.0	2.046875	0.71826171875	0.0	0.4482421875	0.413330078125	0.0	2.134765625	2.525390625	0.2120361328125	0.0	1.236328125	0.0	1.59765625	1.3388671875	3.47265625	0.0	1.4912109375	2.275390625	0.0	0.058837890625	0.0	1.615234375	0.66943359375	2.189453125	0.0	0.0	1.8984375	0.93505859375	1.18359375	0.0	0.0	0.0	1.4365234375	0.7626953125	0.0	0.0	0.0	2.1328125	0.0	0.51025390625	0.0	0.0	0.689453125	0.478515625	1.203125	2.900390625	0.0	0.0	0.0	1.3408203125	0.0	1.517578125	0.0	1.181640625	0.99462890625	0.76220703125	0.0	0.94921875	0.184814453125	0.1494140625	0.0	0.0	0.470947265625	0.0	0.0	0.425048828125	0.74755859375	0.0	1.0537109375	0.0	0.0	2.232421875	0.63623046875	1.6201171875	0.9169921875	0.0	0.55419921875	1.6630859375	0.0	0.1982421875	0.0	0.0	0.0	2.130859375	0.4775390625	0.0
0.433349609375	1.1552734375	0.0	0.4306640625	1.572265625	0.0	0.55615234375	0.1253662109375	0.5234375	1.6474609375	1.4267578125	1.6533203125	1.0595703125	0.0	1.4130859375	0.0	0.62158203125	1.45703125	0.0	0.381591796875	1.0322265625	0.0	0.0	0.0	0.0	0.46337890625	1.841796875	0.2327880859375	1.060546875	1.6220703125	1.306640625	0.66357421875	1.03125	0.0	0.0	1.8505859375	0.80810546875	0.151611328125	0.0	0.0	0.409423828125	0.1915283203125	0.70751953125	0.331298828125	0.1400146484375	1.0888671875	0.271484375	0.0	1.3759765625	2.1796875	0.0	0.0	0.80712890625	0.496826171875	1.8447265625	0.8369140625	1.509765625	0.36181640625	2.416015625	0.0	0.0	0.33740234375	0.1343994140625	1.728515625	1.0302734375	2.43359375	0.0	0.82666015625	2.2265625	1.896484375	1.0947265625	0.01885986328125	0.342041015625	0.0	1.5341796875	0.13623046875	0.0	1.41796875	2.005859375	0.44580078125	0.90283203125	1.310546875	0.0	0.0	0.97314453125	0.0	0.64794921875	1.2392578125	0.0	0.051849365234375	0.71435546875	0.84912109375	0.501953125	2.828125	0.5234375	1.05859375	0.0	0.80859375	0.31982421875	0.38525390625	1.5556640625	0.0	0.0	0.79296875	0.488037109375	0.0	0.25	0.0	0.60302734375	0.009857177734375	1.373046875	0.0	0.0	2.189453125	0.93896484375	1.9365234375	0.8212890625	0.0	1.1298828125	0.0	0.0	0.30419921875	0.1810302734375	0.63525390625	0.0	1.337890625	0.1522216796875	1.353515625
0.0	1.64453125	1.2666015625	1.853515625	1.1435546875	0.0	0.0	0.0	0.935546875	1.8056640625	0.50048828125	1.54296875	0.0	0.0	0.11187744140625	1.029296875	0.92724609375	1.2705078125	0.0	0.354736328125	0.0	0.188720703125	0.53466796875	0.60693359375	0.283203125	0.5361328125	0.0	0.0	1.568359375	0.98486328125	0.0	0.454345703125	0.0	0.0	0.0	1.6142578125	0.6572265625	1.6796875	0.14208984375	0.0	0.8232421875	0.366943359375	0.55322265625	0.5263671875	0.0	0.0	1.0732421875	0.0034770965576171875	0.41064453125	0.98974609375	0.96875	0.0	1.0625	0.0	0.0	0.609375	0.83544921875	0.390869140625	0.11383056640625	0.65380859375	0.73046875	0.9443359375	0.3603515625	1.9599609375	1.65625	1.0869140625	0.0	0.9541015625	0.0	1.1142578125	0.97802734375	0.7509765625	0.44189453125	0.0	1.2109375	0.7822265625	0.453125	0.0221405029296875	0.5791015625	0.81787109375	1.0126953125	0.0	0.0	0.09423828125	1.5009765625	0.3984375	0.0	0.64599609375	0.0	0.0	0.300048828125	1.380859375	0.1273193359375	0.353515625	0.1070556640625	0.91845703125	0.0	1.740234375	0.0	0.0	0.95751953125	0.495361328125	0.0	0.08807373046875	0.7919921875	0.0	0.0	0.06475830078125	0.1201171875	0.955078125	0.38525390625	0.0	0.1451416015625	2.55859375	1.7412109375	1.453125	0.417724609375	0.0643310546875	1.080078125	1.2734375	0.478515625	0.33447265625	0.80126953125	0.270751953125	0.0	1.3212890625	0.0	0.154052734375
0.0	0.763671875	0.0	0.0	1.095703125	0.0	0.54931640625	0.331787109375	1.7099609375	2.078125	1.0693359375	0.67138671875	0.2705078125	0.0	2.890625	0.0	0.798828125	2.1484375	0.0	0.283203125	1.4033203125	0.0	0.223388671875	0.0	0.0	0.002521514892578125	1.64453125	0.0	1.3173828125	2.025390625	1.5498046875	0.767578125	1.138671875	0.0	0.0	1.79296875	0.9296875	0.0	0.0	0.0	1.16796875	0.1466064453125	0.82861328125	0.572265625	0.0	1.2724609375	1.3388671875	0.0	1.095703125	1.52734375	0.0	0.0	0.935546875	0.01026153564453125	2.830078125	0.9560546875	1.232421875	0.331298828125	2.90625	0.29150390625	0.0	0.0	0.0	2.166015625	0.69921875	3.27734375	0.0	0.65234375	3.06640625	1.6923828125	0.9609375	0.0	0.5048828125	0.0	1.443359375	1.1962890625	0.0	0.99169921875	2.50390625	0.1552734375	0.81640625	1.2021484375	0.0	0.0	1.3193359375	0.0	1.09765625	1.853515625	0.0	0.0	0.78515625	1.6162109375	0.52587890625	2.02734375	0.0	1.0126953125	0.41357421875	0.62841796875	0.5576171875	0.7255859375	1.0322265625	0.0	0.0	1.1796875	0.39990234375	0.0	1.5791015625	0.055999755859375	0.935546875	0.0	1.1806640625	0.0	0.0	3.50390625	0.97998046875	0.10345458984375	0.1461181640625	0.0	1.5634765625	0.0	0.0	0.47412109375	0.182373046875	0.322509765625	0.0	1.3427734375	0.98681640625	0.65771484375
0.0	0.689453125	0.307861328125	0.56298828125	1.134765625	0.0	0.413818359375	0.2158203125	0.95361328125	1.3525390625	1.3818359375	1.3681640625	0.0	0.430419921875	0.9677734375	0.3974609375	0.59423828125	0.693359375	0.35302734375	1.0263671875	1.357421875	0.744140625	0.10772705078125	0.2265625	0.0	0.11895751953125	0.99560546875	0.47021484375	0.62451171875	0.9404296875	1.271484375	0.2861328125	0.4541015625	0.0	0.0	0.74560546875	1.47265625	0.0	0.701171875	0.0	1.712890625	1.009765625	0.112060546875	0.17578125	0.82177734375	1.0048828125	0.023895263671875	0.0	1.453125	2.265625	1.1943359375	0.0	0.9150390625	0.0	0.900390625	1.17578125	1.3779296875	0.2054443359375	2.1640625	1.14453125	0.0	0.2347412109375	0.0	1.1611328125	0.60205078125	1.58203125	0.63916015625	0.78466796875	1.736328125	0.250244140625	0.9267578125	0.0	0.481689453125	0.07366943359375	1.6826171875	0.447998046875	0.3935546875	0.18798828125	0.77001953125	1.390625	0.0	1.0712890625	0.0	0.417724609375	0.77978515625	0.0	0.1802978515625	0.80615234375	0.0	0.0	0.3056640625	0.41748046875	0.0	1.55078125	0.194580078125	1.041015625	0.256103515625	0.63623046875	0.68505859375	0.62353515625	0.82373046875	0.0	0.0	0.00927734375	1.34375	0.0	1.591796875	0.951171875	1.1240234375	0.0	0.58447265625	0.0	0.0	2.744140625	0.970703125	1.1689453125	1.0419921875	0.642578125	1.2216796875	0.0299530029296875	0.0	0.0	0.060791015625	0.662109375	0.0	1.080078125	1.2451171875	1.1474609375
0.27880859375	1.908203125	1.8232421875	2.462890625	0.87353515625	0.14599609375	0.3359375	0.7578125	0.0	1.1591796875	0.270751953125	1.501953125	0.7265625	0.1529541015625	0.205810546875	1.701171875	0.487548828125	0.6748046875	0.66064453125	1.181640625	0.33984375	1.0673828125	0.41796875	0.88525390625	0.0	0.264892578125	0.9208984375	0.85302734375	0.91845703125	0.0	0.194091796875	0.455810546875	0.380615234375	0.28369140625	0.27490234375	0.367431640625	1.876953125	0.935546875	0.6240234375	0.09954833984375	0.323974609375	0.58837890625	0.0	0.02191162109375	0.51611328125	0.0	0.0	0.2152099609375	1.0654296875	0.568359375	1.55078125	0.2225341796875	0.71533203125	0.0	0.0	1.15234375	0.09381103515625	0.52099609375	0.0	1.0185546875	1.287109375	1.2841796875	0.0	1.3154296875	0.87939453125	0.1236572265625	0.1722412109375	1.9150390625	0.57421875	0.045654296875	0.82470703125	0.207275390625	0.338623046875	0.0	1.5146484375	0.84228515625	0.417724609375	0.0	0.196533203125	1.490234375	1.1435546875	0.1363525390625	0.158935546875	0.5712890625	0.8359375	0.60205078125	0.0	0.0	0.0	0.0	0.0419921875	0.87451171875	0.0	0.0	0.342041015625	0.61376953125	0.447998046875	1.65625	0.288330078125	0.0	0.60498046875	0.078857421875	0.255859375	0.0	1.119140625	0.0	0.0	0.9482421875	0.048797607421875	0.666015625	0.9384765625	0.0	0.4599609375	0.0	0.85009765625	1.8212890625	1.0498046875	0.9921875	0.6171875	0.405029296875	0.978515625	0.0218963623046875	0.69775390625	0.1707763671875	0.1282958984375	0.767578125	0.421875	0.33251953125
0.0	1.7666015625	0.0	0.0	1.2138671875	0.0	0.0221099853515625	1.736328125	0.576171875	0.88818359375	0.0	0.0	0.0	0.0	0.0	0.0	1.537109375	1.87109375	0.0	0.232421875	0.008544921875	0.87646484375	0.55712890625	0.0	0.0	0.494140625	0.0	0.0	1.0009765625	1.0107421875	0.0	0.2086181640625	1.5810546875	0.0	0.0	1.1123046875	0.0	0.79541015625	0.0	0.0	2.150390625	0.9521484375	0.493896484375	0.019989013671875	0.0	0.0	1.0888671875	0.0	0.431396484375	0.515625	1.447265625	0.0	0.6708984375	0.0	0.0	1.2431640625	1.8701171875	0.0	0.42333984375	1.5654296875	0.54150390625	1.1015625	0.0	2.23046875	1.0771484375	0.85302734375	0.0	0.0	1.060546875	0.5810546875	1.771484375	0.0	0.0	0.0	1.3837890625	1.658203125	0.90673828125	0.0	0.0	1.4609375	0.0	0.0	0.0	0.0	1.1396484375	0.5556640625	0.0	1.3916015625	0.0	0.0	0.0	0.57666015625	0.0	0.0	0.11083984375	1.6640625	1.265625	1.3134765625	0.41357421875	0.0	0.07958984375	0.0	0.0	0.0	0.7822265625	0.0	0.10675048828125	0.818359375	0.0	0.0	1.037109375	0.0	0.0	2.44140625	0.64501953125	0.0	0.1998291015625	0.0	0.0	1.6162109375	0.3173828125	0.0	0.63232421875	0.0	0.0	1.578125	1.455078125	0.0
0.0	1.2529296875	1.1865234375	1.1083984375	0.300048828125	0.270751953125	0.720703125	0.0	1.533203125	0.6103515625	1.1279296875	1.87109375	0.0	0.0	1.310546875	1.5869140625	1.3212890625	0.82958984375	0.44873046875	1.390625	0.8017578125	0.09381103515625	0.46875	0.0	0.0	0.359130859375	0.1209716796875	0.0	0.5830078125	0.0	0.0	0.60107421875	0.4267578125	0.0	0.0	1.9990234375	0.85400390625	0.8046875	0.65283203125	0.0	1.8671875	1.185546875	0.8046875	0.65625	0.6201171875	0.1480712890625	1.1533203125	1.1669921875	0.50634765625	1.9677734375	0.505859375	0.0	0.96533203125	0.6708984375	0.90087890625	0.36376953125	0.9833984375	0.1614990234375	1.4111328125	0.050750732421875	0.27001953125	0.97314453125	1.1982421875	1.67578125	0.634765625	1.24609375	0.0	1.1220703125	0.6806640625	1.484375	0.6708984375	1.1630859375	0.2734375	0.0	1.408203125	0.0	0.216552734375	1.2470703125	1.7109375	0.105224609375	0.1171875	0.54150390625	0.0	0.36572265625	0.271484375	0.810546875	0.0	1.3916015625	0.0	0.0	1.21484375	2.04296875	0.61865234375	1.4482421875	0.31787109375	0.3623046875	0.0	1.80078125	0.0	0.0	1.5283203125	0.60400390625	0.0	0.0	0.430908203125	0.0	0.0	0.880859375	0.0	1.66015625	0.7451171875	0.05792236328125	1.041015625	2.412109375	1.4248046875	1.462890625	0.0	0.3662109375	1.0146484375	0.7509765625	0.3349609375	0.72509765625	0.0	1.3232421875	0.05572509765625	1.076171875	0.0	0.599609375
0.0	0.0	1.162109375	0.0	3.421875	0.0	0.0	0.080810546875	0.0	0.2476806640625	0.0	0.0	0.8095703125	0.0	0.083251953125	0.0	0.0	2.69140625	0.0	0.0	0.0	0.0	0.0	0.0	0.0	1.583984375	0.0	0.0	0.0	3.423828125	0.0	2.283203125	0.66455078125	0.0	0.0	0.0	0.0	5.2109375	0.0	0.0	0.0	0.669921875	1.61328125	0.0	0.0	0.0	1.0830078125	0.0	0.0	0.0	0.6455078125	0.0	0.0	0.0	0.0	5.515625	1.283203125	2.271484375	0.0	0.27734375	3.09765625	0.0	0.0	0.5029296875	1.65234375	0.0	0.0	0.0	0.0	0.0	3.875	0.0	0.0	5.34375	0.0	0.0	0.0	0.0	0.0	2.013671875	0.5087890625	0.0	1.6953125	0.0	0.0	0.0	0.2294921875	0.0	0.3837890625	0.0	0.0	0.0	0.0	0.0	0.0	1.9453125	1.6123046875	0.0	3.98046875	0.0	0.0	0.0	0.0	0.0	0.0	0.0	5.7265625	0.0	0.260986328125	0.0	0.0	0.0	0.0	0.0	2.716796875	0.0	4.62109375	0.0	0.0	1.486328125	0.0	2.70703125	3.1640625	2.365234375	0.0	0.7529296875	0.0	0.0
0.0	0.0	0.308837890625	1.1728515625	2.494140625	0.0	0.0	1.669921875	0.0	1.7333984375	0.0	0.0287933349609375	0.2109375	0.0	0.0	0.0	0.150634765625	0.75439453125	0.0	0.0	0.0	0.0	0.1746826171875	0.0	0.80078125	2.587890625	0.0	0.0	1.7265625	0.82861328125	0.0	0.51513671875	2.103515625	0.0	0.0	0.89990234375	0.0	2.322265625	0.0	0.0	0.0	0.0	0.0	0.117431640625	0.0	0.0	0.171630859375	0.0	0.0	0.0	1.30078125	0.1751708984375	0.0	0.0	0.0	0.484619140625	0.0101165771484375	0.58935546875	0.0	0.435546875	2.7890625	0.5048828125	0.0	0.6611328125	2.3359375	0.0	0.0	1.404296875	0.0	0.33349609375	1.73046875	0.0	0.0	0.91357421875	1.001953125	1.099609375	0.351806640625	0.0	0.61279296875	1.14453125	0.0	0.0	0.59619140625	0.0	0.85205078125	0.0	0.0	0.0	0.0	0.0	0.0	0.0	0.0	0.0	0.26953125	2.296875	1.02734375	0.5244140625	0.488037109375	0.0	0.8837890625	0.0	0.0	0.0	1.306640625	0.0	0.498291015625	0.15673828125	0.0	2.048828125	1.6220703125	0.0	0.0	0.0	1.9208984375	1.3486328125	1.0966796875	0.0	0.0	0.7861328125	0.5263671875	0.0	1.384765625	1.68359375	0.89990234375	0.0	0.0	0.0
0.12158203125	0.48291015625	0.0	0.0	0.311279296875	0.0	0.0	0.0	0.0	3.478515625	1.09765625	0.0	1.4521484375	0.0	0.0	0.0	0.0	0.677734375	0.1317138671875	0.0	0.0	0.0	0.0	0.0	0.5517578125	0.80517578125	0.0	0.0	0.263427734375	0.83447265625	1.48828125	0.0	0.0	0.0	0.0	0.0164794921875	0.37548828125	1.078125	0.0	0.0	0.0	0.0	2.41015625	0.0	0.0	0.0	0.5205078125	0.0	0.1484375	0.0	0.0	0.0	0.0	1.3603515625	0.0	2.74609375	0.603515625	2.03125	0.0	0.0	1.630859375	0.0	0.0	0.0	0.0	1.6171875	0.0	0.0	0.396240234375	0.0	0.54345703125	0.0	0.0	1.7275390625	0.13427734375	0.0	0.0	1.05859375	0.0	0.68115234375	0.484130859375	0.08416748046875	0.0	0.0	1.2734375	0.0	2.44921875	0.0	0.0	0.0	0.0	0.0	0.0	0.0	0.0	0.94873046875	0.0	0.0	1.703125	0.0	0.0	0.0	0.0	2.240234375	0.89990234375	0.28955078125	2.4375	0.0	0.0	0.0	0.0	0.0	0.0	0.0	2.22265625	0.0	2.8125	0.0	1.4716796875	0.0	0.0	0.166748046875	1.8720703125	1.974609375	0.44482421875	0.0	1.53125	0.0
0.250732421875	1.603515625	0.050689697265625	1.44921875	0.334716796875	0.36181640625	0.84716796875	0.0	0.1614990234375	0.9228515625	1.0009765625	1.3916015625	0.26708984375	0.1475830078125	0.37255859375	1.529296875	0.73583984375	0.64453125	0.409912109375	1.3173828125	0.62646484375	0.52392578125	0.398681640625	0.0	0.287353515625	0.48095703125	0.8857421875	0.576171875	1.0859375	0.0	0.7744140625	0.421630859375	0.48486328125	0.1844482421875	0.0513916015625	1.0205078125	1.44140625	0.443115234375	0.60693359375	0.0	0.1522216796875	0.0	0.0	0.0	0.269775390625	0.0	0.00714874267578125	1.1455078125	1.255859375	0.478271484375	0.033843994140625	0.0	1.0693359375	0.431884765625	0.2919921875	1.447265625	0.25	0.7060546875	0.27685546875	0.0	1.3076171875	0.447021484375	1.162109375	1.23046875	0.2239990234375	0.80224609375	0.0	0.468994140625	1.5126953125	0.8046875	0.51171875	1.0908203125	0.76708984375	0.0	1.3662109375	0.0	0.0	0.548828125	0.2401123046875	0.771484375	0.7099609375	0.87451171875	0.4677734375	0.6474609375	1.220703125	0.322998046875	0.95947265625	0.487548828125	0.0	0.0	0.455322265625	1.23046875	0.662109375	0.39599609375	0.005702972412109375	0.211669921875	0.0	1.060546875	0.0	0.0	0.5732421875	0.0	0.1624755859375	0.185791015625	0.5078125	0.17626953125	0.0	0.0	0.0	0.73046875	0.72119140625	0.044677734375	0.6923828125	0.55322265625	2.1015625	0.82275390625	1.5146484375	0.355224609375	1.2197265625	0.0506591796875	0.37158203125	0.031524658203125	0.68017578125	1.134765625	0.81494140625	1.322265625	0.0	0.149169921875
0.0	0.37158203125	2.8203125	1.2529296875	1.7587890625	0.0	0.0	2.091796875	0.0	1.029296875	0.0	0.01268768310546875	0.0	0.0	0.0	0.0	1.8212890625	1.9228515625	0.0	0.0	0.0	1.4931640625	0.474365234375	0.0	0.0	0.9130859375	0.0	0.170166015625	1.607421875	1.0712890625	0.0	0.0	2.294921875	0.0	0.0	0.050628662109375	0.0	1.5224609375	0.0	0.0	0.2119140625	1.03125	0.1258544921875	0.0	0.0	0.0	1.53515625	0.0	0.02734375	0.69580078125	1.453125	0.0	0.164306640625	0.0	0.0	1.2255859375	1.8583984375	0.285888671875	0.0	0.0	1.66796875	0.0	0.0	1.5908203125	0.0	0.51220703125	0.0	0.0	0.0	0.0	2.26171875	0.0	0.0	0.0	1.3095703125	1.140625	1.302734375	0.0	0.0	1.349609375	0.474853515625	0.0	0.0	0.0	0.994140625	0.0	0.0	0.0	0.0	0.0	0.0	0.0	0.0	0.0	0.0	2.005859375	0.372802734375	0.0	1.39453125	0.0	0.99267578125	0.0	0.0	0.298583984375	1.1083984375	0.0	0.49462890625	1.26171875	0.0	0.05352783203125	0.85546875	0.0	0.0	2.275390625	0.380126953125	3.0703125	2.1953125	0.0	0.0	0.0	0.0	0.1893310546875	1.5361328125	0.9052734375	0.0	1.5439453125	1.9189453125	0.0
0.0	0.0	0.478759765625	0.0	3.537109375	0.0	0.0	0.67333984375	0.0	0.2271728515625	0.0	0.0	0.0	0.0	0.0	0.0	0.0	3.490234375	0.0	0.0	0.0	0.0	1.1240234375	0.0	0.0	3.017578125	0.0	0.0	0.0	3.650390625	0.0	2.220703125	1.9560546875	0.0	0.0	0.0	0.0	7.2265625	0.0	0.0	0.0	0.0	0.0	0.0	0.0	0.0	0.5244140625	0.0	0.0	0.0	0.92236328125	0.0	0.0	0.0	0.0	7.73828125	0.556640625	3.158203125	0.0	0.85595703125	5.83984375	0.0	0.0	0.0	0.83740234375	0.0	0.0	0.0	0.0	0.0	6.2109375	0.0	0.0	4.4921875	0.288818359375	0.0	0.0	0.0	0.0	3.61328125	0.0	0.0	2.576171875	0.0	0.0	0.0	0.0	0.0	0.0	0.0	0.0	0.0	0.0	0.0	0.0	2.765625	2.21484375	0.0	4.73828125	0.0	0.0	0.0	0.0	0.0	0.0	0.0	5.01953125	0.0	0.0	0.0	0.0	0.0	0.0	0.0	3.580078125	0.0	7.41796875	0.0	0.0	3.01171875	0.0	3.615234375	3.751953125	0.55615234375	0.471435546875	0.06402587890625	0.0	0.0
